puf_publication_year,claims_year,claims_year_verified,state,issuer_id,issuer_name,claims_received_total_reported,claims_denied_total_reported,internal_appeals_filed,internal_appeals_overturned,external_appeals_filed,external_appeals_overturned,claims_received_in_network,claims_received_out_of_network,claims_denied_in_network,claims_denied_out_of_network,claims_received_total,claims_denied_total,denial_rate_total,denial_rate_in_network,internal_appeal_rate,internal_reversal_rate,external_reversal_rate,claims_resubmitted_in_network,claims_resubmitted_out_of_network,plan_count,product_count,network_count,service_area_count,new_plan_count,market_merge,median_age40_premium,mean_age40_premium,minimum_age40_premium,rated_plans,rating_areas,premium_merge
2017,2015,True,AK,38344,Premera Blue Cross Blue Shield of Alaska,192232.0,12958.0,128.0,51.0,,,,,,,192232.0,12958.0,0.0674081318406925,,0.0098780676030251,0.3984375,,,,18.0,5.0,1.0,1.0,0.0,both,589.5,593.2222222222222,465.0,18.0,3.0,both
2017,2015,True,AL,46944,Blue Cross and Blue Shield of Alabama,5527156.0,1006909.0,482.0,125.0,58.0,27.0,,,,,5527156.0,1006909.0,0.182174883430104,,0.0004786927120524,0.2593360995850622,0.4655172413793103,,,8.0,8.0,1.0,1.0,1.0,both,269.115,281.8039423076923,169.72,8.0,13.0,both
2017,2015,True,AR,37903,"QualChoice Life & Health Insurance Company, Inc.",141528.0,80440.0,11.0,,,,,,,,141528.0,80440.0,0.5683680967723701,,0.0001367478866235,,,,,14.0,1.0,1.0,7.0,14.0,both,391.19,387.2342857142857,335.13,14.0,7.0,both
2017,2015,True,AR,62141,Celtic Insurance Company,1289389.0,178994.0,55.0,19.0,,,,,,,1289389.0,178994.0,0.1388207903123107,,0.0003072728694816,0.3454545454545454,,,,18.0,3.0,1.0,1.0,0.0,both,304.11,302.4755555555556,209.8,18.0,7.0,both
2017,2015,True,AR,70525,"QCA Health Plan, Inc.",264711.0,62924.0,44.0,11.0,10.0,,,,,,264711.0,62924.0,0.2377082931952204,,0.0006992562456296,0.25,,,,28.0,1.0,1.0,7.0,9.0,both,317.625,303.2325,143.5,28.0,7.0,both
2017,2015,True,AR,75293,USAble Mutual Insurance Company,4711988.0,738990.0,1331.0,512.0,15.0,,,,,,4711988.0,738990.0,0.1568318934598305,,0.0018011069161964,0.3846731780616078,,,,12.0,12.0,2.0,2.0,1.0,both,277.92499999999995,279.56142857142856,202.58,12.0,7.0,both
2017,2015,True,AZ,53901,"Blue Cross and Blue Shield of Arizona, Inc.",1289730.0,134627.0,561.0,150.0,44.0,,,,,,1289730.0,134627.0,0.1043838632892155,,0.0041670690129023,0.267379679144385,,,,56.0,20.0,4.0,3.0,43.0,both,282.15,285.3381632653061,129.59,56.0,7.0,both
2017,2015,True,AZ,91450,"Health Net of Arizona, Inc.",704480.0,24157.0,226.0,183.0,47.0,,,,,,704480.0,24157.0,0.0342905405405405,,0.0093554663244608,0.8097345132743363,,,,10.0,1.0,1.0,1.0,6.0,both,219.68,213.103,126.59,10.0,3.0,both
2017,2015,True,DE,29497,Aetna Life Insurance Company,35609.0,4577.0,12.0,,,,,,,,35609.0,4577.0,0.1285349209469516,,0.0026218046755516,,,,,5.0,1.0,1.0,1.0,5.0,both,336.95,319.594,250.17,5.0,1.0,both
2017,2015,True,DE,67190,Aetna Health Inc. (a PA corp.),29001.0,4057.0,12.0,,,,,,,,29001.0,4057.0,0.1398917278714527,,0.0029578506285432,,,,,5.0,1.0,1.0,1.0,5.0,both,326.9,310.056,242.7,5.0,1.0,both
2017,2015,True,DE,76168,Highmark BCBSD Inc.,1079088.0,200823.0,30.0,10.0,,,,,,,1079088.0,200823.0,0.1861043770294915,,0.0001493852795745,0.3333333333333333,,,,15.0,5.0,2.0,2.0,2.0,both,357.8,332.5573333333333,218.67,15.0,1.0,both
2017,2015,True,FL,16842,Blue Cross and Blue Shield of Florida,10297439.0,757920.0,1382.0,224.0,83.0,33.0,,,,,10297439.0,757920.0,0.0736027666684891,,0.0018234114418408,0.1620839363241678,0.3975903614457831,,,18.0,2.0,2.0,2.0,2.0,both,390.9,398.044051627385,230.92,18.0,67.0,both
2017,2015,True,FL,21663,Celtic Insurance Company,,,,,,,,,,,,,,,,,,,,,,,,,left_only,,,,,,left_only
2017,2015,True,FL,30252,"Health Options, Inc.",2750133.0,234838.0,250.0,100.0,38.0,11.0,,,,,2750133.0,234838.0,0.0853915065198664,,0.0010645636566484,0.4,0.2894736842105263,,,8.0,1.0,1.0,1.0,1.0,both,381.565,382.31208333333336,250.67,8.0,45.0,both
2017,2015,True,FL,35783,"Humana Medical Plan, Inc.",2385243.0,613317.0,1153.0,635.0,246.0,44.0,,,,,2385243.0,613317.0,0.2571297767145737,,0.0018799413680038,0.5507372072853426,0.1788617886178861,,,35.0,2.0,4.0,6.0,0.0,both,274.59,279.2288311688312,165.03,35.0,13.0,both
2017,2015,True,FL,54172,"Molina Healthcare of Florida, Inc",805433.0,177575.0,376.0,134.0,,,,,,,805433.0,177575.0,0.2204714731082535,,0.0021174151766859,0.3563829787234042,,,,3.0,1.0,1.0,1.0,0.0,both,287.31,284.04,233.43,3.0,3.0,both
2017,2015,True,FL,56503,"Florida Health Care Plan, Inc.",127405.0,5408.0,35.0,16.0,,,,,,,127405.0,5408.0,0.0424473136847062,,0.0064718934911242,0.4571428571428571,,,,40.0,20.0,1.0,1.0,20.0,both,360.65,370.029,247.29,40.0,4.0,both
2017,2015,True,GA,49046,"Blue Cross Blue Shield Healthcare Plan of Georgia, Inc.",2653593.0,625768.0,241.0,121.0,,,,,,,2653593.0,625768.0,0.235819132775825,,0.0003851267562419,0.5020746887966805,,,,13.0,2.0,2.0,2.0,0.0,both,287.39,292.27384615384614,165.5,13.0,16.0,both
2017,2015,True,GA,70893,Ambetter of Peach State Inc.,,,,,,,,,,,,,,,,,,,,,,,,,left_only,,,,,,left_only
2017,2015,True,GA,83761,Alliant Health Plans,306637.0,86064.0,,,25.0,,,,,,306637.0,86064.0,0.2806706300935634,,,,,,,20.0,1.0,1.0,1.0,0.0,both,313.23,312.8369285714286,240.74,20.0,7.0,both
2017,2015,True,GA,89942,Kaiser Foundation Health Plan of Georgia,69967.0,6825.0,108.0,44.0,,,,,,,69967.0,6825.0,0.0975459859648119,,0.0158241758241758,0.4074074074074074,,,,10.0,1.0,1.0,1.0,1.0,both,328.5,304.7,189.0,10.0,6.0,both
2017,2015,True,GA,93332,"Humana Employers Health Plan of Georgia, Inc.",595781.0,163123.0,1933.0,978.0,619.0,122.0,,,,,595781.0,163123.0,0.2737969153094845,,0.0118499537159076,0.5059493016037248,0.197092084006462,,,27.0,2.0,5.0,5.0,10.0,both,273.03,289.61861702127663,169.68,27.0,12.0,both
2017,2015,True,HI,18350,Hawaii Medical Service Association,,,,,,,,,,,,,,,,,,,,,,,,,left_only,,,,,,left_only
2017,2015,True,HI,60612,"Kaiser Foundation Health Plan, Inc.",,,,,,,,,,,,,,,,,,,,,,,,,left_only,,,,,,left_only
2017,2015,True,IA,18973,Aetna Health of Iowa Inc.,953382.0,150126.0,247.0,113.0,,,,,,,953382.0,150126.0,0.1574667866605411,,0.0016452846275795,0.4574898785425101,,,,56.0,8.0,12.0,12.0,35.0,both,246.29,250.02044642857143,152.8,56.0,7.0,both
2017,2015,True,IA,27651,"Gundersen Health Plan, Inc.",883.0,2022.0,,,,,,,,,883.0,2022.0,2.289920724801812,,,,,,,16.0,2.0,1.0,1.0,0.0,both,375.94,389.129375,255.13,16.0,2.0,both
2017,2015,True,IA,93078,Medica Insurance Company,,,,,,,,,,,,,,,,,,,,,,,,,left_only,,,,,,left_only
2017,2015,True,IL,20129,"Health Alliance Medical Plans, Inc.",551708.0,3996.0,,,,,,,,,551708.0,3996.0,0.0072429618566343,,,,,,,19.0,5.0,1.0,1.0,19.0,both,295.15,299.2189473684211,203.55,19.0,9.0,both
2017,2015,True,IL,27833,Celtic Insurance Company,,,,,,,,,,,,,,,,,,,,,,,,,left_only,,,,,,left_only
2017,2015,True,IL,36096,Blue Cross Blue Shield of Illinois,5282618.0,749185.0,945.0,103.0,17.0,,,,,,5282618.0,749185.0,0.1418207790152534,,0.0012613706894825,0.1089947089947089,,,,65.0,4.0,4.0,13.0,5.0,both,279.18,288.12832535885167,153.73,65.0,13.0,both
2017,2015,True,IL,58288,"Humana Health Plan, Inc.",2517.0,791.0,11.0,,,,,,,,2517.0,791.0,0.3142630115216527,,0.0139064475347661,,,,,18.0,1.0,3.0,3.0,0.0,both,288.475,307.8186666666667,197.16,18.0,5.0,both
2017,2015,True,IN,17575,Anthem Ins Companies Inc(Anthem BCBS),3951756.0,858990.0,547.0,82.0,,,,,,,3951756.0,858990.0,0.2173691897981555,,0.0006367943747889,0.149908592321755,,,,12.0,3.0,2.0,2.0,0.0,both,289.44,303.744068627451,168.45,12.0,17.0,both
2017,2015,True,IN,54192,"CareSource Indiana, Inc.",203819.0,65469.0,730.0,529.0,,,,,,,203819.0,65469.0,0.3212114670369298,,0.0111503154164566,0.7246575342465753,,,,12.0,2.0,2.0,2.0,12.0,both,317.44,331.56439393939394,171.1,12.0,11.0,both
2017,2015,True,IN,62033,"MDwise Marketplace, Inc.",6788530.0,1659811.0,1774.0,158.0,,,,,,,6788530.0,1659811.0,0.2445022707419721,,0.0010687963870585,0.089064261555806,,,,5.0,1.0,1.0,1.0,5.0,both,347.295,356.92775,251.96,5.0,16.0,both
2017,2015,True,IN,76179,Celtic Insurance Company,,,,,,,,,,,,,,,,,,,,,,,,,left_only,,,,,,left_only
2017,2015,True,KS,27811,"BlueCross BlueShield Kansas Solutions, Inc.",330632.0,12624.0,38.0,,,,,,,,330632.0,12624.0,0.0381814222458806,,0.0030101394169835,,,,,3.0,1.0,1.0,1.0,3.0,both,200.68,209.49571428571429,172.65,3.0,7.0,both
2017,2015,True,LA,19636,"HMO Louisiana, Inc.",1078158.0,421585.0,260.0,132.0,,,,,,,1078158.0,421585.0,0.3910233936027929,,0.0006167202343536,0.5076923076923077,,,,19.0,3.0,3.0,3.0,2.0,both,364.375,349.0781666666666,193.4,19.0,5.0,both
2017,2015,True,LA,44965,"Humana Health Benefit Plan of Louisiana, Inc.",127753.0,32445.0,41.0,14.0,15.0,,,,,,127753.0,32445.0,0.2539666387482094,,0.0012636769918323,0.3414634146341463,,,,12.0,2.0,2.0,2.0,0.0,both,320.87,311.935,196.35,12.0,1.0,both
2017,2015,True,LA,67243,"Vantage Health Plan, Inc.",119887.0,13194.0,275.0,188.0,,,,,,,119887.0,13194.0,0.1100536338385312,,0.0208428073366681,0.6836363636363636,,,,8.0,1.0,2.0,2.0,0.0,both,388.585,377.1975,258.54,8.0,8.0,both
2017,2015,True,LA,97176,Louisiana Health Service & Indemnity Company,1793411.0,678588.0,288.0,123.0,,,,,,,1793411.0,678588.0,0.3783784085187389,,0.0004244106880758,0.4270833333333333,,,,19.0,3.0,2.0,2.0,0.0,both,391.32,387.3199342105263,264.34,19.0,8.0,both
2017,2015,True,ME,33653,Maine Community Health Options,3181929.0,230666.0,501.0,261.0,,,,,,,3181929.0,230666.0,0.0724925037610833,,0.0021719715952936,0.5209580838323353,,,,10.0,10.0,1.0,1.0,3.0,both,323.02,322.8065,198.74,10.0,4.0,both
2017,2015,True,ME,48396,Anthem Health Plans of ME(Anthem BCBS),453635.0,86780.0,187.0,106.0,,,,,,,453635.0,86780.0,0.1912991722420007,,0.0021548743950218,0.5668449197860963,,,,39.0,4.0,4.0,6.0,0.0,both,342.87,344.96169230769226,173.12,39.0,4.0,both
2017,2015,True,ME,96667,Harvard Pilgrim  Health Care Inc.,24457.0,6162.0,,,,,,,,,24457.0,6162.0,0.2519524062640553,,,,,,,4.0,4.0,1.0,1.0,4.0,both,405.53,422.7275,280.18,4.0,4.0,both
2017,2015,True,MI,15560,Blue Cross Blue Shield of Michigan Mutual Insurance Company,5121434.0,841891.0,830.0,474.0,33.0,,,,,,5121434.0,841891.0,0.1643857950722395,,0.000985875843785,0.5710843373493976,,,,17.0,7.0,2.0,2.0,11.0,both,355.0,355.3340566037736,173.73,17.0,16.0,both
2017,2015,True,MI,29698,Priority Health,1390611.0,288601.0,179.0,16.0,,,,,,,1390611.0,288601.0,0.2075353927158637,,0.0006202334711244,0.0893854748603352,,,,33.0,2.0,1.0,3.0,23.0,both,290.39,292.4765797101449,197.26,33.0,15.0,both
2017,2015,True,MI,37651,Health Alliance Plan (HAP),194495.0,40596.0,51.0,14.0,,,,,,,194495.0,40596.0,0.2087251600298208,,0.0012562814070351,0.2745098039215686,,,,24.0,3.0,3.0,3.0,21.0,both,288.365,285.0638333333334,165.35,24.0,5.0,both
2017,2015,True,MI,40047,"Molina Healthcare of Michigan, Inc.",7247.0,1057.0,,,,,,,,,7247.0,1057.0,0.1458534566027321,,,,,,,3.0,1.0,1.0,1.0,0.0,both,251.6,258.1666666666667,202.86,3.0,2.0,both
2017,2015,True,MI,46275,"Humana Medical Plan of Michigan, Inc.",246738.0,73432.0,194.0,90.0,19.0,,,,,,246738.0,73432.0,0.2976112313466105,,0.0026418999891055,0.4639175257731959,,,,10.0,1.0,2.0,2.0,0.0,both,220.52,225.5193333333333,153.78,10.0,3.0,both
2017,2015,True,MI,58594,"Meridian Health Plan of Michigan, Inc.",6045.0,3599.0,,,,,,,,,6045.0,3599.0,0.5953680727874276,,,,,,,4.0,1.0,1.0,1.0,0.0,both,287.08,307.67,242.21,4.0,2.0,both
2017,2015,True,MI,60829,Physicians Health Plan,62923.0,6054.0,,,,,,,,,62923.0,6054.0,0.0962128315560287,,,,,,,9.0,3.0,2.0,2.0,9.0,both,324.47,331.05081081081084,204.8,9.0,5.0,both
2017,2015,True,MI,67183,"Total Health Care USA, Inc.",61556.0,12948.0,59.0,,,,,,,,61556.0,12948.0,0.2103450516602768,,0.004556688291628,,,,,2.0,1.0,1.0,1.0,0.0,both,257.795,257.795,243.09,2.0,3.0,both
2017,2015,True,MI,74917,McLaren Health Plan Community,,,,,,,,,,,,,,,,,,,,,,,,,left_only,,,,,,left_only
2017,2015,True,MI,98185,Blue Care Network of Michigan,3485406.0,772460.0,425.0,278.0,11.0,,,,,,3485406.0,772460.0,0.2216269783204596,,0.0005501903011159,0.6541176470588236,,,,24.0,3.0,4.0,5.0,14.0,both,276.255,281.9736363636364,167.07,24.0,16.0,both
2017,2015,True,MO,30613,Humana Insurance Company,73679.0,18826.0,70.0,46.0,,,,,,,73679.0,18826.0,0.2555137827603523,,0.0037182619781153,0.6571428571428571,,,,15.0,1.0,2.0,3.0,15.0,both,275.04,275.5206666666666,174.64,15.0,3.0,both
2017,2015,True,MO,32753,Healthy Alliance Life Co(Anthem BCBS),1796648.0,415409.0,144.0,50.0,,,,,,,1796648.0,415409.0,0.2312133484132673,,0.0003466463172439,0.3472222222222222,,,,13.0,2.0,2.0,2.0,0.0,both,314.15,325.81780219780217,231.93,13.0,7.0,both
2017,2015,True,MO,34762,Blue Cross and Blue Shield of Kansas City,1432795.0,91982.0,78.0,21.0,,,,,,,1432795.0,91982.0,0.0641975997962025,,0.0008479919984344,0.2692307692307692,,,,18.0,7.0,4.0,2.0,9.0,both,310.82,317.5138235294117,197.79,18.0,3.0,both
2017,2015,True,MO,74483,Cigna Health and Life Insurance Company,204026.0,31306.0,23.0,,,,,,,,204026.0,31306.0,0.1534412280787742,,0.0007346834472625,,,,,8.0,1.0,1.0,1.0,8.0,both,305.605,305.935,249.19,8.0,1.0,both
2017,2015,True,MS,48963,Humana Insurance Company,356215.0,94935.0,161.0,117.0,21.0,,,,,,356215.0,94935.0,0.2665103940036214,,0.0016958971928161,0.7267080745341615,,,,21.0,2.0,4.0,5.0,6.0,both,320.74,333.608,187.8,21.0,5.0,both
2017,2015,True,MS,90714,Ambetter of Magnolia Inc.,,,,,,,,,,,,,,,,,,,,,,,,,left_only,,,,,,left_only
2017,2015,True,MT,23603,PacificSource Health Plans,245805.0,20728.0,150.0,35.0,,,,,,,245805.0,20728.0,0.0843270071804885,,0.007236588189888,0.2333333333333333,,,,13.0,3.0,2.0,1.0,4.0,both,240.5,249.59615384615384,192.0,13.0,4.0,both
2017,2015,True,MT,30751,Blue Cross and Blue Shield of Montana,644586.0,75944.0,22.0,,,,,,,,644586.0,75944.0,0.1178182585411411,,0.000289687137891,,,,,12.0,2.0,2.0,2.0,0.0,both,277.015,280.325,172.52,12.0,4.0,both
2017,2015,True,MT,32225,Montana Health Cooperative,598861.0,166736.0,250.0,133.0,,,,,,,598861.0,166736.0,0.2784218708514998,,0.001499376259476,0.532,,,,12.0,3.0,2.0,2.0,4.0,both,238.15,253.51958333333332,182.94,12.0,4.0,both
2017,2015,True,NC,11512,Blue Cross and Blue Shield of NC,15422421.0,1683904.0,1275.0,406.0,52.0,22.0,,,,,15422421.0,1683904.0,0.1091854514929919,,0.0007571690547679,0.3184313725490196,0.4230769230769231,,,50.0,5.0,4.0,7.0,10.0,both,367.44,368.8777906976744,189.44,50.0,16.0,both
2017,2015,True,ND,37160,Blue Cross Blue Shield of North Dakota,431271.0,49642.0,47.0,26.0,,,,,,,431271.0,49642.0,0.1151062788826515,,0.0009467789371902,0.5531914893617021,,,,17.0,1.0,1.0,1.0,2.0,both,335.04,321.1276470588235,164.79,17.0,4.0,both
2017,2015,True,ND,73751,Medica Health Plans,80155.0,14905.0,,,,,,,,,80155.0,14905.0,0.1859522175784417,,,,,,,8.0,1.0,1.0,1.0,1.0,both,305.58,288.5053125,167.44,8.0,4.0,both
2017,2015,True,ND,89364,Sanford Health Plan,28846.0,1688.0,,,12.0,,,,,,28846.0,1688.0,0.0585176454274422,,,,,,,9.0,1.0,2.0,2.0,5.0,both,290.29,285.34,216.23,9.0,4.0,both
2017,2015,True,NE,20305,Medica Insurance Company,,,,,,,,,,,,,,,,,,,,,,,,,left_only,,,,,,left_only
2017,2015,True,NH,59025,Harvard Pilgrim Health Care of NE,252858.0,68285.0,53.0,37.0,,,,,,,252858.0,68285.0,0.27005275688331,,0.0007761587464304,0.6981132075471698,,,,8.0,4.0,2.0,2.0,8.0,both,323.76,325.30875000000003,237.73,8.0,1.0,both
2017,2015,True,NH,61163,"Minuteman Health, Inc",176997.0,27388.0,147.0,90.0,,,,,,,176997.0,27388.0,0.1547370859393097,,0.0053673141521834,0.6122448979591837,,,,8.0,8.0,1.0,1.0,8.0,both,201.395,221.17125,188.35,8.0,1.0,both
2017,2015,True,NH,75841,Celtic Insurance Company,,,,,,,,,,,,,,,,,,,,,,,,,left_only,,,,,,left_only
2017,2015,True,NH,96751,Matthew Thornton Hlth Plan(Anthem BCBS),1057992.0,206656.0,538.0,269.0,,,,,,,1057992.0,206656.0,0.1953285091002578,,0.0026033601734283,0.5,,,,10.0,2.0,2.0,2.0,0.0,both,257.295,266.016,165.0,10.0,1.0,both
2017,2015,True,NJ,77606,"AmeriHealth HMO, Inc.",892084.0,524820.0,59.0,18.0,,,,,,,892084.0,524820.0,0.5883078275140009,,0.0001124194962082,0.3050847457627119,,,,2.0,1.0,1.0,1.0,0.0,both,383.935,383.935,356.55,2.0,1.0,both
2017,2015,True,NJ,91661,"Horizon Healthcare Services, Inc.",4372828.0,1413523.0,1131.0,336.0,116.0,53.0,,,,,4372828.0,1413523.0,0.3232514519208164,,0.0008001284733251,0.2970822281167108,0.4568965517241379,,,9.0,3.0,3.0,1.0,4.0,both,356.92,360.94666666666666,229.4,9.0,1.0,both
2017,2015,True,NJ,91762,AmeriHealth Ins Company of New Jersey,2504870.0,1461386.0,238.0,59.0,,,,,,,2504870.0,1461386.0,0.5834179019270461,,0.0001628590940381,0.2478991596638655,,,,16.0,2.0,3.0,4.0,3.0,both,381.315,405.4775,292.14,16.0,1.0,both
2017,2015,True,NM,19722,"Molina Health Care of New Mexico, Inc.",34739.0,4665.0,19.0,,,,,,,,34739.0,4665.0,0.1342871124672558,,0.0040728831725616,,,,,3.0,1.0,1.0,1.0,0.0,both,219.84,226.5133333333333,157.55,3.0,5.0,both
2017,2015,True,NM,72034,CHRISTUS Health Plan,5015.0,1222.0,,,,,,,,,5015.0,1222.0,0.2436689930209372,,,,,,,11.0,11.0,1.0,2.0,11.0,both,261.125,257.5591176470588,159.67,11.0,5.0,both
2017,2015,True,NM,75605,Blue Cross Blue Shield of New Mexico,464924.0,67162.0,56.0,14.0,,,,,,,464924.0,67162.0,0.1444580189450318,,0.0008338048301122,0.25,,,,49.0,4.0,4.0,8.0,1.0,both,253.39,255.60546391752575,142.8,49.0,5.0,both
2017,2015,True,NM,93091,New Mexico Health Connections,124092.0,22022.0,166.0,130.0,,,,,,,124092.0,22022.0,0.1774651065338619,,0.0075379166288257,0.7831325301204819,,,,12.0,4.0,2.0,2.0,7.0,both,227.17,229.0643333333333,130.67,12.0,5.0,both
2017,2015,True,NV,16698,Prominence HealthFirst,,2498.0,117.0,54.0,,,,,,,,2498.0,,,0.0468374699759807,0.4615384615384615,,,,12.0,1.0,2.0,1.0,4.0,both,342.545,362.7095833333333,284.37,12.0,2.0,both
2017,2015,True,NV,33670,"Rocky Mountain Hospital and Medical Service, Inc., dba Anthem Blue Cross and Blue Shield",2498.0,741.0,,,,,,,,,2498.0,741.0,0.2966373098478783,,,,,,,,,,,,left_only,,,,,,left_only
2017,2015,True,NV,60156,"HMO Colorado, Inc., dba HMO Nevada",345050.0,79572.0,21.0,17.0,,,,,,,345050.0,79572.0,0.2306100565135487,,0.0002639119288191,0.8095238095238095,,,,12.0,2.0,2.0,2.0,0.0,both,309.63,318.4604166666667,176.34,12.0,4.0,both
2017,2015,True,NV,95865,"Health Plan of Nevada, Inc.",556498.0,2688.0,233.0,146.0,,,,,,,556498.0,2688.0,0.0048302060384763,,0.0866815476190476,0.6266094420600858,,,,15.0,1.0,1.0,1.0,2.0,both,293.07500000000005,294.3073333333333,217.24,15.0,2.0,both
2017,2015,True,OH,23340,Consumers Life Insurance Company,,,,,,,,,,,,,,,,,,,,,,,,,left_only,,,,,,left_only
2017,2015,True,OH,26734,"Premier Health Plan, Inc.",61260.0,11150.0,32.0,13.0,,,,,,,61260.0,11150.0,0.1820111002285341,,0.0028699551569506,0.40625,,,,5.0,1.0,1.0,1.0,5.0,both,262.075,265.695,217.67,5.0,2.0,both
2017,2015,True,OH,28162,AultCare Insurance Company,141258.0,681.0,17.0,11.0,,,,,,,141258.0,681.0,0.0048209658921972,,0.0249632892804698,0.6470588235294118,,,,52.0,1.0,2.0,1.0,0.0,both,310.97,315.16769230769233,169.34,52.0,2.0,both
2017,2015,True,OH,29276,Community Insurance Company(Anthem BCBS),1251476.0,289523.0,145.0,22.0,,,,,,,1251476.0,289523.0,0.2313452275553027,,0.0005008237687506,0.1517241379310344,,,,14.0,1.0,1.0,1.0,0.0,both,330.225,326.07016806722686,182.5,14.0,17.0,both
2017,2015,True,OH,41047,Buckeye Community Health Plan,95857.0,16238.0,21.0,12.0,,,,,,,95857.0,16238.0,0.1693981660181311,,0.0012932627170833,0.5714285714285714,,,,30.0,3.0,1.0,1.0,12.0,both,257.20000000000005,263.06576190476187,191.08,30.0,7.0,both
2017,2015,True,OH,52664,"Summa Insurance Company, Inc.",85930.0,24063.0,85.0,52.0,4.0,0.0,,,,,85930.0,24063.0,0.2800302571860817,,0.0035323941320699,0.611764705882353,0.0,,,10.0,2.0,2.0,2.0,10.0,both,330.43,315.4305714285714,188.71,10.0,5.0,both
2017,2015,True,OH,64353,MOLINA HEALTHCARE OF OHIO,17637.0,3966.0,14.0,,,,,,,,17637.0,3966.0,0.22486817485967,,0.0035300050428643,,,,,3.0,1.0,1.0,2.0,0.0,both,299.26,310.2365217391304,233.45,3.0,8.0,both
2017,2015,True,OH,66083,"Humana Health Plan of Ohio, Inc.",133600.0,33372.0,75.0,44.0,10.0,,,,,,133600.0,33372.0,0.2497904191616766,,0.002247393024092,0.5866666666666667,,,,14.0,1.0,2.0,2.0,0.0,both,263.255,258.7528571428571,168.76,14.0,2.0,both
2017,2015,True,OH,74313,Paramount Insurance Company,111754.0,18885.0,15.0,,,,,,,,111754.0,18885.0,0.1689872398303416,,0.0007942811755361,,,,,8.0,1.0,1.0,1.0,5.0,both,288.855,280.77109375,156.91,8.0,8.0,both
2017,2015,True,OH,77552,CareSource,586705.0,161040.0,1264.0,914.0,,,,,,,586705.0,161040.0,0.2744820650923377,,0.0078489816194734,0.7231012658227848,,,,36.0,2.0,4.0,6.0,0.0,both,266.51,274.3375641025641,186.09,36.0,12.0,both
2017,2015,True,OH,99969,Medical Health Insuring Corp. of Ohio,1353047.0,262411.0,404.0,206.0,13.0,,,,,,1353047.0,262411.0,0.1939407869793141,,0.001539569606457,0.5099009900990099,,,,15.0,1.0,1.0,1.0,6.0,both,319.43,323.0449411764706,157.36,15.0,17.0,both
2017,2015,True,OK,87571,Blue Cross Blue Shield of Oklahoma,3105473.0,465603.0,677.0,64.0,10.0,,,,,,3105473.0,465603.0,0.1499298174545391,,0.0014540284319473,0.0945347119645494,,,,71.0,4.0,4.0,11.0,5.0,both,253.63,254.860756302521,142.52,71.0,5.0,both
2017,2015,True,OR,10091,PacificSource Health Plans,93564.0,7719.0,74.0,23.0,,,,,,,93564.0,7719.0,0.0824996793638579,,0.0095867340329058,0.3108108108108108,,,,33.0,4.0,3.0,3.0,15.0,both,263.0,264.17610062893084,189.0,33.0,7.0,both
2017,2015,True,OR,32536,ATRIO Health Plans,10915.0,2017.0,17.0,,,,,,,,10915.0,2017.0,0.1847915712322492,,0.008428358948934,,,,,6.0,1.0,1.0,1.0,0.0,both,239.37,241.3383333333333,191.96,6.0,3.0,both
2017,2015,True,OR,39424,"Moda Health Plan, Inc.",965575.0,90404.0,250.0,55.0,23.0,,,,,,965575.0,90404.0,0.0936271133780389,,0.0027653643644086,0.22,,,,15.0,9.0,3.0,4.0,15.0,both,235.0,234.8,167.0,15.0,7.0,both
2017,2015,True,OR,56707,Providence Health Plan,129564.0,9556.0,49.0,16.0,,,,,,,129564.0,9556.0,0.073755055416628,,0.0051276684805357,0.3265306122448979,,,,6.0,6.0,3.0,3.0,6.0,both,238.0,241.95238095238096,189.0,6.0,7.0,both
2017,2015,True,OR,63474,BridgeSpan Health Company,7177.0,1201.0,178.0,135.0,,,,,,,7177.0,1201.0,0.1673401142538665,,0.1482098251457119,0.7584269662921348,,,,24.0,23.0,5.0,3.0,20.0,both,266.645,276.77958333333333,195.15,24.0,7.0,both
2017,2015,True,OR,71287,Kaiser Foundation Healthplan of the NW,8819.0,2666.0,52.0,23.0,,,,,,,8819.0,2666.0,0.3023018482821181,,0.0195048762190547,0.4423076923076923,,,,10.0,1.0,1.0,1.0,2.0,both,245.5,240.7,165.0,10.0,5.0,both
2017,2015,True,PA,16322,"UPMC Health Options, Inc.",1364008.0,57049.0,655.0,241.0,26.0,,,,,,1364008.0,57049.0,0.0418245347534618,,0.0114813581307297,0.3679389312977099,,,,37.0,2.0,4.0,4.0,37.0,both,202.27,222.09205405405405,151.75,37.0,5.0,both
2017,2015,True,PA,22444,Geisinger Health Plan,546673.0,188587.0,10.0,,,,,,,,546673.0,188587.0,0.3449722228827837,,5.3025924374426654e-05,,,,,15.0,2.0,1.0,3.0,7.0,both,290.61,288.4733333333333,174.84,15.0,6.0,both
2017,2015,True,PA,31609,Independence Blue Cross (QCC Ins. Co.),4210755.0,1197378.0,188.0,101.0,,,,,,,4210755.0,1197378.0,0.2843618305980756,,0.0001570097329331,0.5372340425531915,,,,10.0,2.0,2.0,2.0,2.0,both,371.41406,380.450118,247.04,10.0,1.0,both
2017,2015,True,PA,33709,Highmark Inc.,7328862.0,2141374.0,196.0,39.0,,,,,,,7328862.0,2141374.0,0.2921836978237549,,9.15300176428779e-05,0.1989795918367347,,,,27.0,8.0,2.0,6.0,8.0,both,220.45,214.9824,139.02,27.0,7.0,both
2017,2015,True,PA,33871,"Keystone Health Plan East, Inc",6718476.0,1964186.0,440.0,273.0,,,,,,,6718476.0,1964186.0,0.2923558854716456,,0.0002240113716318,0.6204545454545455,,,,6.0,1.0,1.0,1.0,0.0,both,345.72,356.075,273.88,6.0,1.0,both
2017,2015,True,PA,45127,Capital Advantage Assurance Company,47073.0,11089.0,,,,,,,,,47073.0,11089.0,0.2355702844518089,,,,,,,11.0,1.0,1.0,1.0,9.0,both,383.68,392.6166666666667,286.33,11.0,3.0,both
2017,2015,True,PA,70194,Highmark Health Insurance Company,752674.0,190463.0,30.0,12.0,,,,,,,752674.0,190463.0,0.2530484645410895,,0.0001575109076303,0.4,,,,23.0,9.0,4.0,4.0,7.0,both,295.13,306.681797752809,221.61,23.0,7.0,both
2017,2015,True,SC,26065,Blue Cross and Blue Shield of South Carolina,1810378.0,268339.0,330.0,157.0,17.0,,,,,,1810378.0,268339.0,0.1482226363775962,,0.0012297876939244,0.4757575757575757,,,,18.0,3.0,2.0,2.0,8.0,both,303.7,306.36891304347824,216.11,18.0,46.0,both
2017,2015,True,SD,31195,Sanford Health Plan,48187.0,1850.0,,,14.0,11.0,,,,,48187.0,1850.0,0.03839209745367,,,,0.7857142857142857,,,9.0,1.0,2.0,2.0,4.0,both,284.27,279.8588888888889,205.02,9.0,4.0,both
2017,2015,True,SD,60536,"Avera Health Plans, Inc.",115285.0,14636.0,74.0,44.0,,,,,,,115285.0,14636.0,0.1269549377629353,,0.0050560262366766,0.5945945945945946,,,,16.0,1.0,2.0,2.0,6.0,both,287.825,298.5798387096774,188.39,16.0,4.0,both
2017,2015,True,TN,14002,BlueCross BlueShield of Tennessee,,1103571.0,797.0,298.0,,,,,,,,1103571.0,,,0.0007222009277155,0.3739021329987453,,,,84.0,7.0,3.0,4.0,30.0,both,283.455,296.65658333333334,145.56,84.0,8.0,both
2017,2015,True,TN,82120,Humana Insurance Company,223923.0,57449.0,102.0,56.0,21.0,,,,,,223923.0,57449.0,0.2565569414486229,,0.001775487823983,0.5490196078431373,,,,15.0,1.0,3.0,3.0,0.0,both,247.34,268.07800000000003,157.71,15.0,3.0,both
2017,2015,True,TN,99248,Cigna Health and Life Insurance Company,53152.0,8356.0,63.0,,,,,,,,53152.0,8356.0,0.1572095123419626,,0.0075394925801819,,,,,6.0,1.0,1.0,1.0,0.0,both,301.995,301.37111111111113,248.71,6.0,3.0,both
2017,2015,True,TX,20069,Oscar Insurance Company of Texas,,,,,,,,,,,,,,,,,,,,,,,,,left_only,,,,,,left_only
2017,2015,True,TX,26539,"SHA, LLC DBA FirstCare Health Plans",279593.0,42135.0,,,,,,,,,279593.0,42135.0,0.1507011978125346,,,,,,,6.0,1.0,1.0,1.0,0.0,both,232.04,255.23055555555555,195.56,6.0,9.0,both
2017,2015,True,TX,27248,"Community Health Choice, Inc.",225130.0,33379.0,213.0,141.0,,,,,,,225130.0,33379.0,0.1482654466308355,,0.0063812576769825,0.6619718309859155,,,,5.0,1.0,1.0,1.0,3.0,both,267.28,262.858,188.44,5.0,2.0,both
2017,2015,True,TX,29418,Celtic Insurance Company,,,,,,,,,,,,,,,,,,,,,,,,,left_only,,,,,,left_only
2017,2015,True,TX,32673,"Humana Health Plan of Texas, Inc.",659078.0,180987.0,603.0,253.0,264.0,49.0,,,,,659078.0,180987.0,0.2746063440139103,,0.0033317310083044,0.4195688225538971,0.1856060606060606,,,42.0,3.0,7.0,7.0,7.0,both,274.445,284.93094594594595,157.6,42.0,7.0,both
2017,2015,True,TX,33602,Blue Cross Blue Shield of Texas,14047370.0,2310127.0,5315.0,296.0,58.0,,,,,,14047370.0,2310127.0,0.1644526341941587,,0.0023007393100033,0.0556914393226716,,,,168.0,3.0,3.0,28.0,0.0,both,300.045,308.3027136752137,156.19,168.0,26.0,both
2017,2015,True,TX,37392,"Prominence HealthFirst of Texas, Inc.",,,,,,,,,,,,,,,,,,,,,,,,,left_only,,,,,,left_only
2017,2015,True,TX,45786,Molina Healthcare of Texas,65756.0,10609.0,45.0,31.0,,,,,,,65756.0,10609.0,0.1613388892268386,,0.0042416815911018,0.6888888888888889,,,,5.0,2.0,1.0,1.0,3.0,both,312.485,306.35425,216.85,5.0,8.0,both
2017,2015,True,TX,66252,CHRISTUS Health Plan,,,,,,,,,,,,,,,,,,,,,,,,,left_only,,,,,,left_only
2017,2015,True,TX,71837,"Sendero Health Plans, inc.",61997.0,13800.0,33.0,25.0,,,,,,,61997.0,13800.0,0.2225914157136635,,0.002391304347826,0.7575757575757576,,,,3.0,1.0,1.0,1.0,0.0,both,240.53,250.14333333333332,211.02,3.0,2.0,both
2017,2015,True,UT,18167,Molina Healthcare of Utah,43496.0,5272.0,477.0,418.0,,,,,,,43496.0,5272.0,0.1212065477285267,,0.0904779969650986,0.8763102725366876,,,,3.0,1.0,1.0,1.0,0.0,both,225.96,222.03444444444443,179.75,3.0,3.0,both
2017,2015,True,UT,42261,University of Utah Health Insurance Plans,,,,,,,,,,,,,,,,,,,,,,,,,left_only,,,,,,left_only
2017,2015,True,UT,68781,SelectHealth,2882963.0,196754.0,733.0,269.0,16.0,,,,,,2882963.0,196754.0,0.068247147119127,,0.0037254642853512,0.3669849931787176,,,,60.0,6.0,3.0,3.0,0.0,both,265.735,265.2189333333333,170.95,60.0,6.0,both
2017,2015,True,VA,10207,"CareFirst BlueChoice, Inc.",685831.0,87833.0,,,,,,,,,685831.0,87833.0,0.1280679934269521,,,,,,,11.0,4.0,4.0,1.0,11.0,both,328.8,312.19,178.38,11.0,1.0,both
2017,2015,True,VA,12028,Innovation Health Insurance Company,1310245.0,170145.0,667.0,270.0,,,,,,,1310245.0,170145.0,0.129857393082973,,0.0039201857239413,0.4047976011994003,,,,6.0,1.0,1.0,1.0,3.0,both,259.015,256.345,162.86,6.0,1.0,both
2017,2015,True,VA,15668,"Piedmont Community HealthCare, Inc.",84356.0,11008.0,59.0,46.0,,,,,,,84356.0,11008.0,0.130494570629238,,0.005359738372093,0.7796610169491526,,,,9.0,1.0,1.0,1.0,9.0,both,259.54,299.6144444444444,224.8,9.0,5.0,both
2017,2015,True,VA,20507,Optima Health Plan,1353411.0,245489.0,16.0,,,,,,,,1353411.0,245489.0,0.1813854032514882,,6.517603640081634e-05,,,,,7.0,3.0,1.0,1.0,0.0,both,283.53,293.2371428571428,213.26,7.0,12.0,both
2017,2015,True,VA,37204,"Piedmont Community HealthCare HMO, Inc.",,,,,,,,,,,,,,,,,,,,,,,,,left_only,,,,,,left_only
2017,2015,True,VA,38599,UnitedHealthcare of the Mid-Atlantic Inc,,,,,,,,,,,,,,,,,,,,,,,,,left_only,,,,,,left_only
2017,2015,True,VA,40308,Group Hospitalization and Medical Services Inc.,344053.0,43619.0,,,,,,,,,344053.0,43619.0,0.1267798856571516,,,,,,,4.0,4.0,2.0,2.0,0.0,both,378.74,383.7775,247.5,4.0,1.0,both
2017,2015,True,VA,88380,"HealthKeepers, Inc.",6973000.0,1472339.0,365.0,142.0,,,,,,,6973000.0,1472339.0,0.2111485730675462,,0.0002479048643009,0.3890410958904109,,,,19.0,3.0,2.0,4.0,0.0,both,279.56,275.1500606060606,163.67,19.0,12.0,both
2017,2015,True,VA,95185,"Kaiser Foundation Health Plan of the Mid-Atlantic States, Inc.",16289.0,15060.0,182.0,107.0,,,,,,,16289.0,15060.0,0.9245503100251704,,0.0120849933598937,0.5879120879120879,,,,10.0,1.0,1.0,1.0,1.0,both,279.79,278.067,177.43,10.0,3.0,both
2017,2015,True,WI,37833,Unity Health Plans Insurance Corporation,583108.0,93284.0,65.0,12.0,,,,,,,583108.0,93284.0,0.1599772254882457,,0.0006967968783499,0.1846153846153846,,,,101.0,6.0,3.0,3.0,93.0,both,331.45,344.00389021479714,162.43,101.0,5.0,both
2017,2015,True,WI,38166,"Security Health Plan of Wisconsin, Inc.",622123.0,220241.0,115.0,49.0,,,,,,,622123.0,220241.0,0.3540152027814435,,0.0005221552753574,0.4260869565217391,,,,18.0,2.0,2.0,2.0,2.0,both,322.63,329.0845185185185,206.4,18.0,9.0,both
2017,2015,True,WI,38345,Dean Health Plan,899023.0,163035.0,105.0,61.0,,,,,,,899023.0,163035.0,0.1813468620936283,,0.0006440334897414,0.580952380952381,,,,24.0,3.0,3.0,4.0,19.0,both,265.66,278.78432692307695,172.38,24.0,7.0,both
2017,2015,True,WI,47342,Health Tradition Health Plan,590153.0,48166.0,90.0,47.0,,,,,,,590153.0,48166.0,0.0816161232765062,,0.0018685379728439,0.5222222222222223,,,,26.0,1.0,1.0,2.0,12.0,both,372.6,366.6052307692308,246.11,26.0,5.0,both
2017,2015,True,WI,52697,"Molina Healthcare of Wisconsin, Inc.",219314.0,21114.0,246.0,117.0,,,,,,,219314.0,21114.0,0.0962729237531575,,0.0116510372264847,0.4756097560975609,,,,3.0,1.0,1.0,1.0,1.0,both,300.995,307.67375,239.49,3.0,8.0,both
2017,2015,True,WI,57845,Medica Health Plans of Wisconsin,138036.0,24860.0,,,,,,,,,138036.0,24860.0,0.1800979454635022,,,,,,,8.0,1.0,1.0,1.0,1.0,both,389.99,372.00875,209.09,8.0,2.0,both
2017,2015,True,WI,58326,"MercyCare HMO, Inc.",43527.0,4621.0,,,,,,,,,43527.0,4621.0,0.1061639901670227,,,,,,,9.0,1.0,1.0,1.0,6.0,both,340.56,349.38222222222225,280.42,9.0,1.0,both
2017,2015,True,WI,79475,Compcare Health Serv Ins Co(Anthem BCBS),608306.0,140607.0,133.0,95.0,,,,,,,608306.0,140607.0,0.2311451802217962,,0.0009458988528309,0.7142857142857143,,,,13.0,2.0,2.0,2.0,0.0,both,364.295,365.9175,201.21,13.0,12.0,both
2017,2015,True,WI,81413,Network Health Plan,,,,,,,,,,,,,,,,,,,,,,,,,left_only,,,,,,left_only
2017,2015,True,WI,87416,Common Ground Healthcare Cooperative,1410830.0,299109.0,179.0,45.0,,,,,,,1410830.0,299109.0,0.2120092427861613,,0.0005984440454817,0.2513966480446927,,,,20.0,1.0,2.0,1.0,4.0,both,327.46000000000004,326.2440833333333,180.55,20.0,6.0,both
2017,2015,True,WI,91058,"Gundersen Health Plan, Inc.",45910.0,8121.0,81.0,29.0,,,,,,,45910.0,8121.0,0.1768895665432367,,0.0099741411156261,0.3580246913580246,,,,16.0,2.0,1.0,1.0,0.0,both,384.735,396.339375,258.58,16.0,3.0,both
2017,2015,True,WI,94529,Group Health Cooperative- SCW,59281.0,5325.0,,,,,,,,,59281.0,5325.0,0.0898264199321873,,,,,,,22.0,1.0,2.0,2.0,22.0,both,345.51,338.6454545454545,191.92,22.0,5.0,both
2017,2015,True,WV,31274,Highmark Blue Cross Blue Shield West Virginia,1853646.0,440837.0,46.0,11.0,,,,,,,1853646.0,440837.0,0.2378215689511373,,0.0001043469581727,0.2391304347826087,,,,15.0,6.0,2.0,2.0,3.0,both,313.94,308.77375757575754,199.74,15.0,11.0,both
2017,2015,True,WV,50328,CareSource West Virginia Co.,,,,,,,,,,,,,,,,,,,,,,,,,left_only,,,,,,left_only
2017,2015,True,WY,11269,Blue Cross Blue Shield of Wyoming,418569.0,76674.0,323.0,194.0,,,,,,,418569.0,76674.0,0.1831812676046243,,0.0042126405300362,0.6006191950464397,,,,30.0,2.0,1.0,1.0,25.0,both,446.9,449.81111111111113,302.8,30.0,3.0,both
2018,2016,True,AK,38344,Premera Blue Cross Blue Shield of Alaska,90931.0,3097.0,150.0,63.0,,,,,,,90931.0,3097.0,0.0340587918311686,,0.048433968356474,0.42,,,,6.0,2.0,1.0,1.0,0.0,both,846.0,823.5555555555555,649.0,6.0,3.0,both
2018,2016,True,AL,46944,Blue Cross and Blue Shield of Alabama,5831820.0,1334125.0,238.0,98.0,,,,,,,5831820.0,1334125.0,0.2287664914212029,,0.0001783940785158,0.4117647058823529,,,,8.0,8.0,2.0,2.0,2.0,both,321.5,330.6089423076923,217.25,8.0,13.0,both
2018,2016,True,AR,37903,"QualChoice Life & Health Insurance Company, Inc.",308215.0,20418.0,,,,,,,,,308215.0,20418.0,0.066245964667521,,,,,,,2.0,1.0,1.0,1.0,0.0,both,354.70500000000004,354.24285714285713,320.34,2.0,7.0,both
2018,2016,True,AR,62141,Celtic Insurance Company,1554130.0,208164.0,72.0,12.0,12.0,,,,,,1554130.0,208164.0,0.1339424629857219,,0.0003458811321842,0.1666666666666666,,,,5.0,2.0,1.0,1.0,2.0,both,297.33,300.1308571428572,237.76,5.0,7.0,both
2018,2016,True,AR,70525,"QCA Health Plan, Inc.",365540.0,23881.0,100.0,,24.0,,,,,,365540.0,23881.0,0.0653307435574766,,0.0041874293371299,,,,,6.0,1.0,1.0,1.0,0.0,both,289.795,283.1928571428572,158.61,6.0,7.0,both
2018,2016,True,AR,75293,USAble Mutual Insurance Company,7941737.0,1232783.0,2088.0,878.0,71.0,15.0,,,,,7941737.0,1232783.0,0.155228383916516,,0.0016937287422036,0.4204980842911877,0.2112676056338028,,,12.0,12.0,2.0,2.0,1.0,both,301.52,300.3753571428571,215.19,12.0,7.0,both
2018,2016,True,AZ,53901,Blue Cross and Blue Shield of Arizona,1407074.0,152700.0,600.0,212.0,41.0,,,,,,1407074.0,152700.0,0.1085230769668119,,0.0039292730844793,0.3533333333333333,,,,22.0,9.0,3.0,2.0,6.0,both,300.795,310.4659459459459,163.14,22.0,7.0,both
2018,2016,True,AZ,91450,Health Net of Arizona,153933.0,18127.0,480.0,292.0,,,,,,,153933.0,18127.0,0.1177590250303703,,0.0264798367076736,0.6083333333333333,,,,6.0,1.0,1.0,1.0,2.0,both,263.8,263.8575,213.59,6.0,2.0,both
2018,2016,True,DE,76168,Highmark BCBSD Inc.,575561.0,48823.0,74.0,35.0,,,,,,,575561.0,48823.0,0.0848268037618949,,0.0015156790856768,0.4729729729729729,,,,21.0,7.0,2.0,2.0,6.0,both,422.85,394.4419047619048,259.09,21.0,1.0,both
2018,2016,True,FL,16842,Blue Cross and Blue Shield of Florida,12859998.0,637343.0,3383.0,926.0,236.0,87.0,,,,,12859998.0,637343.0,0.0495601165723353,,0.0053079738853333,0.273721548921076,0.3686440677966102,,,18.0,2.0,2.0,2.0,0.0,both,425.96,451.2699663299663,218.96,18.0,67.0,both
2018,2016,True,FL,21663,Celtic Insurance Company,1701800.0,344160.0,454.0,142.0,,,,,,,1701800.0,344160.0,0.202232929838994,,0.0013191538819153,0.3127753303964757,,,,16.0,3.0,1.0,1.0,16.0,both,274.865,280.01381944444444,220.36,16.0,9.0,both
2018,2016,True,FL,30252,Health Options,5425148.0,349058.0,833.0,323.0,71.0,25.0,,,,,5425148.0,349058.0,0.0643407331929009,,0.0023864228867408,0.3877551020408163,0.352112676056338,,,13.0,2.0,2.0,2.0,5.0,both,344.56,372.38045454545454,238.67,13.0,45.0,both
2018,2016,True,FL,36194,Health First Commercial Plans,,,,,,,,,,,,,,,,,,,,,,,,,left_only,,,,,,left_only
2018,2016,True,FL,54172,Molina Healthcare of Florida,4060444.0,1231584.0,844.0,368.0,45.0,27.0,,,,,4060444.0,1231584.0,0.3033126426568129,,0.000685296333827,0.4360189573459715,0.6,,,3.0,1.0,1.0,1.0,0.0,both,279.23,282.0422222222222,231.12,3.0,3.0,both
2018,2016,True,FL,56503,Florida Health Care Plan,53540.0,732.0,78.0,30.0,,,,,,,53540.0,732.0,0.0136720209189391,,0.1065573770491803,0.3846153846153846,,,,66.0,33.0,1.0,1.0,28.0,both,360.75,362.8505303030303,213.11,66.0,4.0,both
2018,2016,True,GA,49046,Blue Cross Blue Shield Healthcare Plan of Georgia,3433113.0,1010943.0,738.0,229.0,,,,,,,3433113.0,1010943.0,0.2944683149083645,,0.000730011484327,0.3102981029810298,,,,13.0,2.0,2.0,2.0,0.0,both,329.065,339.10216346153845,172.2,13.0,16.0,both
2018,2016,True,GA,70893,Ambetter of Peach State Inc.,1328886.0,228880.0,420.0,117.0,,,,,,,1328886.0,228880.0,0.1722344881351748,,0.0018350227193289,0.2785714285714286,,,,16.0,3.0,1.0,1.0,16.0,both,260.035,263.49015625,202.82,16.0,4.0,both
2018,2016,True,GA,83761,Alliant Health Plans,,,,,,,,,,,,,,,,,,,,8.0,1.0,1.0,1.0,0.0,both,398.545,405.7253571428572,271.8,8.0,7.0,both
2018,2016,True,GA,89942,Kaiser Foundation Health Plan of Georgia,14325.0,3659.0,152.0,66.0,,,,,,,14325.0,3659.0,0.2554275741710297,,0.0415414047553976,0.4342105263157895,,,,10.0,1.0,1.0,1.0,1.0,both,321.0,313.567,212.15,10.0,6.0,both
2018,2016,True,HI,18350,Hawaii Medical Service Association,410093.0,123909.0,20.0,13.0,,,,,,,410093.0,123909.0,0.3021485370391594,,0.0001614087757951,0.65,,,,11.0,2.0,5.0,1.0,0.0,both,279.73,302.30454545454546,196.73,11.0,1.0,both
2018,2016,True,HI,60612,"Kaiser Foundation Health Plan, Inc.",14.0,,10.0,,,,,,,,14.0,,,,,,,,,10.0,1.0,1.0,1.0,0.0,both,286.06,292.253,236.24,10.0,1.0,both
2018,2016,True,IA,93078,Medica Insurance Company,53830.0,6923.0,,,,,,,,,53830.0,6923.0,0.1286085825747724,,,,,,,10.0,1.0,1.0,1.0,10.0,both,429.345,406.533,232.47,10.0,7.0,both
2018,2016,True,IL,20129,Health Alliance Medical Plans,1214607.0,104525.0,46.0,10.0,,,,,,,1214607.0,104525.0,0.0860566421896135,,0.0004400861038029,0.217391304347826,,,,22.0,4.0,3.0,3.0,15.0,both,342.29999999999995,350.65508771929825,224.42,22.0,13.0,both
2018,2016,True,IL,27833,Celtic Insurance Company,325589.0,85788.0,17.0,13.0,,,,,,,325589.0,85788.0,0.2634855600158482,,0.0001981629132279,0.7647058823529411,,,,8.0,2.0,1.0,1.0,8.0,both,208.29,208.56125,163.62,8.0,1.0,both
2018,2016,True,IL,36096,Blue Cross Blue Shield of Illinois,4054846.0,760222.0,2592.0,325.0,103.0,23.0,,,,,4054846.0,760222.0,0.1874848021355188,,0.0034095303740223,0.1253858024691358,0.2233009708737864,,,176.0,4.0,4.0,37.0,176.0,both,300.075,308.36460227272727,214.5,176.0,13.0,both
2018,2016,True,IL,53882,"Cigna HealthCare of Illinois, Inc.",,,,,,,,,,,,,,,,,,,,,,,,,left_only,,,,,,left_only
2018,2016,True,IN,54192,CareSource Indiana,1078790.0,186770.0,786.0,479.0,,,,,,,1078790.0,186770.0,0.1731291539595287,,0.0042083846442148,0.6094147582697201,,,,12.0,2.0,2.0,2.0,0.0,both,281.415,290.90715686274507,199.53,12.0,17.0,both
2018,2016,True,IN,76179,Celtic Insurance Company,383346.0,68588.0,544.0,249.0,,,,,,,383346.0,68588.0,0.17891930527513,,0.0079314165743278,0.4577205882352941,,,,16.0,3.0,1.0,1.0,16.0,both,302.87,299.88427083333335,168.11,16.0,12.0,both
2018,2016,True,KS,39520,Medica Insurance Company,,,,,,,,,,,,,,,,,,,,,,,,,left_only,,,,,,left_only
2018,2016,True,KY,36239,Anthem Health Plans of KY(Anthem BCBS),2766919.0,732825.0,558.0,189.0,,,,,,,2766919.0,732825.0,0.26485235021336,,0.0007614369051274,0.3387096774193548,,,,,,,,,left_only,,,,,,left_only
2018,2016,True,KY,45636,CareSource Kentucky Co.,560255.0,89599.0,130.0,84.0,,,,,,,560255.0,89599.0,0.1599253911165451,,0.0014509090503242,0.6461538461538462,,,,,,,,,left_only,,,,,,left_only
2018,2016,True,LA,19636,HMO Louisiana,2337163.0,577087.0,908.0,244.0,,,,,,,2337163.0,577087.0,0.2469177374449279,,0.0015734196057093,0.2687224669603524,,,,14.0,3.0,3.0,3.0,6.0,both,363.26,350.42333333333335,225.69,14.0,8.0,both
2018,2016,True,LA,67243,Vantage Health Plan,595397.0,124893.0,496.0,310.0,,,,,,,595397.0,124893.0,0.2097642413381323,,0.0039713995179873,0.625,,,,10.0,1.0,2.0,2.0,0.0,both,375.33,370.21602853,271.6872672,10.0,8.0,both
2018,2016,True,LA,97176,Louisiana Health Service & Indemnity Company,2012919.0,500570.0,731.0,191.0,16.0,,,,,,2012919.0,500570.0,0.2486786601944738,,0.0014603352178516,0.2612859097127223,,,,14.0,3.0,2.0,2.0,7.0,both,438.26,431.3791071428572,322.52,14.0,8.0,both
2018,2016,True,ME,33653,Maine Community Health Options,2521297.0,286449.0,520.0,285.0,,,,,,,2521297.0,286449.0,0.1136117641039512,,0.0018153318740857,0.5480769230769231,,,,,,,,,left_only,,,,,,left_only
2018,2016,True,ME,96667,Harvard Pilgrim  Health Care Inc.,366177.0,73929.0,45.0,16.0,,,,,,,366177.0,73929.0,0.2018941659361456,,0.0006086921235239,0.3555555555555555,,,,8.0,2.0,2.0,2.0,8.0,both,344.6,362.4075,245.45,8.0,4.0,both
2018,2016,True,MI,15560,Blue Cross Blue Shield of Michigan Mutual Insurance Company,1365405.0,346261.0,477.0,238.0,20.0,,,,,,1365405.0,346261.0,0.25359581955537,,0.0013775735644499,0.4989517819706499,,,,18.0,7.0,3.0,3.0,4.0,both,385.885,386.4363333333333,191.43,18.0,16.0,both
2018,2016,True,MI,29698,Priority Health,744295.0,484285.0,188.0,16.0,,,,,,,744295.0,484285.0,0.6506627076629562,,0.0003882011625385,0.0851063829787234,,,,38.0,2.0,2.0,4.0,30.0,both,280.56,286.3024197530864,168.12,38.0,15.0,both
2018,2016,True,MI,40047,"Molina Healthcare of Michigan, Inc.",84069.0,23625.0,15.0,11.0,,,,,,,84069.0,23625.0,0.2810191628305321,,0.0006349206349206,0.7333333333333333,,,,3.0,1.0,1.0,1.0,0.0,both,229.42,236.9766666666667,185.78,3.0,2.0,both
2018,2016,True,MI,58594,Meridian Health Plan of Michigan,21650.0,599.0,,,,,,,,,21650.0,599.0,0.0276674364896073,,,,,,,14.0,2.0,2.0,2.0,10.0,both,235.76,256.2638095238095,176.93,14.0,6.0,both
2018,2016,True,MI,60829,Physicians Health Plan,128806.0,16227.0,17.0,,,,,,,,128806.0,16227.0,0.1259801562039035,,0.0010476366549577,,,,,14.0,4.0,2.0,2.0,5.0,both,347.56,340.4921428571429,193.3,14.0,5.0,both
2018,2016,True,MI,67183,"Total Health Care USA, Inc.",174360.0,17190.0,,,,,,,,,174360.0,17190.0,0.0985891259463179,,,,,,,2.0,1.0,1.0,1.0,0.0,both,270.6,270.6,249.98,2.0,3.0,both
2018,2016,True,MI,74917,McLaren Health Plan Community,19687.0,4639.0,78.0,,,,,,,,19687.0,4639.0,0.2356377304820439,,0.0168139685276999,,,,,5.0,1.0,1.0,1.0,4.0,both,297.875,312.4053333333333,195.03,5.0,12.0,both
2018,2016,True,MI,98185,Blue Care Network of Michigan,2719761.0,668110.0,1175.0,225.0,124.0,,,,,,2719761.0,668110.0,0.2456502611810376,,0.0017586924308871,0.1914893617021276,,,,26.0,3.0,4.0,5.0,6.0,both,301.86,307.20520231213874,179.43,26.0,16.0,both
2018,2016,True,MO,32753,Healthy Alliance Life Co(Anthem BCBS),2116301.0,533752.0,477.0,187.0,,,,,,,2116301.0,533752.0,0.2522098699570618,,0.0008936734663289,0.3920335429769392,,,,18.0,2.0,2.0,2.0,5.0,both,351.285,360.32047619047614,252.42,18.0,7.0,both
2018,2016,True,MO,74483,Cigna Health and Life Insurance Company,415337.0,27555.0,543.0,158.0,,,,,,,415337.0,27555.0,0.066343716066712,,0.0197060424605334,0.29097605893186,,,,8.0,1.0,1.0,1.0,8.0,both,292.365,290.50375,228.41,8.0,1.0,both
2018,2016,True,MS,90714,Ambetter of Magnolia Inc.,1079939.0,159589.0,173.0,86.0,,,,,,,1079939.0,159589.0,0.1477759391965657,,0.0010840346139144,0.4971098265895953,,,,16.0,3.0,1.0,1.0,16.0,both,276.85,279.3805208333333,222.44,16.0,6.0,both
2018,2016,True,MT,23603,PacificSource Health Plans,176529.0,14151.0,39.0,,,,,,,,176529.0,14151.0,0.0801624662236799,,0.002755988976044,,,,,12.0,3.0,2.0,1.0,4.0,both,310.0,326.5208333333333,258.0,12.0,4.0,both
2018,2016,True,MT,30751,Blue Cross and Blue Shield of Montana,590779.0,87450.0,307.0,60.0,,,,,,,590779.0,87450.0,0.1480248959424759,,0.0035105774728416,0.1954397394136807,,,,17.0,3.0,3.0,4.0,16.0,both,313.425,316.0509090909091,207.04,17.0,4.0,both
2018,2016,True,MT,32225,Montana Health Cooperative,116375.0,12386.0,407.0,146.0,,,,,,,116375.0,12386.0,0.1064317937701396,,0.0328596802841918,0.3587223587223587,,,,11.0,3.0,2.0,2.0,0.0,both,319.02,331.76863636363635,213.14,11.0,4.0,both
2018,2016,True,NC,11512,Blue Cross and Blue Shield of NC,12678128.0,1335114.0,1180.0,555.0,66.0,39.0,,,,,12678128.0,1335114.0,0.1053084493231177,,0.0008838196588456,0.4703389830508475,0.5909090909090909,,,42.0,6.0,6.0,8.0,6.0,both,466.29,467.9523684210527,197.11,42.0,16.0,both
2018,2016,True,NC,73943,Cigna HealthCare of North Carolina,,,,,,,,,,,,,,,,,,,,,,,,,left_only,,,,,,left_only
2018,2016,True,ND,37160,Blue Cross Blue Shield of North Dakota,422374.0,48737.0,38.0,15.0,,,,,,,422374.0,48737.0,0.1153882577999592,,0.00077969509818,0.3947368421052631,,,,6.0,1.0,1.0,1.0,0.0,both,368.8250000000001,335.8066666666667,155.71,6.0,4.0,both
2018,2016,True,ND,89364,Sanford Health Plan,74043.0,5096.0,29.0,,,,,,,,74043.0,5096.0,0.0688248720338182,,0.0056907378335949,,,,,10.0,1.0,2.0,2.0,3.0,both,302.695,308.185,246.27,10.0,4.0,both
2018,2016,True,NE,20305,Medica Insurance Company,199447.0,24490.0,,,,,,,,,199447.0,24490.0,0.1227895130034545,,,,,,,10.0,1.0,1.0,1.0,10.0,both,402.465,388.39,219.81,10.0,4.0,both
2018,2016,True,NH,59025,Harvard Pilgrim Health Care of NE,344247.0,85343.0,55.0,29.0,,,,,,,344247.0,85343.0,0.2479121096189654,,0.0006444582449644,0.5272727272727272,,,,9.0,2.0,2.0,2.0,9.0,both,336.64,329.0177777777778,223.79,9.0,1.0,both
2018,2016,True,NH,75841,Celtic Insurance Company,475989.0,97172.0,294.0,153.0,,,,,,,475989.0,97172.0,0.2041475748389143,,0.0030255629193594,0.5204081632653061,,,,2.0,1.0,1.0,1.0,2.0,both,419.63,419.63,404.27,2.0,1.0,both
2018,2016,True,NH,96751,Matthew Thornton Hlth Plan(Anthem BCBS),1316806.0,317909.0,446.0,215.0,,,,,,,1316806.0,317909.0,0.2414243252233054,,0.0014029171869937,0.4820627802690583,,,,11.0,2.0,3.0,2.0,1.0,both,289.53,285.97545454545457,193.97,11.0,1.0,both
2018,2016,True,NJ,77606,AmeriHealth HMO,672012.0,237044.0,113.0,52.0,,,,,,,672012.0,237044.0,0.3527377487306774,,0.000476704746798,0.4601769911504424,,,,6.0,1.0,2.0,2.0,1.0,both,443.375,457.4333333333333,337.65,6.0,1.0,both
2018,2016,True,NJ,91661,Horizon Healthcare Services,6023668.0,1537464.0,1258.0,891.0,30.0,11.0,,,,,6023668.0,1537464.0,0.2552371744259478,,0.0008182305406825,0.7082670906200318,0.3666666666666666,,,9.0,3.0,2.0,1.0,5.0,both,398.62,419.9222222222222,262.45,9.0,1.0,both
2018,2016,True,NJ,91762,AmeriHealth Ins Company of New Jersey,2108754.0,743817.0,469.0,149.0,18.0,,,,,,2108754.0,743817.0,0.3527281987372638,,0.0006305314344791,0.3176972281449893,,,,19.0,2.0,4.0,5.0,3.0,both,402.34,410.0078947368421,286.57,19.0,1.0,both
2018,2016,True,NM,19722,"Molina Healthcare of New Mexico, Inc.",396228.0,101528.0,50.0,30.0,,,,,,,396228.0,101528.0,0.2562363083880998,,0.0004924749822709,0.6,,,,3.0,1.0,1.0,1.0,0.0,both,212.6,221.13466666666667,152.03,3.0,5.0,both
2018,2016,True,NM,72034,CHRISTUS Health Plan,27221.0,3209.0,156.0,114.0,,,,,,,27221.0,3209.0,0.1178869255354322,,0.0486132751636023,0.7307692307692307,,,,11.0,11.0,1.0,2.0,0.0,both,249.18,242.68705882352944,138.89,11.0,5.0,both
2018,2016,True,NM,75605,Blue Cross Blue Shield of New Mexico,5835.0,2306.0,106.0,24.0,,,,,,,5835.0,2306.0,0.3952013710368466,,0.0459670424978317,0.2264150943396226,,,,,,,,,left_only,,,,,,left_only
2018,2016,True,NM,93091,New Mexico Health Connections,326854.0,57688.0,88.0,57.0,,,,,,,326854.0,57688.0,0.1764947040574691,,0.0015254472333934,0.6477272727272727,,,,7.0,2.0,1.0,1.0,1.0,both,220.54,226.868,141.52,7.0,5.0,both
2018,2016,True,NV,95865,"Health Plan of Nevada, Inc.",456278.0,14267.0,447.0,283.0,,,,,,,456278.0,14267.0,0.0312682180600423,,0.031331043667204,0.6331096196868009,,,,16.0,1.0,1.0,1.0,7.0,both,313.1,314.4021875,206.42,16.0,2.0,both
2018,2016,True,OH,28162,AultCare Insurance Company,161810.0,1537.0,14.0,,,,,,,,161810.0,1537.0,0.0094987948828873,,0.0091086532205595,,,,,60.0,1.0,2.0,2.0,12.0,both,325.85,332.22605555555555,166.69,60.0,3.0,both
2018,2016,True,OH,41047,Buckeye Community Health Plan,186782.0,36994.0,49.0,,,,,,,,186782.0,36994.0,0.1980597702134038,,0.0013245391144509,,,,,11.0,2.0,1.0,1.0,8.0,both,241.41,245.6319480519481,204.55,11.0,7.0,both
2018,2016,True,OH,52664,"Summa Insurance Company, Inc.",88993.0,26237.0,136.0,99.0,,,,,,,88993.0,26237.0,0.2948209409728855,,0.005183519457255,0.7279411764705882,,,,10.0,2.0,2.0,2.0,6.0,both,311.29,318.83971428571425,211.6,10.0,5.0,both
2018,2016,True,OH,64353,"Molina Healthcare of Ohio, Inc.",165597.0,62212.0,15.0,,,,,,,,165597.0,62212.0,0.3756831343562987,,0.0002411110396708,,,,,3.0,1.0,1.0,2.0,0.0,both,274.28,288.6057692307692,203.21,3.0,9.0,both
2018,2016,True,OH,74313,Paramount Insurance Company,184423.0,35417.0,50.0,27.0,,,,,,,184423.0,35417.0,0.1920422073168748,,0.0014117514188101,0.54,,,,8.0,1.0,1.0,1.0,0.0,both,316.79,308.5846875,166.35,8.0,8.0,both
2018,2016,True,OH,77552,CareSource,2632177.0,389003.0,1123.0,772.0,,,,,,,2632177.0,389003.0,0.1477875538005233,,0.0028868671963969,0.6874443455031166,,,,42.0,2.0,5.0,7.0,0.0,both,275.57,287.40735294117644,182.85,42.0,15.0,both
2018,2016,True,OH,99969,Medical Health Insuring Corp. of Ohio,2182544.0,224411.0,489.0,220.0,16.0,,,,,,2182544.0,224411.0,0.1028208366016905,,0.0021790375694596,0.4498977505112474,,,,23.0,2.0,3.0,5.0,12.0,both,348.67,360.0825110132158,188.41,23.0,17.0,both
2018,2016,True,OK,87571,Blue Cross Blue Shield of Oklahoma,3790437.0,577932.0,1924.0,268.0,66.0,12.0,,,,,3790437.0,577932.0,0.1524710739157516,,0.0033291113833461,0.1392931392931393,0.1818181818181818,,,64.0,3.0,3.0,14.0,55.0,both,277.02,290.2275,192.26,64.0,5.0,both
2018,2016,True,OR,10091,PacificSource Health Plans,47952.0,5479.0,,,,,,,,,47952.0,5479.0,0.11426009342676,,,,,,,8.0,4.0,2.0,2.0,0.0,both,307.0,332.82142857142856,260.0,8.0,7.0,both
2018,2016,True,OR,39424,"Moda Health Plan, Inc.",701000.0,74948.0,149.0,21.0,14.0,,,,,,701000.0,74948.0,0.1069158345221112,,0.0019880450445642,0.1409395973154362,,,,16.0,9.0,3.0,4.0,10.0,both,282.0,289.94805194805195,189.0,16.0,7.0,both
2018,2016,True,OR,56707,Providence Health Plan,1089054.0,125953.0,185.0,85.0,,,,,,,1089054.0,125953.0,0.1156535855889606,,0.00146880185466,0.4594594594594595,,,,13.0,7.0,3.0,3.0,10.0,both,278.0,280.17808219178085,176.0,13.0,7.0,both
2018,2016,True,OR,63474,BridgeSpan Health Company,35831.0,2318.0,18.0,,,,,,,,35831.0,2318.0,0.064692584633418,,0.0077653149266609,,,,,17.0,16.0,4.0,3.0,11.0,both,311.98,320.7849056603773,221.31,17.0,7.0,both
2018,2016,True,OR,71287,Kaiser Foundation Healthplan of the NW,26.0,,152.0,73.0,,,,,,,26.0,,,,,0.4802631578947368,,,,10.0,1.0,1.0,1.0,4.0,both,266.0,259.8,195.0,10.0,5.0,both
2018,2016,True,PA,16322,"UPMC Health Options, Inc.",3092644.0,121182.0,911.0,177.0,62.0,,,,,,3092644.0,121182.0,0.0391839474572566,,0.0075176181281048,0.1942919868276619,,,,24.0,2.0,3.0,3.0,14.0,both,223.34,246.09491666666665,145.15,24.0,5.0,both
2018,2016,True,PA,22444,Geisinger Health Plan,702031.0,47774.0,235.0,113.0,,,,,,,702031.0,47774.0,0.0680511259474296,,0.0049189935948423,0.4808510638297872,,,,14.0,2.0,1.0,5.0,9.0,both,306.83500000000004,299.7807142857143,185.48,14.0,6.0,both
2018,2016,True,PA,31609,Independence Blue Cross (QCC Ins. Co.),4194962.0,639833.0,87.0,31.0,,,,,,,4194962.0,639833.0,0.1525241468218305,,0.0001359729804495,0.3563218390804598,,,,10.0,2.0,2.0,2.0,0.0,both,393.695,393.069,233.59,10.0,1.0,both
2018,2016,True,PA,33709,Highmark Inc.,550375.0,70436.0,154.0,78.0,,,,,,,550375.0,70436.0,0.127978196684079,,0.0021863819637685,0.5064935064935064,,,,4.0,1.0,1.0,1.0,4.0,both,210.86,210.7025,168.45,4.0,2.0,both
2018,2016,True,PA,33871,Keystone Health Plan East,5916949.0,1397973.0,276.0,134.0,17.0,,,,,,5916949.0,1397973.0,0.2362658525534021,,0.0001974287057046,0.4855072463768116,,,,7.0,1.0,1.0,1.0,1.0,both,352.1,349.72,226.92,7.0,1.0,both
2018,2016,True,PA,45127,Capital Advantage Assurance Company,752780.0,82272.0,145.0,67.0,,,,,,,752780.0,82272.0,0.1092908950822285,,0.0017624465188642,0.4620689655172413,,,,10.0,1.0,1.0,1.0,2.0,both,358.565,380.63433333333336,283.78,10.0,3.0,both
2018,2016,True,PA,70194,Highmark Health Insurance Company,508334.0,35755.0,56.0,22.0,,,,,,,508334.0,35755.0,0.0703376126719833,,0.0015662145154523,0.3928571428571428,,,,14.0,6.0,4.0,4.0,0.0,both,356.96500000000003,365.5612068965517,263.41,14.0,7.0,both
2018,2016,True,PA,83731,First Priority Health,,,,,,,,,,,,,,,,,,,,,,,,,left_only,,,,,,left_only
2018,2016,True,SC,26065,Blue Cross and Blue Shield of South Carolina,4904800.0,771688.0,830.0,466.0,19.0,10.0,,,,,4904800.0,771688.0,0.1573332245963138,,0.001075564217663,0.5614457831325301,0.5263157894736842,,,23.0,3.0,2.0,2.0,5.0,both,320.445,329.72780718336486,228.19,23.0,46.0,both
2018,2016,True,SD,31195,Sanford Health Plan,138964.0,6654.0,53.0,17.0,,,,,,,138964.0,6654.0,0.0478829049250165,,0.0079651337541328,0.320754716981132,,,,10.0,1.0,2.0,2.0,4.0,both,318.285,323.248,250.93,10.0,4.0,both
2018,2016,True,SD,60536,"Avera Health Plans, Inc.",115285.0,14636.0,150.0,61.0,,,,,,,115285.0,14636.0,0.1269549377629353,,0.0102487018311013,0.4066666666666667,,,,14.0,1.0,1.0,1.0,1.0,both,324.475,337.0778571428572,215.38,14.0,4.0,both
2018,2016,True,TN,14002,BlueCross BlueShield of Tennessee,7795307.0,1296017.0,598.0,312.0,,,,,,,7795307.0,1296017.0,0.1662560563682739,,0.0004614137005918,0.5217391304347826,,,,72.0,1.0,3.0,4.0,0.0,both,373.67,409.70108974358976,194.82,72.0,8.0,both
2018,2016,True,TN,99248,Cigna Health and Life Insurance Company,349201.0,22971.0,532.0,160.0,,,,,,,349201.0,22971.0,0.065781598563578,,0.0231596360628618,0.3007518796992481,,,,12.0,2.0,2.0,2.0,6.0,both,288.025,295.03333333333336,221.88,12.0,3.0,both
2018,2016,True,TX,20069,Oscar Insurance Company of Texas,253320.0,43556.0,47.0,33.0,2.0,1.0,,,,,253320.0,43556.0,0.1719406284541291,,0.0010790706217283,0.7021276595744681,0.5,,,12.0,12.0,1.0,1.0,12.0,both,282.59000000000003,287.27208333333334,168.09,12.0,2.0,both
2018,2016,True,TX,26539,SHA LLC FirstCare Health Plans,600869.0,119502.0,17.0,,,,,,,,600869.0,119502.0,0.1988819526385951,,0.000142257033355,,,,,7.0,1.0,1.0,1.0,1.0,both,228.7,274.9277777777778,210.64,7.0,9.0,both
2018,2016,True,TX,27248,Community Health Choice,1669848.0,440693.0,234.0,104.0,,,,,,,1669848.0,440693.0,0.2639120446890974,,0.0005309818853487,0.4444444444444444,,,,5.0,1.0,2.0,1.0,0.0,both,274.85,273.39,199.87,5.0,2.0,both
2018,2016,True,TX,29418,Celtic Insurance Company,1015158.0,195246.0,227.0,65.0,,,,,,,1015158.0,195246.0,0.1923306519773276,,0.0011626358542556,0.2863436123348017,,,,11.0,2.0,1.0,1.0,11.0,both,240.005,240.13613636363635,169.85,11.0,8.0,both
2018,2016,True,TX,33602,Blue Cross Blue Shield of Texas,9070408.0,1743204.0,17821.0,1619.0,397.0,40.0,,,,,9070408.0,1743204.0,0.1921858421363184,,0.0102231293640904,0.0908478761012288,0.1007556675062972,,,338.0,3.0,2.0,52.0,312.0,both,284.565,292.40597633136093,168.54,338.0,26.0,both
2018,2016,True,TX,45786,Molina Healthcare of Texas,1794309.0,538630.0,572.0,396.0,,,,,,,1794309.0,538630.0,0.3001879832291985,,0.0010619534745558,0.6923076923076923,,,,5.0,2.0,1.0,1.0,0.0,both,281.57500000000005,279.02575,204.12,5.0,8.0,both
2018,2016,True,TX,66252,CHRISTUS Health Plan,176917.0,22645.0,629.0,358.0,,,,,,,176917.0,22645.0,0.1279978747096096,,0.0277765511150364,0.5691573926868044,,,,35.0,7.0,4.0,5.0,35.0,both,239.57,245.05514285714287,170.43,35.0,5.0,both
2018,2016,True,TX,71837,Sendero Health Plans,390784.0,91776.0,24.0,17.0,,,,,,,390784.0,91776.0,0.2348509662626924,,0.0002615062761506,0.7083333333333334,,,,3.0,1.0,1.0,1.0,0.0,both,228.66,235.0233333333333,206.52,3.0,2.0,both
2018,2016,True,UT,42261,University of Utah Health Insurance Plans,27016.0,2359.0,112.0,25.0,,,,,,,27016.0,2359.0,0.0873186259994077,,0.0474777448071216,0.2232142857142857,,,,5.0,1.0,1.0,2.0,5.0,both,304.79,299.1823076923077,197.68,5.0,3.0,both
2018,2016,True,UT,68781,SelectHealth,3851019.0,399198.0,642.0,236.0,,,,,,,3851019.0,399198.0,0.1036603558694465,,0.0016082244901026,0.367601246105919,,,,60.0,6.0,3.0,3.0,0.0,both,303.615,309.14133333333336,197.59,60.0,6.0,both
2018,2016,True,VA,10207,"CareFirst BlueChoice, Inc.",694026.0,89293.0,,,,,,,,,694026.0,89293.0,0.1286594450352004,,,,,,,10.0,2.0,5.0,1.0,1.0,both,374.77,346.625,197.71,10.0,1.0,both
2018,2016,True,VA,20507,Optima Health Plan,1962371.0,422303.0,152.0,51.0,,,,,,,1962371.0,422303.0,0.2152003876942739,,0.0003599311394898,0.3355263157894737,,,,13.0,2.0,3.0,3.0,7.0,both,322.23,335.000495049505,254.67,13.0,12.0,both
2018,2016,True,VA,37204,"Piedmont Community HealthCare HMO, Inc.",67947.0,12228.0,149.0,131.0,,,,,,,67947.0,12228.0,0.1799637953110512,,0.0121851488387307,0.8791946308724832,,,,10.0,1.0,1.0,1.0,10.0,both,277.845,293.934,231.33,10.0,5.0,both
2018,2016,True,VA,40308,Group Hospitalization and Medical Services Inc.,349209.0,46417.0,,,,,,,,,349209.0,46417.0,0.1329204001042355,,,,,,,3.0,2.0,2.0,1.0,0.0,both,412.47,417.93,285.02,3.0,1.0,both
2018,2016,True,VA,41921,Cigna Health and Life Insurance Company,,,,,,,,,,,,,,,,,,,,,,,,,left_only,,,,,,left_only
2018,2016,True,VA,88380,"HealthKeepers, Inc.",6354806.0,1663477.0,81.0,22.0,,,,,,,6354806.0,1663477.0,0.2617667636116665,,4.869318902515634e-05,0.2716049382716049,,,,27.0,3.0,2.0,6.0,5.0,both,290.96500000000003,298.9391111111111,195.53,27.0,12.0,both
2018,2016,True,VA,95185,"Kaiser Foundation Health Plan of the Mid-Atlantic States, Inc.",9337.0,2523.0,295.0,142.0,,,,,,,9337.0,2523.0,0.2702152725714897,,0.1169242964724534,0.4813559322033898,,,,10.0,1.0,1.0,1.0,0.0,both,291.44,296.605,196.45,10.0,3.0,both
2018,2016,True,WI,14630,Children's Community Health Plan ,,,,,,,,,,,,,,,,,,,,,,,,,left_only,,,,,,left_only
2018,2016,True,WI,20173,HealthPartners Insurance Company,,,,,,,,,,,,,,,,,,,,,,,,,left_only,,,,,,left_only
2018,2016,True,WI,37833,Unity Health Plans Insurance Corporation,363997.0,14594.0,27.0,12.0,,,,,,,363997.0,14594.0,0.0400937370362942,,0.0018500753734411,0.4444444444444444,,,,78.0,3.0,3.0,3.0,23.0,both,343.16,357.75865384615383,168.64,78.0,5.0,both
2018,2016,True,WI,38166,Security Health Plan of Wisconsin,998427.0,75233.0,156.0,,,,,,,,998427.0,75233.0,0.0753515279534708,,0.0020735581460263,,,,,18.0,2.0,2.0,2.0,2.0,both,374.85,385.69138888888887,227.86,18.0,9.0,both
2018,2016,True,WI,38345,Dean Health Plan,1163802.0,186462.0,157.0,73.0,,,,,,,1163802.0,186462.0,0.1602179752225894,,0.0008419946155248,0.464968152866242,,,,38.0,3.0,3.0,3.0,18.0,both,295.36,291.9341095890411,152.05,38.0,7.0,both
2018,2016,True,WI,57845,Medica Health Plans of Wisconsin,180106.0,21620.0,10.0,,,,,,,,180106.0,21620.0,0.1200404206411779,,0.0004625346901017,,,,,10.0,1.0,1.0,1.0,2.0,both,474.205,460.26725,224.83,10.0,4.0,both
2018,2016,True,WI,58326,MercyCare HMO,,,,,,,,,,,,,,,,,,,,9.0,1.0,1.0,1.0,0.0,both,314.43,318.6,222.7,9.0,1.0,both
2018,2016,True,WI,81413,Network Health Plan,66115.0,15382.0,23.0,18.0,,,,,,,66115.0,15382.0,0.2326552219617333,,0.0014952541932128,0.782608695652174,,,,8.0,2.0,2.0,2.0,8.0,both,362.3,356.725625,269.11,8.0,4.0,both
2018,2016,True,WI,86584,Aspirus Arise Health Plan of Wisconsin,,,,,,,,,,,,,,,,,,,,,,,,,left_only,,,,,,left_only
2018,2016,True,WI,87416,Common Ground Healthcare Cooperative,530152.0,103550.0,62.0,15.0,,,,,,,530152.0,103550.0,0.19532134180386,,0.0005987445678416,0.2419354838709677,,,,10.0,1.0,1.0,1.0,0.0,both,348.925,352.9475,212.52,10.0,6.0,both
2018,2016,True,WI,94529,Group Health Cooperative of South Central Wisconsin,69989.0,4960.0,,,,,,,,,69989.0,4960.0,0.070868279301033,,,,,,,24.0,1.0,2.0,2.0,4.0,both,379.91,374.53875,210.73,24.0,5.0,both
2018,2016,True,WV,31274,Highmark Blue Cross Blue Shield West Virginia,1112766.0,65732.0,84.0,43.0,,,,,,,1112766.0,65732.0,0.0590708199208099,,0.0012779163877563,0.5119047619047619,,,,17.0,6.0,2.0,2.0,1.0,both,381.78,378.1989839572193,244.38,17.0,11.0,both
2018,2016,True,WV,50328,CareSource West Virginia Co.,55215.0,8951.0,18.0,12.0,,,,,,,55215.0,8951.0,0.1621117449968305,,0.0020109484973745,0.6666666666666666,,,,30.0,2.0,5.0,5.0,30.0,both,353.3,365.8341666666667,237.75,30.0,4.0,both
2018,2016,True,WY,11269,Blue Cross Blue Shield of Wyoming,904537.0,144255.0,113.0,77.0,,,,,,,904537.0,144255.0,0.1594793800585272,,0.0007833350663755,0.6814159292035398,,,,30.0,2.0,1.0,1.0,0.0,both,467.77,476.97399999999993,333.7,30.0,3.0,both
2019,2017,True,AK,38344,Premera Blue Cross Blue Shield of Alaska,252739.0,8859.0,437.0,166.0,6.0,2.0,,,,,252739.0,8859.0,0.0350519706099968,,0.0493283666328028,0.3798627002288329,0.3333333333333333,,,5.0,2.0,1.0,1.0,0.0,both,902.0,870.5333333333333,703.0,5.0,3.0,both
2019,2017,True,AL,46944,Blue Cross and Blue Shield of Alabama,8229097.0,1831644.0,2480.0,577.0,42.0,,,,,,8229097.0,1831644.0,0.2225814083853915,,0.0013539748990524,0.2326612903225806,,,,7.0,7.0,2.0,2.0,0.0,both,429.84,429.1408791208791,262.04,7.0,13.0,both
2019,2017,True,AL,73301,"Bright Health Insurance Company of Alabama, Inc.",,,,,,,,,,,,,,,,,,,,,,,,,left_only,,,,,,left_only
2019,2017,True,AR,37903,"QualChoice Life & Health Insurance Company, Inc.",627574.0,102634.0,200.0,54.0,15.0,,,,,,627574.0,102634.0,0.163540873267535,,0.0019486719800455,0.27,,,,2.0,1.0,1.0,1.0,0.0,both,382.965,383.526,359.17,2.0,5.0,both
2019,2017,True,AR,62141,Celtic Insurance Company,3478894.0,351698.0,162.0,48.0,17.0,14.0,,,,,3478894.0,351698.0,0.1010947732239039,,0.0004606224658656,0.2962962962962963,0.8235294117647058,,,7.0,2.0,1.0,1.0,2.0,both,296.99,305.1961224489796,238.7,7.0,7.0,both
2019,2017,True,AR,70525,"QCA Health Plan, Inc.",704563.0,116814.0,367.0,36.0,131.0,21.0,,,,,704563.0,116814.0,0.1657963872641623,,0.0031417467084424,0.0980926430517711,0.1603053435114503,,,5.0,1.0,1.0,2.0,0.0,both,343.1,314.570303030303,175.32,5.0,7.0,both
2019,2017,True,AR,75293,USAble Mutual Insurance Company,7882095.0,1344826.0,2417.0,844.0,53.0,11.0,,,,,7882095.0,1344826.0,0.1706178370090693,,0.0017972585300998,0.3491932147290029,0.2075471698113207,,,12.0,2.0,2.0,2.0,12.0,both,325.835,329.90464285714285,241.08,12.0,7.0,both
2019,2017,True,AZ,53901,"Blue Cross and Blue Shield of Arizona, Inc.",123454.0,22937.0,2131.0,925.0,58.0,,,,,,123454.0,22937.0,0.1857938989421161,,0.0929066573658281,0.4340685124354763,,,,26.0,3.0,1.0,8.0,25.0,both,527.46,542.3685714285714,224.81,26.0,6.0,both
2019,2017,True,AZ,91450,Ambetter from Arizona Complete Health,1062617.0,160526.0,1120.0,502.0,17.0,,,,,,1062617.0,160526.0,0.1510666590126075,,0.0069770629056975,0.4482142857142857,,,,6.0,1.0,1.0,2.0,4.0,both,465.115,482.115,349.23,6.0,2.0,both
2019,2017,True,DE,76168,Highmark BCBSD Inc.,335263.0,27922.0,45.0,17.0,,,,,,,335263.0,27922.0,0.0832838696784315,,0.0016116324045555,0.3777777777777777,,,,8.0,5.0,1.0,1.0,1.0,both,480.025,460.8225,341.95,8.0,1.0,both
2019,2017,True,FL,16842,Blue Cross and Blue Shield of Florida,16136090.0,636516.0,3427.0,1187.0,204.0,55.0,,,,,16136090.0,636516.0,0.039446730899493,,0.0053839966316636,0.3463670849139189,0.2696078431372549,,,26.0,2.0,2.0,2.0,8.0,both,472.81,506.1871193092622,243.57,26.0,67.0,both
2019,2017,True,FL,21663,Celtic Insurance Company,4024974.0,834501.0,979.0,462.0,26.0,10.0,,,,,4024974.0,834501.0,0.2073307802733632,,0.0011731561735695,0.4719101123595505,0.3846153846153846,,,18.0,3.0,1.0,1.0,5.0,both,335.435,339.0275490196079,268.99,18.0,17.0,both
2019,2017,True,FL,30252,"Health Options, Inc.",11419533.0,348938.0,2581.0,1219.0,111.0,23.0,,,,,11419533.0,348938.0,0.0305562407849778,,0.007396729504955,0.4722975590856257,0.2072072072072072,,,20.0,2.0,2.0,2.0,7.0,both,406.065,436.7271124031008,274.0,20.0,45.0,both
2019,2017,True,FL,36194,"Health First Commercial Plans, Inc.",458994.0,59486.0,263.0,141.0,12.0,,,,,,458994.0,59486.0,0.1296008226687059,,0.0044212083515449,0.5361216730038023,,,,60.0,4.0,2.0,2.0,60.0,both,359.245,354.60166666666663,204.22,60.0,4.0,both
2019,2017,True,FL,54172,"Molina Healthcare of Florida, Inc.",7807828.0,1910798.0,1033.0,367.0,28.0,11.0,,,,,7807828.0,1910798.0,0.2447284955559984,,0.0005406118281471,0.3552758954501452,0.3928571428571428,,,5.0,2.0,1.0,1.0,2.0,both,323.015,325.05100000000004,265.09,5.0,8.0,both
2019,2017,True,FL,56503,"Florida Health Care Plan, Inc.",371954.0,8837.0,104.0,24.0,,,,,,,371954.0,8837.0,0.023758314200143,,0.0117686997849949,0.2307692307692307,,,,33.0,33.0,1.0,1.0,2.0,both,394.735,420.7467424242424,248.2,33.0,4.0,both
2019,2017,True,GA,49046,"BCBS Healthcare Plan of Georgia, Inc.",9342627.0,2439462.0,878.0,130.0,12.0,,,,,,9342627.0,2439462.0,0.2611109273655044,,0.0003599154239746,0.1480637813211845,,,,78.0,2.0,4.0,12.0,67.0,both,382.71,393.4324175824176,208.45,78.0,16.0,both
2019,2017,True,GA,70893,"Ambetter from Peach State Health Plan, Inc. ",2908913.0,,1815.0,458.0,,,,,,,2908913.0,,,,,0.2523415977961432,,,,18.0,3.0,1.0,1.0,5.0,both,293.5,293.3929166666667,226.01,18.0,4.0,both
2019,2017,True,GA,83761,Alliant Health Plans,319806.0,33770.0,1262.0,564.0,39.0,,,,,,319806.0,33770.0,0.1055952671306979,,0.0373704471424341,0.4469096671949287,,,,13.0,1.0,1.0,1.0,7.0,both,467.88,479.1197802197802,332.86,13.0,7.0,both
2019,2017,True,GA,89942,"Kaiser Foundation Health Plan of Georgia, Inc.",21064.0,4455.0,194.0,63.0,14.0,,,,,,21064.0,4455.0,0.2114982909229016,,0.0435465768799102,0.3247422680412371,,,,12.0,1.0,1.0,1.0,1.0,both,373.165,366.0091666666667,254.77,12.0,1.0,both
2019,2017,True,HI,18350,Hawaii Medical Service Association,483584.0,161163.0,33.0,21.0,,,,,,,483584.0,161163.0,0.3332678500529381,,0.0002047616388376,0.6363636363636364,,,,12.0,2.0,5.0,1.0,1.0,both,375.51,399.4883333333333,260.35,12.0,1.0,both
2019,2017,True,HI,60612,"Kaiser Foundation Health Plan, Inc.",,,14.0,,,,,,,,,,,,,,,,,11.0,1.0,1.0,1.0,1.0,both,350.97,356.5763636363636,244.25,11.0,1.0,both
2019,2017,True,IA,93078,Medica Insurance Company,344412.0,18416.0,116.0,56.0,,,,,,,344412.0,18416.0,0.0534708430600559,,0.0062988705473501,0.4827586206896552,,,,6.0,1.0,1.0,2.0,0.0,both,422.0,416.0022222222222,289.19,6.0,7.0,both
2019,2017,True,IL,20129,"Health Alliance Medical Plans, Inc.",2707436.0,330223.0,383.0,207.0,30.0,,,,,,2707436.0,330223.0,0.1219689034200623,,0.001159822301899,0.5404699738903395,,,,17.0,3.0,2.0,2.0,5.0,both,411.1950000000001,416.395737704918,311.8,17.0,8.0,both
2019,2017,True,IL,27833,Celtic Insurance Company,876420.0,181589.0,54.0,33.0,,,,,,,876420.0,181589.0,0.2071940393875082,,0.000297374840987,0.6111111111111112,,,,9.0,2.0,1.0,1.0,4.0,both,363.93,360.2755555555556,282.59,9.0,2.0,both
2019,2017,True,IL,36096,Blue Cross Blue Shield of Illinois,3815018.0,785178.0,3247.0,377.0,237.0,47.0,,,,,3815018.0,785178.0,0.205812397215426,,0.004135368031198,0.116107175854635,0.1983122362869198,,,179.0,5.0,5.0,38.0,29.0,both,434.42,446.94703910614527,309.75,179.0,13.0,both
2019,2017,True,IL,53882,"Cigna HealthCare of Illinois, Inc.",315274.0,33798.0,44.0,14.0,10.0,,,,,,315274.0,33798.0,0.1072019893806657,,0.0013018521806024,0.3181818181818182,,,,7.0,1.0,1.0,1.0,7.0,both,333.0,333.7966666666666,269.07,7.0,3.0,both
2019,2017,True,IN,54192,"CareSource Indiana, Inc.",336130.0,72335.0,3191.0,1614.0,15.0,,,,,,336130.0,72335.0,0.2151994763930622,,0.0441141909172599,0.5057975556251959,,,,16.0,4.0,2.0,2.0,10.0,both,324.785,332.0111165048544,237.18,16.0,17.0,both
2019,2017,True,IN,76179,Celtic Insurance Company,514139.0,4425.0,608.0,221.0,22.0,13.0,,,,,514139.0,4425.0,0.0086066219446492,,0.1374011299435028,0.3634868421052631,0.5909090909090909,,,15.0,3.0,1.0,1.0,2.0,both,274.875,277.21827777777776,186.12,15.0,12.0,both
2019,2017,True,KS,18558,"Blue Cross and Blue Shield of Kansas, Inc.",,,,,,,,,,,,,,,,,,,,,,,,,left_only,,,,,,left_only
2019,2017,True,KS,39520,Medica Insurance Company,192682.0,14056.0,94.0,58.0,,,,,,,192682.0,14056.0,0.0729492116544358,,0.0066875355719977,0.6170212765957447,,,,7.0,1.0,1.0,1.0,7.0,both,451.55,441.7955102040816,256.47,7.0,7.0,both
2019,2017,True,KS,80065,"Sunflower State Health Plan, Inc.",,,,,,,,,,,,,,,,,,,,,,,,,left_only,,,,,,left_only
2019,2017,True,KY,36239,Anthem Health Plans of KY(Anthem BCBS),2506600.0,627039.0,504.0,200.0,,,,,,,2506600.0,627039.0,0.2501551902976143,,0.0008037777554506,0.3968253968253968,,,,14.0,3.0,3.0,3.0,1.0,both,351.805,364.42607142857145,245.48,14.0,8.0,both
2019,2017,True,KY,45636,CareSource Kentucky Co.,273596.0,69492.0,1100.0,323.0,,,,,,,273596.0,69492.0,0.2539949414465123,,0.0158291601911011,0.2936363636363636,,,,11.0,4.0,1.0,1.0,4.0,both,277.065,280.7557575757576,162.5,11.0,6.0,both
2019,2017,True,LA,19636,"HMO Louisiana, Inc.",3906164.0,1122288.0,693.0,256.0,23.0,,,,,,3906164.0,1122288.0,0.287312053462169,,0.0006174885590864,0.3694083694083694,,,,15.0,4.0,3.0,4.0,5.0,both,424.83,435.4808333333333,314.39,15.0,8.0,both
2019,2017,True,LA,67243,"Vantage Health Plan, Inc.",153837.0,14092.0,429.0,310.0,,,,,,,153837.0,14092.0,0.0916034504052991,,0.0304428044280442,0.7226107226107226,,,,10.0,1.0,2.0,2.0,0.0,both,489.76,487.035,385.55,10.0,8.0,both
2019,2017,True,LA,97176,Louisiana Health Service & Indemnity Company,918690.0,293942.0,114.0,41.0,11.0,,,,,,918690.0,293942.0,0.3199577659493409,,0.0003878316130393,0.3596491228070175,,,,5.0,2.0,1.0,1.0,0.0,both,612.75,609.4702500000001,460.82,5.0,8.0,both
2019,2017,True,ME,33653,Maine Community Health Options,1126956.0,148445.0,128.0,52.0,,,,,,,1126956.0,148445.0,0.1317220903034368,,0.000862272222035,0.40625,,,,9.0,3.0,1.0,1.0,0.0,both,398.76,407.9563888888889,222.11,9.0,4.0,both
2019,2017,True,ME,48396,Anthem Health Plans of ME(Anthem BCBS),836945.0,193746.0,331.0,164.0,,,,,,,836945.0,193746.0,0.231491914044531,,0.0017084223674295,0.4954682779456193,,,,33.0,4.0,4.0,6.0,6.0,both,373.12,399.53581818181823,241.2,33.0,4.0,both
2019,2017,True,ME,96667,"Harvard Pilgrim  Health Care, Inc.",603798.0,142411.0,55.0,26.0,,,,,,,603798.0,142411.0,0.2358586812145784,,0.0003862061217181,0.4727272727272727,,,,8.0,2.0,2.0,2.0,8.0,both,414.6,437.9153571428572,295.44,8.0,4.0,both
2019,2017,True,MI,29698,Priority Health,1934517.0,377599.0,405.0,19.0,28.0,,,,,,1934517.0,377599.0,0.1951903239930174,,0.001072566399805,0.0469135802469135,,,,41.0,2.0,3.0,5.0,31.0,both,317.3,312.45221574344026,211.96,41.0,15.0,both
2019,2017,True,MI,40047,"Molina Healthcare of Michigan, Inc.",511779.0,110302.0,181.0,52.0,,,,,,,511779.0,110302.0,0.2155266237965997,,0.0016409493934833,0.287292817679558,,,,5.0,2.0,1.0,1.0,2.0,both,237.75,245.19,192.15,5.0,4.0,both
2019,2017,True,MI,58594,"Meridian Health Plan of Michigan, Inc.",37804.0,8707.0,53.0,17.0,12.0,,,,,,37804.0,8707.0,0.2303195429055126,,0.0060870563914092,0.320754716981132,,,,6.0,1.0,1.0,1.0,2.0,both,303.3,310.5060416666667,188.27,6.0,8.0,both
2019,2017,True,MI,60829,Physicians Health Plan,230906.0,28118.0,48.0,12.0,,,,,,,230906.0,28118.0,0.1217724961672715,,0.0017070915427839,0.25,,,,35.0,4.0,2.0,2.0,24.0,both,366.12,363.417304964539,208.66,35.0,5.0,both
2019,2017,True,MI,67183,Total Health Care,214877.0,87633.0,,,,,,,,,214877.0,87633.0,0.4078286647710085,,,,,,,6.0,1.0,1.0,1.0,4.0,both,256.18,250.37166666666664,202.42,6.0,3.0,both
2019,2017,True,MI,74917,McLaren Health Plan Community,36468.0,5689.0,36.0,23.0,,,,,,,36468.0,5689.0,0.155999780629593,,0.0063280014062225,0.6388888888888888,,,,6.0,1.0,1.0,1.0,2.0,both,361.46,366.8539285714286,220.95,6.0,14.0,both
2019,2017,True,MI,98185,Blue Care Network of Michigan,2581719.0,667674.0,372.0,266.0,21.0,,,,,,2581719.0,667674.0,0.2586160616240575,,0.0005571581340594,0.7150537634408602,,,,26.0,4.0,4.0,5.0,4.0,both,321.31,329.54624277456645,196.25,26.0,16.0,both
2019,2017,True,MO,32753,Healthy Alliance Life Co(Anthem BCBS),4477148.0,1061399.0,229.0,74.0,,,,,,,4477148.0,1061399.0,0.2370703403148611,,0.0002157529826201,0.3231441048034934,,,,16.0,2.0,2.0,2.0,3.0,both,429.705,430.4575892857143,306.77,16.0,7.0,both
2019,2017,True,MO,74483,Cigna Health and Life Insurance Company,1607008.0,133048.0,401.0,171.0,,,,,,,1607008.0,133048.0,0.0827923694219319,,0.0030139498526847,0.42643391521197,,,,16.0,1.0,2.0,2.0,10.0,both,331.305,329.4008333333333,241.19,16.0,3.0,both
2019,2017,True,MO,99723,Celtic Insurance Company,,,,,,,,,,,,,,,,,,,,,,,,,left_only,,,,,,left_only
2019,2017,True,MS,90714,"Ambetter of Magnolia, Inc.",1735056.0,137875.0,255.0,188.0,,,,,,,1735056.0,137875.0,0.079464293947861,,0.0018495013599274,0.7372549019607844,,,,17.0,3.0,1.0,1.0,4.0,both,350.075,349.73470588235296,270.97,17.0,6.0,both
2019,2017,True,MT,23603,PacificSource Health Plans,291956.0,23502.0,34.0,14.0,,,,,,,291956.0,23502.0,0.0804984312704654,,0.0014466853884775,0.4117647058823529,,,,6.0,1.0,2.0,2.0,6.0,both,452.5,468.3888888888889,351.0,6.0,4.0,both
2019,2017,True,MT,30751,Blue Cross and Blue Shield of Montana,488714.0,72567.0,255.0,50.0,10.0,,,,,,488714.0,72567.0,0.1484856173549356,,0.0035139939641986,0.196078431372549,,,,48.0,3.0,3.0,10.0,4.0,both,480.65,478.9704166666667,318.86,48.0,4.0,both
2019,2017,True,MT,32225,Montana Health Cooperative,163392.0,17067.0,156.0,62.0,,,,,,,163392.0,17067.0,0.1044543184488836,,0.0091404464756547,0.3974358974358974,,,,9.0,3.0,2.0,2.0,0.0,both,389.665,430.9291666666666,245.85,9.0,4.0,both
2019,2017,True,NC,11512,Blue Cross and Blue Shield of North Carolina,21942057.0,4461371.0,1776.0,812.0,499.0,80.0,,,,,21942057.0,4461371.0,0.2033251030201954,,0.0003980839073907,0.4572072072072072,0.1603206412825651,,,32.0,5.0,5.0,7.0,0.0,both,539.21,533.037,224.75,32.0,16.0,both
2019,2017,True,NC,73943,"Cigna HealthCare of North Carolina, Inc.",356891.0,28653.0,52.0,34.0,,,,,,,356891.0,28653.0,0.0802850169939841,,0.0018148186926325,0.6538461538461539,,,,8.0,1.0,1.0,1.0,8.0,both,411.775,452.02833333333336,363.8,8.0,3.0,both
2019,2017,True,ND,37160,Blue Cross Blue Shield of North Dakota,554896.0,59134.0,66.0,16.0,,,,,,,554896.0,59134.0,0.1065677171938525,,0.0011161091757702,0.2424242424242424,,,,7.0,1.0,2.0,1.0,2.0,both,339.67,323.31142857142856,164.43,7.0,4.0,both
2019,2017,True,ND,89364,Sanford Health Plan,68269.0,6271.0,36.0,16.0,,,,,,,68269.0,6271.0,0.0918572119117022,,0.0057407112103332,0.4444444444444444,,,,10.0,1.0,2.0,2.0,1.0,both,318.895,327.713,256.39,10.0,4.0,both
2019,2017,True,NE,20305,Medica Insurance Company,799419.0,39237.0,293.0,177.0,,,,,,,799419.0,39237.0,0.0490818957267715,,0.0074674414455743,0.6040955631399317,,,,6.0,1.0,1.0,2.0,0.0,both,532.45,520.8938095238095,322.77,6.0,4.0,both
2019,2017,True,NH,59025,Harvard Pilgrim Health Care of New England,348690.0,84490.0,99.0,41.0,,,,,,,348690.0,84490.0,0.2423069201869855,,0.0011717363001538,0.4141414141414141,,,,8.0,2.0,2.0,2.0,8.0,both,342.21000000000004,354.90375,267.75,8.0,1.0,both
2019,2017,True,NH,75841,Celtic Insurance Company,591673.0,165489.0,170.0,73.0,,,,,,,591673.0,165489.0,0.2796967243730912,,0.0010272586093335,0.4294117647058823,,,,2.0,1.0,1.0,1.0,0.0,both,416.8200000000001,416.8200000000001,409.85,2.0,1.0,both
2019,2017,True,NH,96751,Matthew Thornton Hlth Plan(Anthem BCBS),1320102.0,291939.0,451.0,216.0,,,,,,,1320102.0,291939.0,0.2211488203184299,,0.0015448432720534,0.4789356984478936,,,,13.0,2.0,3.0,2.0,2.0,both,315.33,320.8392307692308,222.51,13.0,1.0,both
2019,2017,True,NJ,23818,Oscar Garden State Insurance Corporation,,,,,,,,,,,,,,,,,,,,,,,,,left_only,,,,,,left_only
2019,2017,True,NJ,77606,"AmeriHealth HMO, Inc.",302492.0,48873.0,51.0,,,,,,,,302492.0,48873.0,0.1615679092339632,,0.0010435209624946,,,,,4.0,1.0,2.0,2.0,0.0,both,559.81,559.8,357.93,4.0,1.0,both
2019,2017,True,NJ,91661,"Horizon Healthcare Services, Inc.",7391551.0,1796692.0,2179.0,539.0,69.0,32.0,,,,,7391551.0,1796692.0,0.2430737473095971,,0.0012127843837452,0.247361174850849,0.463768115942029,,,7.0,3.0,2.0,1.0,0.0,both,397.01,404.9771428571429,274.3,7.0,1.0,both
2019,2017,True,NJ,91762,AmeriHealth Ins Company of New Jersey,1856110.0,279833.0,229.0,43.0,14.0,,,,,,1856110.0,279833.0,0.1507631552009309,,0.000818345227332,0.1877729257641921,,,,13.0,1.0,3.0,3.0,1.0,both,351.38,449.3776923076923,288.05,13.0,1.0,both
2019,2017,True,NM,19722,"Molina Healthcare of New Mexico, Inc.",746507.0,151976.0,50.0,16.0,,,,,,,746507.0,151976.0,0.2035828197190381,,0.0003289993156814,0.32,,,,3.0,1.0,1.0,1.0,0.0,both,266.71,264.5093333333333,200.62,3.0,5.0,both
2019,2017,True,NM,72034,CHRISTUS Health Plan,28693.0,3421.0,105.0,67.0,,,,,,,28693.0,3421.0,0.1192276861952392,,0.0306927798889213,0.638095238095238,,,,9.0,9.0,1.0,2.0,0.0,both,279.79,278.19800000000004,151.92,9.0,5.0,both
2019,2017,True,NM,75605,Blue Cross Blue Shield of New Mexico,50063.0,8988.0,41.0,,,,,,,,50063.0,8988.0,0.1795337874278409,,0.0045616377392078,,,,,30.0,1.0,1.0,5.0,30.0,both,359.025,360.03266666666667,249.14,30.0,5.0,both
2019,2017,True,NM,93091,New Mexico Health Connections,318328.0,63420.0,365.0,232.0,,,,,,,318328.0,63420.0,0.1992284687492146,,0.0057552822453484,0.6356164383561644,,,,9.0,3.0,2.0,2.0,3.0,both,285.94,300.346,210.25,9.0,5.0,both
2019,2017,True,NV,45142,SilverSummit Health Plan,,,,,,,,,,,,,,,,,,,,,,,,,left_only,,,,,,left_only
2019,2017,True,NV,95865,"Health Plan of Nevada, Inc.",922439.0,147295.0,412.0,220.0,,,,,,,922439.0,147295.0,0.1596799354754081,,0.0027971078448012,0.5339805825242718,,,,10.0,1.0,1.0,1.0,0.0,both,288.495,306.493,204.05,10.0,2.0,both
2019,2017,True,OH,28162,AultCare Insurance Company,182635.0,17555.0,20.0,11.0,,,,,,,182635.0,17555.0,0.0961206778547375,,0.0011392765593847,0.55,,,,45.0,1.0,2.0,2.0,1.0,both,387.76,404.3848888888889,201.84,45.0,3.0,both
2019,2017,True,OH,29276,Community Insurance Company(Anthem BCBS),1956586.0,490245.0,144.0,31.0,15.0,,,,,,1956586.0,490245.0,0.2505614371154654,,0.0002937306856775,0.2152777777777778,,,,181.0,2.0,2.0,18.0,65.0,both,369.33,375.6640616246499,233.34,181.0,17.0,both
2019,2017,True,OH,41047,Buckeye Community Health Plan,186782.0,36994.0,11.0,,,,,,,,186782.0,36994.0,0.1980597702134038,,0.0002973455154889,,,,,11.0,3.0,1.0,1.0,4.0,both,256.92,263.80298701298705,209.32,11.0,7.0,both
2019,2017,True,OH,45845,Oscar Insurance Corporation of Ohio,,,,,,,,,,,,,,,,,,,,,,,,,left_only,,,,,,left_only
2019,2017,True,OH,52664,Summa Insurance Company,78102.0,10099.0,137.0,102.0,,,,,,,78102.0,10099.0,0.1293052674707434,,0.0135656995742152,0.7445255474452555,,,,5.0,2.0,1.0,1.0,1.0,both,299.33,297.29,207.17,5.0,2.0,both
2019,2017,True,OH,64353,"Molina Healthcare of Ohio, Inc.",610707.0,131311.0,248.0,122.0,,,,,,,610707.0,131311.0,0.2150147288306831,,0.0018886460387933,0.4919354838709677,,,,5.0,2.0,1.0,2.0,2.0,both,272.39,282.3410416666667,210.18,5.0,10.0,both
2019,2017,True,OH,74313,Paramount Insurance Company,197937.0,47912.0,41.0,26.0,,,,,,,197937.0,47912.0,0.2420568160576345,,0.000855735515111,0.6341463414634146,,,,6.0,1.0,1.0,1.0,2.0,both,356.96500000000003,364.195,287.77,6.0,2.0,both
2019,2017,True,OH,77552,CareSource,657078.0,114482.0,3365.0,1003.0,18.0,,,,,,657078.0,114482.0,0.1742289347687793,,0.0293932670638178,0.2980683506686478,,,,10.0,4.0,1.0,1.0,4.0,both,303.045,311.5336,204.53,10.0,15.0,both
2019,2017,True,OH,99969,Medical Health Insuring Corp. of Ohio,2094646.0,280022.0,575.0,341.0,28.0,15.0,,,,,2094646.0,280022.0,0.1336846417007933,,0.0020534100892072,0.5930434782608696,0.5357142857142857,,,28.0,2.0,3.0,5.0,24.0,both,316.315,335.4398484848485,213.2,28.0,11.0,both
2019,2017,True,OK,87571,Blue Cross Blue Shield of Oklahoma,2604101.0,388445.0,2522.0,305.0,192.0,29.0,,,,,2604101.0,388445.0,0.1491666413860292,,0.0064925536433729,0.1209357652656621,0.1510416666666666,,,75.0,3.0,3.0,15.0,5.0,both,484.54,507.2578666666667,348.2,75.0,5.0,both
2019,2017,True,OR,10091,PacificSource Health Plans,148366.0,11496.0,35.0,,,,,,,,148366.0,11496.0,0.0774840596902255,,0.0030445372303409,,,,,8.0,2.0,2.0,2.0,4.0,both,396.5,406.75,277.0,8.0,3.0,both
2019,2017,True,OR,39424,"Moda Health Plan, Inc.",368623.0,38023.0,110.0,38.0,,,,,,,368623.0,38023.0,0.1031487454662351,,0.0028929858243694,0.3454545454545454,,,,10.0,4.0,2.0,2.0,9.0,both,420.0,418.2682926829268,339.0,10.0,6.0,both
2019,2017,True,OR,56707,Providence Health Plan,411671.0,29342.0,290.0,133.0,16.0,,,,,,411671.0,29342.0,0.0712753630933439,,0.0098834435280485,0.4586206896551724,,,,16.0,7.0,3.0,6.0,0.0,both,355.0,367.3469387755102,242.0,16.0,7.0,both
2019,2017,True,OR,63474,BridgeSpan Health Company,236023.0,10170.0,58.0,18.0,10.0,,,,,,236023.0,10170.0,0.0430890209852429,,0.0057030481809242,0.3103448275862069,,,,8.0,3.0,1.0,2.0,2.0,both,382.37,401.61535714285714,301.01,8.0,7.0,both
2019,2017,True,OR,71287,"Kaiser Foundation Health Plan of the Northwest, Inc.",15.0,,266.0,99.0,,,,,,,15.0,,,,,0.3721804511278195,,,,10.0,1.0,1.0,1.0,0.0,both,307.0,298.2,225.0,10.0,5.0,both
2019,2017,True,PA,16322,UPMC Health Plan,4113544.0,156919.0,815.0,187.0,,,,,,,4113544.0,156919.0,0.0381469117627038,,0.0051937623869639,0.2294478527607362,,,,27.0,2.0,3.0,3.0,3.0,both,289.07,300.47580246913583,179.71,27.0,5.0,both
2019,2017,True,PA,22444,Geisinger Health Plan,1264166.0,250114.0,105.0,39.0,,,,,,,1264166.0,250114.0,0.1978490166639507,,0.0004198085672933,0.3714285714285714,,,,12.0,2.0,1.0,4.0,5.0,both,441.13,441.9620833333333,284.07,12.0,6.0,both
2019,2017,True,PA,31609,Independence Blue Cross (QCC Ins. Co.),1176989.0,151264.0,45.0,15.0,,,,,,,1176989.0,151264.0,0.1285177686452464,,0.0002974931246033,0.3333333333333333,,,,7.0,2.0,1.0,1.0,0.0,both,356.48,448.2642857142857,296.66,7.0,1.0,both
2019,2017,True,PA,33709,"Highmark, Inc.",265821.0,23754.0,39.0,17.0,,,,,,,265821.0,23754.0,0.089360885708804,,0.0016418287446324,0.4358974358974359,,,,10.0,3.0,1.0,3.0,5.0,both,316.92,326.1752380952381,253.31,10.0,3.0,both
2019,2017,True,PA,33871,"Keystone Health Plan East, Inc.",4176544.0,554029.0,101.0,29.0,10.0,,,,,,4176544.0,554029.0,0.13265249929128,,0.0001823009264857,0.2871287128712871,,,,5.0,1.0,1.0,1.0,0.0,both,478.62,507.842,373.95,5.0,1.0,both
2019,2017,True,PA,38949,Highmark Choice Company,,,,,,,,,,,,,,,,,,,,,,,,,left_only,,,,,,left_only
2019,2017,True,PA,45127,Capital Advantage Assurance Company PA,2337663.0,402910.0,228.0,93.0,,,,,,,2337663.0,402910.0,0.172355895610274,,0.000565883199722,0.4078947368421052,,,,2.0,1.0,1.0,1.0,0.0,both,571.11,566.385,497.03,2.0,3.0,both
2019,2017,True,PA,70194,Highmark Health Insurance Company,568325.0,49643.0,80.0,25.0,,,,,,,568325.0,49643.0,0.0873496678836933,,0.0016115061539391,0.3125,,,,11.0,5.0,2.0,4.0,8.0,both,553.21,589.6247826086956,441.88,11.0,6.0,both
2019,2017,True,PA,83731,First Priority Health,446881.0,37624.0,141.0,75.0,,,,,,,446881.0,37624.0,0.0841924360176422,,0.0037476079098447,0.5319148936170213,,,,7.0,2.0,1.0,2.0,7.0,both,403.73,422.2271428571429,314.66,7.0,1.0,both
2019,2017,True,SC,26065,Blue Cross and Blue Shield of South Carolina,10001346.0,1558807.0,3855.0,1850.0,48.0,17.0,,,,,10001346.0,1558807.0,0.1558597212815155,,0.0024730450915347,0.4798962386511025,0.3541666666666667,,,26.0,3.0,2.0,2.0,3.0,both,407.995,415.1753010033445,258.12,26.0,46.0,both
2019,2017,True,SD,31195,Sanford Health Plan,165412.0,11564.0,75.0,29.0,,,,,,,165412.0,11564.0,0.0699102846226392,,0.0064856451054998,0.3866666666666666,,,,10.0,1.0,2.0,2.0,1.0,both,431.925,444.111875,332.89,10.0,4.0,both
2019,2017,True,SD,60536,Avera Health Plans,124698.0,13041.0,153.0,55.0,,,,,,,124698.0,13041.0,0.1045806668912091,,0.0117322291235334,0.3594771241830065,,,,12.0,1.0,1.0,1.0,1.0,both,450.62,439.728125,276.35,12.0,4.0,both
2019,2017,True,TN,14002,BlueCross BlueShield of Tennessee,4437499.0,662631.0,978.0,335.0,22.0,,,,,,4437499.0,662631.0,0.1493253294254263,,0.001475934569919,0.3425357873210634,,,,20.0,1.0,1.0,5.0,20.0,both,533.8299999999999,594.1635,381.3,20.0,5.0,both
2019,2017,True,TN,23552,Oscar Insurance Company,,,,,,,,,,,,,,,,,,,,,,,,,left_only,,,,,,left_only
2019,2017,True,TN,99248,Cigna Health and Life Insurance Company,1594841.0,122820.0,406.0,118.0,,,,,,,1594841.0,122820.0,0.0770108117360915,,0.0033056505455137,0.2906403940886699,,,,23.0,1.0,2.0,3.0,17.0,both,397.61,396.7926086956522,295.54,23.0,3.0,both
2019,2017,True,TX,20069,Oscar Insurance Corporation of Ohio,284709.0,54077.0,63.0,16.0,,,,,,,284709.0,54077.0,0.1899377961357034,,0.0011650054551842,0.2539682539682539,,,,7.0,7.0,1.0,1.0,3.0,both,285.43,298.745,207.29,7.0,2.0,both
2019,2017,True,TX,26539,"SHA, LLC",575174.0,118555.0,105.0,52.0,11.0,,,,,,575174.0,118555.0,0.2061202349202154,,0.0008856648812787,0.4952380952380952,,,,5.0,1.0,1.0,1.0,2.0,both,423.595,409.39925,299.15,5.0,8.0,both
2019,2017,True,TX,27248,Community Health Choice,4271916.0,696500.0,390.0,83.0,,,,,,,4271916.0,696500.0,0.1630415953871752,,0.0005599425699928,0.2128205128205128,,,,7.0,1.0,2.0,2.0,2.0,both,327.53,334.3014285714286,255.33,7.0,2.0,both
2019,2017,True,TX,29418,Celtic Insurance Company,3117047.0,1395265.0,112078.0,1597.0,80.0,34.0,,,,,3117047.0,1395265.0,0.4476239851372148,,0.0803273930041963,0.0142490051571227,0.425,,,13.0,2.0,1.0,1.0,4.0,both,274.47,279.67273504273504,187.94,13.0,9.0,both
2019,2017,True,TX,33602,Blue Cross Blue Shield of Texas,8172875.0,1696455.0,17561.0,1213.0,780.0,53.0,,,,,8172875.0,1696455.0,0.2075713870577979,,0.0103515861016059,0.0690735151756733,0.0679487179487179,,,364.0,3.0,2.0,52.0,26.0,both,437.39,441.089945054945,277.28,364.0,26.0,both
2019,2017,True,TX,45786,"Molina Healthcare of Texas, Inc.",5117725.0,1132812.0,1846.0,1114.0,,,,,,,5117725.0,1132812.0,0.221350697819832,,0.0016295731330529,0.6034669555796316,,,,6.0,3.0,1.0,1.0,1.0,both,291.70000000000005,297.48145833333336,216.31,6.0,8.0,both
2019,2017,True,TX,66252,CHRISTUS Health Plan,214345.0,18881.0,356.0,158.0,,,,,,,214345.0,18881.0,0.088086962607012,,0.0188549335310629,0.4438202247191011,,,,30.0,5.0,1.0,6.0,5.0,both,310.45,308.09933333333333,194.65,30.0,6.0,both
2019,2017,True,TX,71837,"Sendero Health Plans, Inc.",910955.0,228319.0,75.0,58.0,,,,,,,910955.0,228319.0,0.2506369688952802,,0.000328487773685,0.7733333333333333,,,,3.0,1.0,1.0,1.0,0.0,both,296.24,305.95,255.17,3.0,2.0,both
2019,2017,True,UT,18167,Molina Healthcare of Utah,1461387.0,301881.0,310.0,100.0,,,,,,,1461387.0,301881.0,0.2065715652322075,,0.0010268947035421,0.3225806451612903,,,,5.0,1.0,1.0,1.0,2.0,both,292.28,300.754,227.51,5.0,3.0,both
2019,2017,True,UT,42261,University of Utah Health Insurance Plans,60768.0,7152.0,291.0,99.0,,,,,,,60768.0,7152.0,0.117693522906793,,0.0406879194630872,0.3402061855670103,,,,5.0,3.0,1.0,2.0,4.0,both,345.4,417.7916,269.03,5.0,6.0,both
2019,2017,True,UT,68781,"SelectHealth, Inc.",5039595.0,497366.0,2889.0,934.0,23.0,,,,,,5039595.0,497366.0,0.0986916607386109,,0.0058085997032366,0.3232952578746971,,,,18.0,2.0,2.0,2.0,2.0,both,325.79,350.75123456790124,222.02,18.0,6.0,both
2019,2017,True,VA,10207,"CareFirst BlueChoice, Inc.",698743.0,89257.0,,,,,,,,,698743.0,89257.0,0.1277393834356837,,,,,,,5.0,2.0,4.0,1.0,0.0,both,435.01,406.778,222.77,5.0,1.0,both
2019,2017,True,VA,20507,Optima Health Plan,733233.0,135386.0,115.0,32.0,,,,,,,733233.0,135386.0,0.1846425351832228,,0.0008494231308997,0.2782608695652174,,,,6.0,1.0,2.0,2.0,1.0,both,395.045,433.4553333333333,336.02,6.0,7.0,both
2019,2017,True,VA,37204,"Piedmont Community HealthCare HMO, Inc.",86799.0,5510.0,163.0,142.0,,,,,,,86799.0,5510.0,0.0634799940091475,,0.0295825771324863,0.8711656441717791,,,,12.0,1.0,1.0,1.0,2.0,both,328.83500000000004,336.925,236.51,12.0,5.0,both
2019,2017,True,VA,40308,"Group Hospitalization and Medical Services, Inc.",353748.0,48012.0,,,,,,,,,353748.0,48012.0,0.1357237355405542,,,,,,,2.0,1.0,2.0,1.0,0.0,both,511.055,511.055,466.33,2.0,1.0,both
2019,2017,True,VA,41921,Cigna Health and Life Insurance Company,295996.0,30465.0,66.0,30.0,,,,,,,295996.0,30465.0,0.102923688157948,,0.0021664204825209,0.4545454545454545,,,,18.0,1.0,1.0,2.0,18.0,both,303.825,312.6088888888889,245.82,18.0,2.0,both
2019,2017,True,VA,88380,"HealthKeepers, Inc(Anthem BCBS)",7141892.0,1717634.0,178.0,33.0,33.0,11.0,,,,,7141892.0,1717634.0,0.2405012565297823,,0.0001036309248652,0.1853932584269663,0.3333333333333333,,,24.0,3.0,2.0,6.0,2.0,both,325.595,341.5091111111111,224.12,24.0,12.0,both
2019,2017,True,VA,95185,"Kaiser Foundation Health Plan of the Mid-Atlantic States, Inc.",10303.0,2772.0,92.0,55.0,,,,,,,10303.0,2772.0,0.2690478501407357,,0.0331890331890331,0.5978260869565217,,,,12.0,1.0,1.0,1.0,3.0,both,363.245,363.795,242.6,12.0,3.0,both
2019,2017,True,WI,14630,Children's Community Health Plan ,42662.0,6998.0,139.0,44.0,,,,,,,42662.0,6998.0,0.1640335661713,,0.0198628179479851,0.316546762589928,,,,4.0,1.0,1.0,1.0,4.0,both,460.305,458.01916666666665,331.77,4.0,3.0,both
2019,2017,True,WI,20173,"HealthPartners, Inc.",42354.0,6865.0,,,,,,,,,42354.0,6865.0,0.1620862256221372,,,,,,,8.0,1.0,1.0,1.0,8.0,both,437.66,448.54,275.15,8.0,2.0,both
2019,2017,True,WI,37833,Unity Health Plans Insurance Corporation,127825.0,17651.0,113.0,45.0,,,,,,,127825.0,17651.0,0.1380872286328965,,0.0064019035748682,0.3982300884955752,,,,105.0,3.0,4.0,5.0,57.0,both,413.645,411.2770238095238,220.56,105.0,6.0,both
2019,2017,True,WI,38166,"Security Health Plan of Wisconsin, Inc.",952777.0,65514.0,117.0,52.0,,,,,,,952777.0,65514.0,0.068761105694197,,0.0017858778276398,0.4444444444444444,,,,22.0,2.0,2.0,2.0,4.0,both,420.8,426.0491443850268,229.67,22.0,9.0,both
2019,2017,True,WI,38345,"Dean Health Plan, Inc.",1030413.0,183187.0,70.0,30.0,10.0,,,,,,1030413.0,183187.0,0.1777801716399152,,0.0003821231855972,0.4285714285714285,,,,15.0,2.0,2.0,2.0,2.0,both,311.615,307.0502564102564,157.99,15.0,6.0,both
2019,2017,True,WI,52697,"Molina Healthcare of Wisconsin, Inc.",2081778.0,427607.0,563.0,285.0,19.0,,,,,,2081778.0,427607.0,0.2054047069380116,,0.0013166295219676,0.5062166962699822,,,,5.0,2.0,1.0,1.0,2.0,both,371.245,382.40975,293.93,5.0,8.0,both
2019,2017,True,WI,57845,Medica Health Plans of Wisconsin,130108.0,7490.0,60.0,49.0,,,,,,,130108.0,7490.0,0.0575675592584622,,0.0080106809078771,0.8166666666666667,,,,7.0,1.0,1.0,1.0,0.0,both,485.73,483.82464285714286,252.4,7.0,4.0,both
2019,2017,True,WI,58326,"MercyCare HMO, Inc.",150067.0,31030.0,27.0,13.0,,,,,,,150067.0,31030.0,0.206774307475994,,0.0008701256848211,0.4814814814814814,,,,9.0,1.0,1.0,1.0,3.0,both,270.04,273.76666666666665,214.36,9.0,1.0,both
2019,2017,True,WI,81413,Network Health Plan,192867.0,17500.0,156.0,111.0,,,,,,,192867.0,17500.0,0.0907361031176925,,0.0089142857142857,0.7115384615384616,,,,18.0,2.0,2.0,2.0,14.0,both,429.795,431.0447222222222,327.56,18.0,4.0,both
2019,2017,True,WI,86584,"Aspirus Arise Health Plan of Wisconsin, Inc.",75947.0,9864.0,63.0,31.0,,,,,,,75947.0,9864.0,0.1298800479281604,,0.0063868613138686,0.492063492063492,,,,16.0,2.0,1.0,1.0,16.0,both,402.72,406.617,279.43,16.0,5.0,both
2019,2017,True,WI,87416,Common Ground Healthcare Cooperative,802139.0,133654.0,441.0,95.0,15.0,,,,,,802139.0,133654.0,0.1666219944423597,,0.0032995645472638,0.2154195011337868,,,,11.0,1.0,1.0,1.0,2.0,both,445.095,422.1942424242424,266.27,11.0,6.0,both
2019,2017,True,WI,94529,Group Health Cooperative of South Central Wisconsin,113954.0,8564.0,,,15.0,,,,,,113954.0,8564.0,0.0751531319655299,,,,,,,39.0,2.0,2.0,2.0,23.0,both,404.4,402.5846153846154,234.82,39.0,5.0,both
2019,2017,True,WV,31274,Highmark Blue Cross Blue Shield West Virginia,808499.0,57535.0,63.0,23.0,,,,,,,808499.0,57535.0,0.0711627348951575,,0.001094985660902,0.365079365079365,,,,7.0,2.0,1.0,1.0,6.0,both,508.26,508.5744155844157,332.09,7.0,11.0,both
2019,2017,True,WV,50328,CareSource West Virginia,57596.0,16259.0,504.0,106.0,,,,,,,57596.0,16259.0,0.2822939092992569,,0.0309982163724706,0.2103174603174603,,,,10.0,4.0,1.0,1.0,4.0,both,490.165,500.701,310.78,10.0,9.0,both
2019,2017,True,WY,11269,Blue Cross Blue Shield of Wyoming,932043.0,156104.0,1606.0,338.0,,,,,,,932043.0,156104.0,0.1674858348810087,,0.0102880131194588,0.2104607721046077,,,,30.0,2.0,1.0,1.0,0.0,both,509.1,510.8712222222223,365.55,30.0,3.0,both
2020,2018,True,AK,38344,Premera Blue Cross Blue Shield of Alaska,504380.0,70912.0,178.0,76.0,11.0,,,,,,504380.0,70912.0,0.1405924104841587,,0.0025101534296028,0.4269662921348314,,,,5.0,1.0,1.0,1.0,2.0,both,699.0,657.0666666666667,526.0,5.0,3.0,both
2020,2018,True,AK,77963,Moda Assurance Company,,,,,,,,,,,,,,,,,,,,,,,,,left_only,,,,,,left_only
2020,2018,True,AL,46944,Blue Cross and Blue Shield of Alabama,5816631.0,1204590.0,7009.0,1787.0,220.0,23.0,,,,,5816631.0,1204590.0,0.2070941065369283,,0.0058185772752554,0.2549579112569553,0.1045454545454545,,,7.0,7.0,1.0,1.0,2.0,both,509.25,464.307912087912,271.09,7.0,13.0,both
2020,2018,True,AL,73301,"Bright Health Insurance Company of Alabama, Inc.",21635.0,3961.0,,,,,,,,,21635.0,3961.0,0.1830829674139126,,,,,,,6.0,1.0,1.0,1.0,6.0,both,467.23,477.00500000000005,320.99,6.0,1.0,both
2020,2018,True,AR,37903,"QualChoice Life & Health Insurance Company, Inc.",559994.0,92765.0,71.0,13.0,33.0,,,,,,559994.0,92765.0,0.1656535605738633,,0.0007653748719883,0.1830985915492957,,,,3.0,1.0,1.0,1.0,1.0,both,428.94,436.334,400.24,3.0,5.0,both
2020,2018,True,AR,62141,Celtic Insurance Company,3048249.0,540482.0,825.0,235.0,24.0,16.0,,,,,3048249.0,540482.0,0.1773090059243847,,0.0015264153107781,0.2848484848484848,0.6666666666666666,,,8.0,2.0,1.0,1.0,1.0,both,369.65,363.78107142857147,277.88,8.0,7.0,both
2020,2018,True,AR,70525,"QCA Health Plan, Inc.",571445.0,93792.0,106.0,43.0,45.0,13.0,,,,,571445.0,93792.0,0.1641312812256647,,0.0011301603548277,0.4056603773584906,0.2888888888888888,,,6.0,1.0,1.0,2.0,1.0,both,419.565,375.07552631578943,202.18,6.0,7.0,both
2020,2018,True,AR,75293,USAble Mutual Insurance Company,1987042.0,396900.0,6848.0,2959.0,20.0,,,,,,1987042.0,396900.0,0.1997441422979484,,0.0172537163013353,0.4320969626168224,,,,10.0,2.0,2.0,2.0,6.0,both,411.65,399.2942857142857,292.07,10.0,7.0,both
2020,2018,True,AZ,13877,"Oscar Health Plan, Inc.",,,,,,,,,,,,,,,,,,,,,,,,,left_only,,,,,,left_only
2020,2018,True,AZ,53901,"Blue Cross and Blue Shield of Arizona, Inc.",735948.0,74709.0,579.0,264.0,47.0,,,,,,735948.0,74709.0,0.1015139656606173,,0.0077500702726579,0.4559585492227979,,,,35.0,1.0,1.0,7.0,15.0,both,513.79,533.7565,246.84,35.0,6.0,both
2020,2018,True,AZ,87247,Bright Health Company of Arizona,,,,,,,,,,,,,,,,,,,,,,,,,left_only,,,,,,left_only
2020,2018,True,AZ,91450,"Health Net of Arizona, Inc.",3606632.0,764177.0,4109.0,969.0,27.0,,,,,,3606632.0,764177.0,0.2118810568974045,,0.0053770265265769,0.2358238014115356,,,,9.0,1.0,1.0,2.0,3.0,both,406.2,426.0855555555556,286.56,9.0,2.0,both
2020,2018,True,AZ,97667,"Cigna HealthCare of Arizona, Inc",,,,,,,,,,,,,,,,,,,,,,,,,left_only,,,,,,left_only
2020,2018,True,DE,76168,Highmark BCBSD Inc.,534911.0,39301.0,56.0,29.0,,,,,,,534911.0,39301.0,0.0734720355348833,,0.0014249001297676,0.5178571428571429,,,,7.0,3.0,1.0,1.0,1.0,both,572.79,548.71,423.45,7.0,1.0,both
2020,2018,True,FL,12379,Bright Health Insurance Company of Florida,,,,,,,,,,,,,,,,,,,,,,,,,left_only,,,,,,left_only
2020,2018,True,FL,16842,Blue Cross and Blue Shield of Florida,14666581.0,95386.0,2224.0,577.0,122.0,34.0,,,,,14666581.0,95386.0,0.006503628896196,,0.0233157905772335,0.2594424460431654,0.2786885245901639,,,24.0,2.0,2.0,2.0,4.0,both,634.85,658.805943877551,287.95,24.0,67.0,both
2020,2018,True,FL,21663,Celtic Insurance Company,10593502.0,2527263.0,2074.0,488.0,,,,,,,10593502.0,2527263.0,0.2385672839821996,,0.0008206506406337,0.2352941176470588,,,,19.0,3.0,1.0,1.0,1.0,both,474.53,461.75366028708135,306.9,19.0,22.0,both
2020,2018,True,FL,30252,"Health Options, Inc.",19045851.0,92770.0,2249.0,818.0,90.0,17.0,,,,,19045851.0,92770.0,0.0048708771269921,,0.0242427508892961,0.3637172076478435,0.1888888888888888,,,20.0,2.0,2.0,2.0,1.0,both,553.8599999999999,539.02255859375,285.84,20.0,45.0,both
2020,2018,True,FL,36194,"Health First Commercial Plans, Inc.",715287.0,115313.0,363.0,190.0,18.0,,,,,,715287.0,115313.0,0.1612122127202088,,0.0031479538300104,0.5234159779614325,,,,68.0,8.0,2.0,2.0,68.0,both,511.365,466.587,188.94,68.0,5.0,both
2020,2018,True,FL,40572,Oscar Insurance Company of Florida,,,,,,,,,,,,,,,,,,,,,,,,,left_only,,,,,,left_only
2020,2018,True,FL,48121,Cigna Health and Life Insurance Company,5978.0,2011.0,11.0,,,,,,,,5978.0,2011.0,0.3364001338240214,,0.0054699154649428,,,,,,,,,,left_only,,,,,,left_only
2020,2018,True,FL,54172,"Molina Healthcare of Florida, Inc",1220152.0,418296.0,231.0,65.0,12.0,,,,,,1220152.0,418296.0,0.3428228614139877,,0.0005522405186757,0.2813852813852814,,,,5.0,2.0,1.0,1.0,0.0,both,536.8,504.7995,358.97,5.0,8.0,both
2020,2018,True,FL,56503,"Florida Health Care Plan, Inc.",460129.0,29092.0,170.0,29.0,,,,,,,460129.0,29092.0,0.0632257475620967,,0.0058435308675924,0.1705882352941176,,,,34.0,34.0,1.0,1.0,1.0,both,518.895,488.0283823529412,261.39,34.0,4.0,both
2020,2018,True,GA,49046,"Blue Cross Blue Shield Healthcare Plan of Georgia, Inc.",2754610.0,141186.0,216.0,40.0,,,,,,,2754610.0,141186.0,0.0512544425526662,,0.0015298967319705,0.1851851851851851,,,,42.0,1.0,2.0,3.0,12.0,both,572.315,593.9893406593407,276.37,42.0,11.0,both
2020,2018,True,GA,58081,Oscar Health Plan of Georgia,,,,,,,,,,,,,,,,,,,,,,,,,left_only,,,,,,left_only
2020,2018,True,GA,60224,CareSource Georgia Co.,,,,,,,,,,,,,,,,,,,,,,,,,left_only,,,,,,left_only
2020,2018,True,GA,70893,Ambetter of Peach State Inc.,5204713.0,977496.0,1820.0,427.0,,,,,,,5204713.0,977496.0,0.1878097793288506,,0.0018619002021491,0.2346153846153846,,,,12.0,3.0,1.0,1.0,1.0,both,416.135,427.88933333333335,331.79,12.0,5.0,both
2020,2018,True,GA,83761,Alliant Health Plans,608701.0,38668.0,5676.0,2860.0,46.0,17.0,,,,,608701.0,38668.0,0.0635254418836177,,0.1467880417916623,0.5038759689922481,0.3695652173913043,,,6.0,1.0,1.0,1.0,0.0,both,595.025,595.08,447.81,6.0,4.0,both
2020,2018,True,GA,89942,Kaiser Foundation Health Plan of Georgia,197521.0,21642.0,328.0,143.0,12.0,,,,,,197521.0,21642.0,0.1095680965568218,,0.015155715737917,0.4359756097560975,,,,18.0,1.0,2.0,2.0,2.0,both,478.73,479.2583333333333,329.57,18.0,1.0,both
2020,2018,True,HI,18350,Hawaii Medical Service Association,409325.0,93146.0,,,,,,,,,409325.0,93146.0,0.2275600073291394,,,,,,,11.0,2.0,5.0,1.0,0.0,both,506.49,467.3772727272727,246.31,11.0,1.0,both
2020,2018,True,HI,60612,"Kaiser Foundation Health Plan, Inc.",,,,,,,,,,,,,,,,,,,,11.0,1.0,1.0,1.0,0.0,both,456.06,443.5681818181818,335.67,11.0,1.0,both
2020,2018,True,IA,25896,"Wellmark Health Plan of Iowa, Inc.",,,,,,,,,,,,,,,,,,,,,,,,,left_only,,,,,,left_only
2020,2018,True,IA,74406,"Wellmark Value Health Plan, Inc.",,,,,,,,,,,,,,,,,,,,,,,,,left_only,,,,,,left_only
2020,2018,True,IA,93078,Medica Insurance Company,985619.0,127089.0,319.0,152.0,,,,,,,985619.0,127089.0,0.1289433340875125,,0.0025100520107955,0.4764890282131661,,,,18.0,3.0,3.0,3.0,13.0,both,620.28,624.4292857142857,392.42,18.0,7.0,both
2020,2018,True,IL,20129,"Health Alliance Medical Plans, Inc.",1450727.0,205736.0,384.0,210.0,24.0,,,,,,1450727.0,205736.0,0.1418157930472101,,0.0018664696504257,0.546875,,,,61.0,4.0,2.0,5.0,49.0,both,518.93,543.708524590164,333.32,61.0,8.0,both
2020,2018,True,IL,27833,Celtic Insurance Company,507107.0,127642.0,83.0,34.0,,,,,,,507107.0,127642.0,0.251706247399464,,0.0006502561852681,0.4096385542168674,,,,9.0,2.0,1.0,1.0,0.0,both,467.64,472.8255555555556,402.98,9.0,2.0,both
2020,2018,True,IL,36096,Blue Cross Blue Shield of Illinois,7982772.0,1330008.0,326.0,68.0,16.0,,,,,,7982772.0,1330008.0,0.166609794191792,,0.0002451113076011,0.2085889570552147,,,,93.0,4.0,4.0,25.0,93.0,both,482.22,486.1133333333333,335.12,93.0,13.0,both
2020,2018,True,IL,53882,"Cigna HealthCare of Illinois, Inc.",342939.0,18284.0,457.0,88.0,,,,,,,342939.0,18284.0,0.0533156042328227,,0.0249945307372566,0.1925601750547046,,,,5.0,1.0,1.0,1.0,2.0,both,433.2,419.052,304.82,5.0,3.0,both
2020,2018,True,IL,85773,Quartz Health Benefit Plans Corporation,,,,,,,,,,,,,,,,,,,,,,,,,left_only,,,,,,left_only
2020,2018,True,IN,54192,"CareSource Indiana, Inc.",3322601.0,637709.0,5462.0,,,,,,,,3322601.0,637709.0,0.1919306591432435,,0.0085650351492608,,,,,19.0,4.0,2.0,2.0,19.0,both,355.73,368.4732295719844,259.55,19.0,17.0,both
2020,2018,True,IN,76179,Celtic Insurance Company,1478237.0,317224.0,959.0,,,,,,,,1478237.0,317224.0,0.214596170979349,,0.0030231003959347,,,,,14.0,3.0,1.0,1.0,2.0,both,375.345,377.14153846153846,265.7,14.0,13.0,both
2020,2018,True,KS,18558,"Blue Cross and Blue Shield of Kansas, Inc.",2446426.0,300502.0,254.0,,,,,,,,2446426.0,300502.0,0.1228330634157746,,0.000845252277855,,,,,5.0,1.0,1.0,1.0,5.0,both,445.39,429.3565714285714,329.35,5.0,7.0,both
2020,2018,True,KS,39520,Medica Insurance Company,336341.0,58835.0,148.0,,,,,,,,336341.0,58835.0,0.1749266369547572,,0.0025155094756522,,,,,14.0,2.0,2.0,2.0,8.0,both,504.94,523.2639285714286,310.04,14.0,7.0,both
2020,2018,True,KS,43490,Oscar Insurance Company,,,,,,,,,,,,,,,,,,,,,,,,,left_only,,,,,,left_only
2020,2018,True,KS,76763,Cigna Health and Life Insurance Company,,,,,,,,,,,,,,,,,,,,,,,,,left_only,,,,,,left_only
2020,2018,True,KS,80065,"Sunflower State Health Plan, Inc",206095.0,36648.0,414.0,,,,,,,,206095.0,36648.0,0.1778209078337659,,0.0112966601178781,,,,,4.0,1.0,1.0,1.0,4.0,both,559.955,532.6275,413.67,4.0,1.0,both
2020,2018,True,KY,36239,Anthem Health Plans of KY(Anthem BCBS),1590335.0,59062.0,108.0,,,,,,,,1590335.0,59062.0,0.0371380872583449,,0.0018285869086722,,,,,10.0,1.0,1.0,2.0,6.0,both,458.31,448.5156,234.55,10.0,6.0,both
2020,2018,True,KY,45636,CareSource Kentucky Co.,2375183.0,434113.0,2017.0,,,,,,,,2375183.0,434113.0,0.182770338117105,,0.0046462556984011,,,,,14.0,4.0,1.0,1.0,13.0,both,364.21,362.305,189.35,14.0,6.0,both
2020,2018,True,LA,19636,"HMO Louisiana, Inc.",2667055.0,381864.0,1026.0,,,,,,,,2667055.0,381864.0,0.1431781496819525,,0.0026868204386902,,,,,21.0,4.0,4.0,6.0,9.0,both,484.46,480.1342857142857,333.15,21.0,8.0,both
2020,2018,True,LA,67243,"Vantage Health Plan, Inc.",332606.0,49693.0,457.0,,,,,,,,332606.0,49693.0,0.1494050017137393,,0.009196466303101,,,,,14.0,1.0,2.0,2.0,4.0,both,656.625,630.1846428571428,437.17,14.0,8.0,both
2020,2018,True,LA,97176,Louisiana Health Service & Indemnity Company,206160.0,25239.0,169.0,,,,,,,,206160.0,25239.0,0.1224243306169965,,0.0066959863702999,,,,,5.0,2.0,1.0,1.0,0.0,both,858.015,789.608,569.78,5.0,8.0,both
2020,2018,True,LA,98780,CHRISTUS Health Plan Louisiana,,,,,,,,,,,,,,,,,,,,,,,,,left_only,,,,,,left_only
2020,2018,True,ME,33653,Maine Community Health Options,1167484.0,73744.0,521.0,,,,,,,,1167484.0,73744.0,0.0631648913389819,,0.0070649815578216,,,,,10.0,6.0,1.0,1.0,3.0,both,548.29,529.0627499999999,235.26,10.0,4.0,both
2020,2018,True,ME,48396,Anthem Health Plans of ME(Anthem BCBS),37516.0,3290.0,11.0,,,,,,,,37516.0,3290.0,0.0876959164089988,,0.0033434650455927,,,,,,,,,,left_only,,,,,,left_only
2020,2018,True,ME,96667,Harvard Pilgrim Health Care Inc.,1065105.0,278794.0,124.0,,,,,,,,1065105.0,278794.0,0.2617525971617822,,0.000444772843031,,,,,8.0,2.0,2.0,3.0,8.0,both,553.845,560.1238461538461,378.93,8.0,4.0,both
2020,2018,True,MI,15560,Blue Cross Blue Shield of Michigan Mutual Insurance Company,2040782.0,373469.0,435.0,,,,,,,,2040782.0,373469.0,0.1830028881085779,,0.0011647553076694,,,,,8.0,3.0,1.0,1.0,0.0,both,484.415,495.995859375,279.49,8.0,16.0,both
2020,2018,True,MI,29698,Priority Health,951552.0,61208.0,462.0,,,,,,,,951552.0,61208.0,0.0643243879472693,,0.0075480329368709,,,,,13.0,1.0,7.0,6.0,13.0,both,416.63,406.0676923076923,240.85,13.0,15.0,both
2020,2018,True,MI,40047,"Molina Healthcare of Michigan, Inc.",394733.0,106686.0,172.0,,,,,,,,394733.0,106686.0,0.2702738306652851,,0.0016122077873385,,,,,5.0,2.0,1.0,1.0,2.0,both,353.295,319.16,228.03,5.0,4.0,both
2020,2018,True,MI,58594,"Meridian Health Plan of Michigan, Inc.",117295.0,33292.0,60.0,,,,,,,,117295.0,33292.0,0.2838313653608423,,0.0018022347711161,,,,,6.0,1.0,1.0,1.0,1.0,both,420.7,403.0089743589744,196.2,6.0,13.0,both
2020,2018,True,MI,60829,Physicians Health Plan,188443.0,20377.0,16.0,,,,,,,,188443.0,20377.0,0.108133493947772,,0.0007851989988712,,,,,25.0,4.0,2.0,2.0,3.0,both,366.76,384.6424705882353,272.6,25.0,5.0,both
2020,2018,True,MI,67183,"Total Health Care USA, Inc.",389289.0,31627.0,,,,,,,,,389289.0,31627.0,0.0812429840041717,,,,,,,7.0,1.0,1.0,1.0,1.0,both,332.5,301.17857142857144,218.57,7.0,3.0,both
2020,2018,True,MI,74917,McLaren Health Plan Community,261534.0,90244.0,75.0,37.0,,,,,,,261534.0,90244.0,0.3450564744928002,,0.000831080182616,0.4933333333333333,,,,4.0,1.0,1.0,1.0,0.0,both,342.735,352.5118333333333,213.4,4.0,15.0,both
2020,2018,True,MI,77739,Oscar Insurance Company,,,,,,,,,,,,,,,,,,,,,,,,,left_only,,,,,,left_only
2020,2018,True,MI,98185,Blue Care Network of Michigan,3946599.0,620084.0,394.0,,,,,,,,3946599.0,620084.0,0.1571185722187635,,0.0006353977848162,,,,,22.0,3.0,3.0,4.0,7.0,both,409.625,393.261858974359,214.76,22.0,16.0,both
2020,2018,True,MO,32753,Healthy Alliance Life Co(Anthem BCBS),1589808.0,57222.0,136.0,,,,,,,,1589808.0,57222.0,0.0359930255728993,,0.0023767082590612,,,,,16.0,1.0,1.0,1.0,16.0,both,599.975,612.5392708333333,418.62,16.0,6.0,both
2020,2018,True,MO,47840,SSM Health Insurance Company,,,,,,,,,,,,,,,,,,,,,,,,,left_only,,,,,,left_only
2020,2018,True,MO,53461,Medica Insurance Company,,,,,,,,,,,,,,,,,,,,,,,,,left_only,,,,,,left_only
2020,2018,True,MO,69512,Oscar Insurance Company,,,,,,,,,,,,,,,,,,,,,,,,,left_only,,,,,,left_only
2020,2018,True,MO,74483,Cigna Health and Life Insurance Company,2264511.0,113991.0,1902.0,,,,,,,,2264511.0,113991.0,0.05033801999637,,0.0166855278048266,,,,,10.0,1.0,2.0,2.0,2.0,both,460.92,466.102,281.26,10.0,4.0,both
2020,2018,True,MO,96384,Cox Health Systems Insurance Company,,,,,,,,,,,,,,,,,,,,,,,,,left_only,,,,,,left_only
2020,2018,True,MO,99723,Celtic Insurance Company,2047926.0,445424.0,455.0,,,,,,,,2047926.0,445424.0,0.2175000463883949,,0.001021498617048,,,,,5.0,1.0,1.0,1.0,5.0,both,567.8299999999999,588.2353333333334,441.36,5.0,6.0,both
2020,2018,True,MS,79975,"Molina Healthcare of Mississippi, Inc",,,,,,,,,,,,,,,,,,,,,,,,,left_only,,,,,,left_only
2020,2018,True,MS,90714,Ambetter of Magnolia Inc.,60429.0,11128.0,492.0,,,,,,,,60429.0,11128.0,0.1841499942080789,,0.0442127965492451,,,,,5.0,2.0,1.0,1.0,1.0,both,521.88,540.0503333333334,427.35,5.0,6.0,both
2020,2018,True,MT,23603,PacificSource Health Plans,225458.0,14412.0,215.0,,,,,,,,225458.0,14412.0,0.0639232140797842,,0.0149181237857341,,,,,6.0,1.0,2.0,2.0,0.0,both,533.5,511.6111111111111,374.0,6.0,4.0,both
2020,2018,True,MT,30751,Blue Cross and Blue Shield of Montana,530172.0,64786.0,22.0,,,,,,,,530172.0,64786.0,0.1221980791139479,,0.0003395795387892,,,,,26.0,2.0,2.0,6.0,26.0,both,522.77,540.2407692307693,380.92,26.0,4.0,both
2020,2018,True,MT,32225,Montana Health Cooperative,552464.0,37760.0,442.0,,,,,,,,552464.0,37760.0,0.0683483448695299,,0.0117055084745762,,,,,12.0,2.0,2.0,2.0,12.0,both,396.23,431.1373684210526,249.95,12.0,4.0,both
2020,2018,True,NC,11512,Blue Cross and Blue Shield of NC,27232607.0,3950642.0,1426.0,,,,,,,,27232607.0,3950642.0,0.1450702828414481,,0.0003609539917815,,,,,27.0,5.0,5.0,7.0,0.0,both,632.2349999999999,575.8488356164384,231.32,27.0,16.0,both
2020,2018,True,NC,37900,Bright Health Company of North Carolina,,,,,,,,,,,,,,,,,,,,,,,,,left_only,,,,,,left_only
2020,2018,True,NC,73943,"Cigna HealthCare of North Carolina, Inc.",328760.0,13948.0,148.0,,,,,,,,328760.0,13948.0,0.0424260858985278,,0.0106108402638371,,,,,6.0,1.0,1.0,1.0,2.0,both,542.145,588.4477777777778,413.57,6.0,3.0,both
2020,2018,True,NC,77264,Ambetter of North Carolina Inc.,,,,,,,,,,,,,,,,,,,,,,,,,left_only,,,,,,left_only
2020,2018,True,ND,37160,Blue Cross Blue Shield of North Dakota,625860.0,62415.0,113.0,,,,,,,,625860.0,62415.0,0.0997267759562841,,0.0018104622286309,,,,,7.0,1.0,2.0,1.0,0.0,both,414.4,381.1257142857143,195.38,7.0,4.0,both
2020,2018,True,ND,73751,Medica Health Plans,,,,,,,,,,,,,,,,,,,,,,,,,left_only,,,,,,left_only
2020,2018,True,ND,89364,Sanford Health Plan,113101.0,7475.0,622.0,,,,,,,,113101.0,7475.0,0.0660913696607457,,0.0832107023411371,,,,,8.0,1.0,1.0,1.0,4.0,both,289.17,292.685,229.04,8.0,3.0,both
2020,2018,True,NE,20305,Medica Insurance Company,1842141.0,186695.0,492.0,,,,,,,,1842141.0,186695.0,0.1013467481588,,0.0026353142826535,,,,,12.0,2.0,2.0,3.0,8.0,both,618.62,624.2857142857143,359.92,12.0,4.0,both
2020,2018,True,NE,83653,Bright Health Insurance Company,,,,,,,,,,,,,,,,,,,,,,,,,left_only,,,,,,left_only
2020,2018,True,NH,59025,Harvard Pilgrim Health Care of NE,175731.0,48053.0,37.0,,,,,,,,175731.0,48053.0,0.2734463469734993,,0.0007699831436122,,,,,2.0,1.0,1.0,1.0,2.0,both,616.95,616.95,525.84,2.0,1.0,both
2020,2018,True,NH,75841,Celtic Insurance Company,28079.0,6429.0,236.0,,,,,,,,28079.0,6429.0,0.2289611453399337,,0.0367086638668533,,,,,2.0,1.0,1.0,1.0,0.0,both,499.105,499.105,474.66,2.0,1.0,both
2020,2018,True,NH,96751,Matthew Thornton Hlth Plan(Anthem BCBS),1360893.0,174394.0,167.0,,,,,,,,1360893.0,174394.0,0.1281467389427383,,0.0009576017523538,,,,,11.0,1.0,1.0,1.0,3.0,both,477.75,461.5127272727272,260.56,11.0,1.0,both
2020,2018,True,NJ,23818,Oscar Garden State Insurance Corporation,101645.0,16699.0,38.0,,,,,,,,101645.0,16699.0,0.1642874711003984,,0.002275585364393,,,,,5.0,5.0,1.0,1.0,5.0,both,446.4,424.37,230.73,5.0,1.0,both
2020,2018,True,NJ,77606,"AmeriHealth HMO, Inc.",396776.0,95226.0,75.0,,,,,,,,396776.0,95226.0,0.2399993951247051,,0.0007876000252032,,,,,3.0,1.0,2.0,2.0,0.0,both,686.16,645.42,418.0,3.0,1.0,both
2020,2018,True,NJ,91661,"Horizon Healthcare Services, Inc.",5598686.0,1162898.0,12703.0,,,,,,,,5598686.0,1162898.0,0.2077090945982682,,0.0109235719727783,,,,,7.0,3.0,2.0,1.0,0.0,both,475.36,485.6571428571429,336.73,7.0,1.0,both
2020,2018,True,NJ,91762,AmeriHealth Ins Company of New Jersey,3020127.0,615028.0,658.0,,,,,,,,3020127.0,615028.0,0.2036430918302442,,0.001069869989659,,,,,8.0,1.0,3.0,3.0,0.0,both,404.62,519.59375,321.59,8.0,1.0,both
2020,2018,True,NM,19722,"Molina Healthcare of New Mexico, Inc.",689861.0,151197.0,69.0,,,,,,,,689861.0,151197.0,0.2191702386422772,,0.0004563582610766,,,,,3.0,1.0,1.0,1.0,0.0,both,360.09,354.7393333333333,258.42,3.0,5.0,both
2020,2018,True,NM,42776,"True Health New Mexico, Inc.",,,,,,,,,,,,,,,,,,,,,,,,,left_only,,,,,,left_only
2020,2018,True,NM,75605,Blue Cross Blue Shield of New Mexico,145699.0,28550.0,24.0,,,,,,,,145699.0,28550.0,0.1959519282905167,,0.0008406304728546,,,,,30.0,1.0,1.0,5.0,30.0,both,434.255,441.3766666666667,304.11,30.0,5.0,both
2020,2018,True,NM,93091,New Mexico Health Connections,439200.0,72546.0,371.0,,,,,,,,439200.0,72546.0,0.1651775956284153,,0.0051139966366167,,,,,5.0,1.0,1.0,1.0,2.0,both,329.2,358.766,269.61,5.0,5.0,both
2020,2018,True,OH,28162,AultCare Insurance Company,199095.0,8617.0,16.0,,,,,,,,199095.0,8617.0,0.0432808458273688,,0.001856794708135,,,,,49.0,1.0,2.0,2.0,4.0,both,509.84,489.3100680272109,235.98,49.0,3.0,both
2020,2018,True,OH,29276,Community Insurance Company(Anthem BCBS),11442.0,3417.0,25.0,,,,,,,,11442.0,3417.0,0.2986366019926586,,0.0073163593795727,,,,,,,,,,left_only,,,,,,left_only
2020,2018,True,OH,29341,Oscar Buckeye State Insurance Corp.,,,,,,,,,,,,,,,,,,,,,,,,,left_only,,,,,,left_only
2020,2018,True,OH,41047,Buckeye Community Health Plan,519747.0,116979.0,685.0,,,,,,,,519747.0,116979.0,0.2250691201680817,,0.0058557518870908,,,,,12.0,3.0,1.0,1.0,1.0,both,386.065,392.1914166666666,296.88,12.0,10.0,both
2020,2018,True,OH,45845,Oscar Insurance Corporation of Ohio,8665.0,55.0,82.0,,,,,,,,8665.0,55.0,0.0063473744950952,,1.490909090909091,,,,,8.0,8.0,1.0,1.0,8.0,both,384.1950000000001,387.523125,271.63,8.0,2.0,both
2020,2018,True,OH,52664,"Summa Insurance Company, Inc.",70493.0,9648.0,115.0,,,,,,,,70493.0,9648.0,0.13686465322798,,0.0119195688225538,,,,,6.0,2.0,1.0,1.0,2.0,both,396.665,384.66833333333335,263.29,6.0,2.0,both
2020,2018,True,OH,64353,"Molina Healthcare of Ohio, Inc.",632864.0,150361.0,318.0,,,,,,,,632864.0,150361.0,0.2375881706022146,,0.00211491011632,,,,,5.0,2.0,1.0,3.0,2.0,both,387.77,380.8987037037037,252.76,5.0,13.0,both
2020,2018,True,OH,74313,Paramount Insurance Company,270262.0,44046.0,56.0,,,,,,,,270262.0,44046.0,0.1629751870407234,,0.0012713980838214,,,,,8.0,1.0,1.0,3.0,1.0,both,533.205,539.910625,274.3,8.0,2.0,both
2020,2018,True,OH,77552,CareSource,3508607.0,652564.0,3164.0,,,,,,,,3508607.0,652564.0,0.1859894824356218,,0.0048485665773778,,,,,13.0,4.0,1.0,1.0,13.0,both,395.455,405.9418269230769,244.07,13.0,16.0,both
2020,2018,True,OH,99969,Medical Health Insuring Corp. of Ohio,2058140.0,239390.0,1203.0,,,,,,,,2058140.0,239390.0,0.1163137590251392,,0.0050252725677764,,,,,44.0,1.0,4.0,7.0,34.0,both,405.32,399.85776315789474,211.53,44.0,13.0,both
2020,2018,True,OK,21333,Medica Insurance Company,,,,,,,,,,,,,,,,,,,,,,,,,left_only,,,,,,left_only
2020,2018,True,OK,40463,Bright Health Insurance Company,,,,,,,,,,,,,,,,,,,,,,,,,left_only,,,,,,left_only
2020,2018,True,OK,87571,Blue Cross Blue Shield of Oklahoma,6995708.0,1075645.0,240.0,,,,,,,,6995708.0,1075645.0,0.153757846954161,,0.000223121940789,,,,,35.0,2.0,2.0,10.0,35.0,both,462.79,505.95171428571433,371.47,35.0,5.0,both
2020,2018,True,OR,10091,PacificSource Health Plans,206797.0,19070.0,197.0,,,,,,,,206797.0,19070.0,0.0922160379502604,,0.0103303618248557,,,,,8.0,1.0,2.0,2.0,0.0,both,423.5,428.1666666666667,287.0,8.0,3.0,both
2020,2018,True,OR,39424,"Moda Health Plan, Inc.",661162.0,54600.0,72.0,,,,,,,,661162.0,54600.0,0.0825818785713637,,0.0013186813186813,,,,,11.0,3.0,2.0,2.0,3.0,both,451.0,440.4489795918368,338.0,11.0,7.0,both
2020,2018,True,OR,56707,Providence Health Plan,530180.0,44866.0,561.0,,,,,,,,530180.0,44866.0,0.0846240899317213,,0.0125039005037221,,,,,8.0,7.0,3.0,3.0,8.0,both,454.0,437.1621621621622,282.0,8.0,7.0,both
2020,2018,True,OR,63474,BridgeSpan Health Company,34009.0,2408.0,54.0,,,,,,,,34009.0,2408.0,0.0708047869681555,,0.0224252491694352,,,,,6.0,2.0,1.0,1.0,6.0,both,356.115,378.19,302.16,6.0,1.0,both
2020,2018,True,OR,71287,Kaiser Foundation Healthplan of the NW,,,334.0,,,,,,,,,,,,,,,,,10.0,1.0,1.0,1.0,0.0,both,378.0,349.7,271.0,10.0,5.0,both
2020,2018,True,PA,16322,"UPMC Health Options, Inc.",3836202.0,146905.0,95.0,,,,,,,,3836202.0,146905.0,0.038294385957778,,0.000646676423539,,,,,41.0,2.0,5.0,5.0,14.0,both,425.08,415.8032432432432,208.29,41.0,7.0,both
2020,2018,True,PA,22444,Geisinger Health Plan,1353167.0,201575.0,166.0,,,,,,,,1353167.0,201575.0,0.1489653531308404,,0.0008235148207863,,,,,27.0,2.0,2.0,8.0,12.0,both,506.635,504.38770833333336,287.8,27.0,6.0,both
2020,2018,True,PA,31609,Independence Blue Cross (QCC Ins. Co.),1165326.0,160079.0,87.0,,,,,,,,1165326.0,160079.0,0.1373684273756871,,0.0005434816559323,,,,,7.0,2.0,1.0,1.0,3.0,both,635.55,599.1257142857143,363.05,7.0,1.0,both
2020,2018,True,PA,33709,Highmark Inc.,21172.0,1581.0,19.0,,,,,,,,21172.0,1581.0,0.0746740978651048,,0.0120177103099304,,,,,9.0,3.0,2.0,3.0,8.0,both,353.895,393.041,309.28,9.0,2.0,both
2020,2018,True,PA,33871,"Keystone Health Plan East, Inc",4478410.0,744583.0,329.0,,,,,,,,4478410.0,744583.0,0.1662605701577122,,0.0004418580601491,,,,,4.0,1.0,1.0,1.0,0.0,both,588.755,624.87,465.6,4.0,1.0,both
2020,2018,True,PA,38949,Highmark Choice Company,92376.0,5735.0,23.0,,,,,,,,92376.0,5735.0,0.0620832250801073,,0.0040104620749782,,,,,4.0,1.0,1.0,1.0,4.0,both,409.965,405.015,317.03,4.0,2.0,both
2020,2018,True,PA,45127,Capital Advantage Assurance Company,1566002.0,205517.0,325.0,,,,,,,,1566002.0,205517.0,0.1312367417155278,,0.0015813776962489,,,,,3.0,1.0,1.0,1.0,1.0,both,741.58,704.7611111111112,529.47,3.0,3.0,both
2020,2018,True,PA,75729,Geisinger Quality Options,,,,,,,,,,,,,,,,,,,,,,,,,left_only,,,,,,left_only
2020,2018,True,PA,79279,Highmark Coverage Advantage Inc.,,,,,,,,,,,,,,,,,,,,,,,,,left_only,,,,,,left_only
2020,2018,True,PA,79962,Highmark Benefits Group Inc.,,,,,,,,,,,,,,,,,,,,,,,,,left_only,,,,,,left_only
2020,2018,True,PA,86199,"Pennsylvania Health & Wellness, Inc.",,,,,,,,,,,,,,,,,,,,,,,,,left_only,,,,,,left_only
2020,2018,True,PA,98517,"Oscar Health Plan of Pennsylvania, Inc.",,,,,,,,,,,,,,,,,,,,,,,,,left_only,,,,,,left_only
2020,2018,True,SC,16985,Bright Health Company of South Carolina,,,,,,,,,,,,,,,,,,,,,,,,,left_only,,,,,,left_only
2020,2018,True,SC,26065,Blue Cross and Blue Shield of South Carolina,9849995.0,1605683.0,2013.0,,,,,,,,9849995.0,1605683.0,0.1630135852860839,,0.0012536721133623,,,,,24.0,2.0,1.0,1.0,0.0,both,515.1949999999999,489.9850996376812,231.41,24.0,46.0,both
2020,2018,True,SC,42326,"MOLINA HEALTHCARE OF SOUTH CAROLINA, INC",,,,,,,,,,,,,,,,,,,,,,,,,left_only,,,,,,left_only
2020,2018,True,SC,79222,"Absolute Total Care, Inc",,,,,,,,,,,,,,,,,,,,,,,,,left_only,,,,,,left_only
2020,2018,True,SD,31195,Sanford Health Plan,453255.0,22448.0,280.0,,,,,,,,453255.0,22448.0,0.0495262048956988,,0.0124732715609408,,,,,17.0,1.0,2.0,2.0,7.0,both,469.32,487.8607692307693,264.44,17.0,4.0,both
2020,2018,True,SD,60536,"Avera Health Plans, Inc.",372944.0,58063.0,94.0,,,,,,,,372944.0,58063.0,0.155688253464327,,0.0016189311609803,,,,,8.0,1.0,1.0,1.0,1.0,both,534.6949999999999,516.1034375,290.35,8.0,4.0,both
2020,2018,True,TN,14002,BlueCross BlueShield of Tennessee,7317202.0,1207868.0,981.0,,,,,,,,7317202.0,1207868.0,0.1650723869588402,,0.0008121748402971,,,,,24.0,1.0,1.0,6.0,4.0,both,718.2349999999999,704.2304166666667,408.53,24.0,6.0,both
2020,2018,True,TN,23552,Oscar Insurance Company,336971.0,73674.0,148.0,,,,,,,,336971.0,73674.0,0.2186360250585362,,0.0020088497977576,,,,,8.0,8.0,1.0,1.0,8.0,both,478.945,508.20875,351.27,8.0,1.0,both
2020,2018,True,TN,70111,Celtic Insurance Company,,,,,,,,,,,,,,,,,,,,,,,,,left_only,,,,,,left_only
2020,2018,True,TN,97906,Bright Health Insurance Company of Tennessee,,,,,,,,,,,,,,,,,,,,,,,,,left_only,,,,,,left_only
2020,2018,True,TN,99248,Cigna Health and Life Insurance Company,1952184.0,98068.0,3099.0,,,,,,,,1952184.0,98068.0,0.0502350188301922,,0.0316005220867153,,,,,12.0,1.0,2.0,3.0,6.0,both,575.7249999999999,625.0816666666666,379.79,12.0,3.0,both
2020,2018,True,TX,20069,Oscar Insurance Company,1234053.0,262171.0,677.0,,,,,,,,1234053.0,262171.0,0.2124471153183858,,0.0025822840817634,,,,,8.0,8.0,1.0,1.0,2.0,both,350.29,337.6629411764705,190.95,8.0,3.0,both
2020,2018,True,TX,26539,"SHA, LLC DBA FirstCare Health Plans",689194.0,129149.0,191.0,,,,,,,,689194.0,129149.0,0.1873913586014968,,0.0014789119544092,,,,,6.0,1.0,1.0,1.0,0.0,both,539.2,528.1733333333333,353.85,6.0,9.0,both
2020,2018,True,TX,27248,"Community Health Choice, Inc.",2259355.0,385861.0,138.0,,,,,,,,2259355.0,385861.0,0.1707836971170975,,0.0003576417414561,,,,,8.0,1.0,2.0,2.0,1.0,both,490.735,471.70875,315.74,8.0,2.0,both
2020,2018,True,TX,29418,Celtic Insurance Company,4835793.0,1199078.0,1127.0,,,,,,,,4835793.0,1199078.0,0.2479589180099313,,0.0009398888145725,,,,,14.0,2.0,1.0,1.0,1.0,both,411.905,409.7500649350649,271.1,14.0,11.0,both
2020,2018,True,TX,33602,Blue Cross Blue Shield of Texas,14065915.0,2535879.0,1102.0,,,,,,,,14065915.0,2535879.0,0.1802853920274649,,0.0004345633210417,,,,,182.0,2.0,1.0,26.0,182.0,both,522.21,498.4085164835165,299.92,182.0,26.0,both
2020,2018,True,TX,45786,"Molina Healthcare of Texas, Inc.",5814783.0,1538371.0,2161.0,,,,,,,,5814783.0,1538371.0,0.2645620653427651,,0.0014047326685175,,,,,6.0,3.0,1.0,1.0,0.0,both,408.03,389.87395833333335,256.27,6.0,8.0,both
2020,2018,True,TX,66252,CHRISTUS Health Plan,650838.0,135197.0,262.0,,,,,,,,650838.0,135197.0,0.207727575833003,,0.0019379128235093,,,,,25.0,5.0,1.0,5.0,0.0,both,477.69,438.6472,262.73,25.0,5.0,both
2020,2018,True,TX,71837,"Sendero Health Plans, inc.",446191.0,65619.0,26.0,,,,,,,,446191.0,65619.0,0.1470648220156838,,0.0003962267026318,,,,,4.0,1.0,1.0,1.0,1.0,both,388.605,393.2375,301.26,4.0,2.0,both
2020,2018,True,UT,18167,Molina Healthcare of Utah,,,,,,,,,,,,,,,,,,,,,,,,,left_only,,,,,,left_only
2020,2018,True,UT,34541,BridgeSpan Health Company,,,,,,,,,,,,,,,,,,,,,,,,,left_only,,,,,,left_only
2020,2018,True,UT,42261,University of Utah Health Insurance Plans,633043.0,215466.0,737.0,,,,,,,,633043.0,215466.0,0.3403655043970157,,0.0034204932564766,,,,,8.0,2.0,2.0,2.0,4.0,both,494.72,539.6317857142857,325.21,8.0,6.0,both
2020,2018,True,UT,68781,SelectHealth,6303368.0,669556.0,3060.0,,,,,,,,6303368.0,669556.0,0.1062219435704848,,0.004570192784472,,,,,24.0,2.0,2.0,2.0,8.0,both,445.69,470.88916666666665,254.0,24.0,6.0,both
2020,2018,True,UT,81808,Cigna Health and Life Insurance Company,,,,,,,,,,,,,,,,,,,,,,,,,left_only,,,,,,left_only
2020,2018,True,VA,10207,"CareFirst BlueChoice, Inc.",107299.0,15996.0,49.0,,,,,,,,107299.0,15996.0,0.149078742579148,,0.0030632658164541,,,,,3.0,1.0,2.0,1.0,0.0,both,652.93,568.99,333.7,3.0,1.0,both
2020,2018,True,VA,20507,Optima Health Plan,214900.0,99764.0,117.0,,,,,,,,214900.0,99764.0,0.4642345276872964,,0.0011727677318471,,,,,7.0,1.0,2.0,2.0,2.0,both,731.63,800.3003225806452,455.17,7.0,5.0,both
2020,2018,True,VA,25922,Oscar Insurance Company,,,,,,,,,,,,,,,,,,,,,,,,,left_only,,,,,,left_only
2020,2018,True,VA,37204,"Piedmont Community HealthCare HMO, Inc.",,,,,,,,,,,,,,,,,,,,10.0,1.0,1.0,1.0,10.0,both,432.945,499.978,359.49,10.0,5.0,both
2020,2018,True,VA,40308,Group Hospitalization and Medical Services Inc.,76859.0,10927.0,23.0,,,,,,,,76859.0,10927.0,0.1421694271328016,,0.0021048778255696,,,,,2.0,1.0,2.0,1.0,0.0,both,867.0550000000001,867.0550000000001,806.53,2.0,1.0,both
2020,2018,True,VA,41921,Cigna Health and Life Insurance Company,1930580.0,101737.0,3344.0,,,,,,,,1930580.0,101737.0,0.0526976349076443,,0.0328690643522022,,,,,10.0,1.0,1.0,2.0,2.0,both,448.08,476.064,327.48,10.0,2.0,both
2020,2018,True,VA,80352,"Virginia Premier Health Plan, Inc.",,,,,,,,,,,,,,,,,,,,,,,,,left_only,,,,,,left_only
2020,2018,True,VA,88380,"HealthKeepers, Inc.",2538860.0,150723.0,105.0,31.0,,,,,,,2538860.0,150723.0,0.0593664085455677,,0.0006966421846698,0.2952380952380952,,,,11.0,1.0,1.0,1.0,3.0,both,509.9,516.4887012987012,333.93,11.0,7.0,both
2020,2018,True,VA,95185,"Kaiser Foundation Health Plan of the Mid-Atlantic States, Inc.",61424.0,8623.0,148.0,,,,,,,,61424.0,8623.0,0.1403848658504819,,0.017163400208744,,,,,11.0,1.0,1.0,1.0,1.0,both,487.76,470.7263636363636,294.95,11.0,3.0,both
2020,2018,True,WI,14630,Children's Community Health Plan,616715.0,37326.0,491.0,171.0,14.0,,,,,,616715.0,37326.0,0.0605239048831307,,0.0131543696083159,0.3482688391038696,,,,8.0,1.0,1.0,1.0,4.0,both,564.985,532.9662500000001,333.7,8.0,3.0,both
2020,2018,True,WI,20173,HealthPartners Insurance Company,79939.0,4939.0,,,,,,,,,79939.0,4939.0,0.0617846107657088,,,,,,,7.0,1.0,1.0,1.0,1.0,both,565.2449999999999,529.3007142857143,292.51,7.0,2.0,both
2020,2018,True,WI,37833,Quartz Health Benefit Plans Corporation,538480.0,45592.0,165.0,51.0,,,,,,,538480.0,45592.0,0.0846679542415688,,0.0036190559747324,0.3090909090909091,,,,132.0,3.0,4.0,6.0,57.0,both,556.28,540.7311538461538,276.82,132.0,7.0,both
2020,2018,True,WI,38166,"Security Health Plan of Wisconsin, Inc.",446488.0,21460.0,177.0,101.0,,,,,,,446488.0,21460.0,0.048064001720091,,0.0082479030754892,0.5706214689265536,,,,14.0,1.0,1.0,1.0,4.0,both,541.85,503.5955555555556,246.67,14.0,9.0,both
2020,2018,True,WI,38345,Dean Health Plan,839270.0,64321.0,68.0,31.0,,,,,,,839270.0,64321.0,0.0766392221811812,,0.00105719749382,0.4558823529411764,,,,14.0,2.0,2.0,2.0,1.0,both,442.39,432.0163768115942,233.9,14.0,6.0,both
2020,2018,True,WI,52697,"Molina Healthcare of Wisconsin, Inc.",,,,,,,,,,,,,,,,,,,,,,,,,left_only,,,,,,left_only
2020,2018,True,WI,57845,Medica Community Health Plan,159539.0,13318.0,52.0,29.0,,,,,,,159539.0,13318.0,0.0834780210481449,,0.0039044901636882,0.5576923076923077,,,,14.0,2.0,2.0,2.0,8.0,both,594.48,597.7244444444444,273.56,14.0,6.0,both
2020,2018,True,WI,58326,"MercyCare HMO, Inc.",249078.0,7329.0,,,,,,,,,249078.0,7329.0,0.0294245176209861,,,,,,,10.0,1.0,1.0,1.0,1.0,both,377.4500000000001,334.384,250.08,10.0,1.0,both
2020,2018,True,WI,81413,Network Health Plan,299081.0,73600.0,34.0,24.0,,,,,,,299081.0,73600.0,0.2460871803959462,,0.0004619565217391,0.7058823529411765,,,,12.0,2.0,2.0,2.0,0.0,both,683.09,634.51125,502.52,12.0,4.0,both
2020,2018,True,WI,84670,"WPS Health Plan, Inc.",,,,,,,,,,,,,,,,,,,,,,,,,left_only,,,,,,left_only
2020,2018,True,WI,86584,"Aspirus Arise Health Plan of Wisconsin, Inc.",82993.0,9764.0,198.0,75.0,,,,,,,82993.0,9764.0,0.1176484763775258,,0.0202785743547726,0.3787878787878788,,,,18.0,2.0,1.0,1.0,2.0,both,566.315,534.0322222222222,321.35,18.0,5.0,both
2020,2018,True,WI,87416,Common Ground Healthcare Cooperative,2430068.0,327062.0,53.0,17.0,15.0,,,,,,2430068.0,327062.0,0.1345896493431459,,0.0001620487858571,0.320754716981132,,,,8.0,1.0,1.0,2.0,8.0,both,654.715,616.878695652174,340.79,8.0,6.0,both
2020,2018,True,WI,94529,Group Health Cooperative of South Central Wisconsin,100069.0,7220.0,19.0,,,,,,,,100069.0,7220.0,0.072150216350718,,0.0026315789473684,,,,,34.0,2.0,2.0,2.0,7.0,both,478.61,467.19911764705887,270.01,34.0,5.0,both
2020,2018,True,WV,31274,Highmark Blue Cross Blue Shield West Virginia,608399.0,35812.0,42.0,18.0,,,,,,,608399.0,35812.0,0.0588626871510308,,0.0011727912431587,0.4285714285714285,,,,8.0,2.0,1.0,1.0,2.0,both,590.4449999999999,593.1179545454545,392.6,8.0,11.0,both
2020,2018,True,WV,50328,CareSource West Virginia Co.,352387.0,67650.0,364.0,230.0,,,,,,,352387.0,67650.0,0.1919764349990209,,0.005380635624538,0.6318681318681318,,,,13.0,4.0,1.0,1.0,13.0,both,529.83,544.2247008547008,393.31,13.0,9.0,both
2020,2018,True,WY,11269,Blue Cross Blue Shield of Wyoming,890759.0,128838.0,422.0,275.0,,,,,,,890759.0,128838.0,0.1446384487835654,,0.0032754311616138,0.6516587677725119,,,,10.0,1.0,1.0,1.0,3.0,both,754.79,734.6823333333334,533.94,10.0,3.0,both
2021,2019,True,AK,38344,Premera Blue Cross Blue Shield of Alaska,440412.0,64537.0,180.0,63.0,,,,,,,440412.0,64537.0,0.1465377873445773,,0.0027890977268853,0.35,,,,5.0,2.0,1.0,1.0,5.0,both,672.0,610.1333333333333,461.0,5.0,3.0,both
2021,2019,True,AK,77963,Moda Assurance Company,,,,,,,,,,,,,,,,,,,,,,,,,left_only,,,,,,left_only
2021,2019,True,AL,46944,Blue Cross and Blue Shield of Alabama,5726497.0,1258985.0,4392.0,1782.0,52.0,,,,,,5726497.0,1258985.0,0.2198525555850286,,0.0034885244859946,0.4057377049180328,,,,7.0,7.0,1.0,1.0,0.0,both,493.74,472.5829670329671,280.32,7.0,13.0,both
2021,2019,True,AL,73301,"Bright Health Insurance Company of Alabama, Inc.",81484.0,23912.0,42.0,18.0,,,,,,,81484.0,23912.0,0.2934563840754013,,0.0017564402810304,0.4285714285714285,,,,6.0,1.0,1.0,1.0,2.0,both,355.83,403.1366666666666,265.06,6.0,1.0,both
2021,2019,True,AR,13262,"HMO Partners, Inc.",,,,,,,,,,,,,,,,,,,,,,,,,left_only,,,,,,left_only
2021,2019,True,AR,37903,"QualChoice Life & Health Insurance Company, Inc.",660234.0,122371.0,107.0,75.0,20.0,,,,,,660234.0,122371.0,0.1853448928713153,,0.0008743901741425,0.7009345794392523,,,,3.0,1.0,1.0,1.0,0.0,both,413.09,426.0653333333333,394.71,3.0,5.0,both
2021,2019,True,AR,62141,Celtic Insurance Company,2556008.0,485794.0,436.0,194.0,,,,,,,2556008.0,485794.0,0.1900596555253348,,0.0008974997632741,0.4449541284403669,,,,8.0,2.0,1.0,1.0,1.0,both,391.53,396.8244642857143,324.4,8.0,7.0,both
2021,2019,True,AR,70525,"QCA Health Plan, Inc.",663481.0,123578.0,102.0,44.0,47.0,,,,,,663481.0,123578.0,0.1862570292140995,,0.0008253896324588,0.4313725490196078,,,,5.0,1.0,1.0,2.0,0.0,both,399.73,372.8366666666667,227.16,5.0,7.0,both
2021,2019,True,AR,75293,USAble Mutual Insurance Company,5351709.0,1117028.0,3939.0,1387.0,14.0,,,,,,5351709.0,1117028.0,0.2087236058612305,,0.003526321632045,0.3521198273673521,,,,9.0,2.0,2.0,2.0,1.0,both,383.87,384.97888888888895,319.97,9.0,7.0,both
2021,2019,True,AZ,13877,"Oscar Health Plan, Inc.",9985.0,367.0,168.0,58.0,0.0,0.0,,,,,9985.0,367.0,0.0367551326990485,,0.4577656675749318,0.3452380952380952,,,,8.0,8.0,1.0,1.0,8.0,both,427.9500000000001,441.1575,304.15,8.0,1.0,both
2021,2019,True,AZ,40702,"UnitedHealthcare of Arizona, Inc.",,,,,,,,,,,,,,,,,,,,,,,,,left_only,,,,,,left_only
2021,2019,True,AZ,53901,"Blue Cross and Blue Shield of Arizona, Inc.",1333839.0,135450.0,1276.0,534.0,74.0,,,,,,1333839.0,135450.0,0.101548987546473,,0.0094204503506829,0.4184952978056426,,,,66.0,1.0,2.0,11.0,41.0,both,522.93,533.3946969696971,256.93,66.0,6.0,both
2021,2019,True,AZ,87247,Bright Health Company of Arizona,299580.0,65396.0,304.0,114.0,28.0,,,,,,299580.0,65396.0,0.2182922758528606,,0.0046486023610006,0.375,,,,12.0,1.0,2.0,2.0,12.0,both,345.355,382.16333333333336,265.4,12.0,2.0,both
2021,2019,True,AZ,91450,"Health Net of Arizona, Inc.",2651029.0,719338.0,99.0,70.0,0.0,0.0,,,,,2651029.0,719338.0,0.2713429389116452,,0.0001376265399575,0.7070707070707071,,,,11.0,1.0,1.0,2.0,2.0,both,385.51,404.72,291.73,11.0,2.0,both
2021,2019,True,AZ,97667,"Cigna HealthCare of Arizona, Inc",135130.0,15955.0,22.0,,,,,,,,135130.0,15955.0,0.1180714867164952,,0.0013788780946411,,,,,5.0,1.0,1.0,1.0,4.0,both,426.3,469.852,349.12,5.0,1.0,both
2021,2019,True,DE,76168,Highmark BCBSD Inc.,550141.0,65768.0,96.0,35.0,,0.0,,,,,550141.0,65768.0,0.1195475341776017,,0.0014596764383894,0.3645833333333333,,,,8.0,3.0,1.0,1.0,3.0,both,665.9849999999999,603.62,389.66,8.0,1.0,both
2021,2019,True,FL,12379,Bright Health Insurance Company of Florida,,,,,,,,,,,,,,,,,,,,,,,,,left_only,,,,,,left_only
2021,2019,True,FL,16842,Blue Cross and Blue Shield of Florida,17003717.0,797290.0,3381.0,1256.0,161.0,59.0,,,,,17003717.0,797290.0,0.0468891595878712,,0.0042406150835956,0.3714877255249926,0.3664596273291925,,,24.0,2.0,2.0,2.0,0.0,both,614.645,656.1927721088435,315.7,24.0,67.0,both
2021,2019,True,FL,19898,"AvMed, Inc.",,,,,,,,,,,,,,,,,,,,,,,,,left_only,,,,,,left_only
2021,2019,True,FL,21663,Celtic Insurance Company,10905345.0,2550671.0,626.0,372.0,,0.0,,,,,10905345.0,2550671.0,0.2338918209373477,,0.0002454256154556,0.5942492012779552,,,,14.0,3.0,1.0,1.0,1.0,both,511.335,503.9741483516484,325.53,14.0,26.0,both
2021,2019,True,FL,30252,"Health Options, Inc.",18628060.0,1131069.0,2637.0,900.0,108.0,54.0,,,,,18628060.0,1131069.0,0.0607185611384116,,0.0023314227513971,0.3412969283276451,0.5,,,20.0,2.0,2.0,2.0,0.0,both,560.655,561.43662109375,343.9,20.0,45.0,both
2021,2019,True,FL,36194,"Health First Commercial Plans, Inc.",600003.0,65789.0,201.0,111.0,,,,,,,600003.0,65789.0,0.1096477850944078,,0.0030552219975983,0.5522388059701493,,,,46.0,4.0,2.0,2.0,0.0,both,531.9549999999999,501.1648913043478,233.92,46.0,4.0,both
2021,2019,True,FL,40572,Oscar Insurance Company of Florida,228784.0,12114.0,271.0,118.0,,0.0,,,,,228784.0,12114.0,0.0529495069585285,,0.0223708106323262,0.4354243542435424,,,,8.0,8.0,1.0,1.0,8.0,both,410.4500000000001,409.969375,261.19,8.0,4.0,both
2021,2019,True,FL,48121,Cigna Health and Life Insurance Company,7109.0,2605.0,40.0,,0.0,0.0,,,,,7109.0,2605.0,0.3664369109579406,,0.0153550863723608,,,,,,,,,,left_only,,,,,,left_only
2021,2019,True,FL,54172,"Molina Healthcare of Florida, Inc",787733.0,186976.0,0.0,0.0,0.0,0.0,,,,,787733.0,186976.0,0.2373596129653067,,0.0,,,,,3.0,1.0,1.0,1.0,0.0,both,567.8,524.4620833333333,344.04,3.0,8.0,both
2021,2019,True,FL,56503,"Florida Health Care Plan, Inc.",519193.0,29793.0,196.0,57.0,11.0,,,,,,519193.0,29793.0,0.0573832852137837,,0.0065787265465042,0.2908163265306122,,,,33.0,33.0,1.0,1.0,3.0,both,505.105,499.6515909090909,271.62,33.0,4.0,both
2021,2019,True,GA,49046,Anthem Blue Cross and Blue Shield,1992857.0,806296.0,900.0,265.0,,0.0,,,,,1992857.0,806296.0,0.4045930039134769,,0.0011162153849206,0.2944444444444444,,,,36.0,1.0,2.0,7.0,24.0,both,491.85,541.1331410256411,215.07,36.0,13.0,both
2021,2019,True,GA,58081,Oscar Health Plan of Georgia,,,,,,,,,,,,,,,,,,,,,,,,,left_only,,,,,,left_only
2021,2019,True,GA,60224,CareSource Georgia Co.,,,,,,,,,,,,,,,,,,,,,,,,,left_only,,,,,,left_only
2021,2019,True,GA,70893,Ambetter of Peach State Inc.,5892952.0,1366602.0,1319.0,748.0,,0.0,,,,,5892952.0,1366602.0,0.2319044852223469,,0.0009651676201264,0.5670962850644428,,,,20.0,3.0,1.0,3.0,10.0,both,423.895,421.7285714285714,292.47,20.0,12.0,both
2021,2019,True,GA,83761,Alliant Health Plans,293787.0,20757.0,5063.0,1322.0,53.0,36.0,,,,,293787.0,20757.0,0.0706532283593215,,0.2439177145059498,0.2611100138257949,0.6792452830188679,,,160.0,1.0,1.0,20.0,152.0,both,598.1,591.7675595238095,384.04,160.0,4.0,both
2021,2019,True,GA,89942,Kaiser Foundation Health Plan of Georgia,87347.0,8918.0,1083.0,577.0,,0.0,,,,,87347.0,8918.0,0.1020985265664533,,0.1214397847050908,0.5327793167128347,,,,16.0,1.0,2.0,2.0,2.0,both,557.505,532.00375,372.4,16.0,1.0,both
2021,2019,True,HI,18350,Hawaii Medical Service Association,555061.0,121993.0,58.0,36.0,0.0,0.0,,,,,555061.0,121993.0,0.2197830508718861,,0.0004754371152443,0.6206896551724138,,,,12.0,2.0,5.0,1.0,1.0,both,485.07,452.44250000000005,195.62,12.0,1.0,both
2021,2019,True,HI,60612,"Kaiser Foundation Health Plan, Inc.",9055.0,335.0,82.0,27.0,0.0,0.0,,,,,9055.0,335.0,0.0369961347321921,,0.244776119402985,0.3292682926829268,,,,11.0,1.0,1.0,1.0,0.0,both,504.31,504.86090909090905,392.74,11.0,1.0,both
2021,2019,True,IA,25896,"Wellmark Health Plan of Iowa, Inc.",217135.0,38815.0,,,,0.0,,,,,217135.0,38815.0,0.1787597577543924,,,,,,,4.0,1.0,1.0,1.0,4.0,both,669.7850000000001,658.7870833333334,485.98,4.0,6.0,both
2021,2019,True,IA,45819,Oscar Insurance Company,,,,,,,,,,,,,,,,,,,,,,,,,left_only,,,,,,left_only
2021,2019,True,IA,93078,Medica Insurance Company,1435262.0,140421.0,389.0,228.0,,,,,,,1435262.0,140421.0,0.0978364925706944,,0.0027702409183811,0.5861182519280206,,,,23.0,4.0,4.0,5.0,23.0,both,558.77,551.2016853932583,296.37,23.0,7.0,both
2021,2019,True,IL,20129,"Health Alliance Medical Plans, Inc.",1155063.0,160154.0,275.0,125.0,,,,,,,1155063.0,160154.0,0.1386539089209852,,0.0017170972938546,0.4545454545454545,,,,32.0,2.0,2.0,4.0,14.0,both,582.34,557.633984375,342.19,32.0,8.0,both
2021,2019,True,IL,27833,Celtic Insurance Company,494314.0,129336.0,64.0,25.0,0.0,0.0,,,,,494314.0,129336.0,0.2616474548566296,,0.0004948351580379,0.390625,,,,9.0,2.0,1.0,1.0,1.0,both,474.42,470.1783333333333,367.51,9.0,2.0,both
2021,2019,True,IL,36096,Blue Cross Blue Shield of Illinois,7491522.0,1216478.0,273.0,48.0,11.0,0.0,,,,,7491522.0,1216478.0,0.1623806217214606,,0.000224418361861,0.1758241758241758,0.0,,,93.0,4.0,4.0,25.0,0.0,both,471.66,480.55182795698926,328.3,93.0,13.0,both
2021,2019,True,IL,44522,Bright Health Insurance Company of Illinois,,,,,,,,,,,,,,,,,,,,,,,,,left_only,,,,,,left_only
2021,2019,True,IL,53882,"Cigna HealthCare of Illinois, Inc.",458558.0,73157.0,42.0,15.0,,,,,,,458558.0,73157.0,0.1595370705559602,,0.000574107740886,0.3571428571428571,,,,5.0,1.0,1.0,1.0,0.0,both,422.01,446.334,333.96,5.0,3.0,both
2021,2019,True,IL,54322,"MercyCare HMO, Inc.",,,,,,,,,,,,,,,,,,,,,,,,,left_only,,,,,,left_only
2021,2019,True,IL,65280,SSM Health Plan,,,,,,,,,,,,,,,,,,,,,,,,,left_only,,,,,,left_only
2021,2019,True,IL,85773,Quartz Health Benefit Plans Corporation,,,,,,,,,,,,,,,,,,,,,,,,,left_only,,,,,,left_only
2021,2019,True,IN,17575,Anthem Ins Companies Inc(Anthem BCBS),83940.0,6129.0,,,0.0,0.0,,,,,83940.0,6129.0,0.0730164403145103,,,,,,,,,,,,left_only,,,,,,left_only
2021,2019,True,IN,54192,"CareSource Indiana, Inc.",2509529.0,379181.0,515.0,276.0,82.0,33.0,,,,,2509529.0,379181.0,0.1510964806543379,,0.001358190415659,0.5359223300970873,0.4024390243902439,,,11.0,2.0,1.0,1.0,0.0,both,376.81,393.75160427807486,274.54,11.0,17.0,both
2021,2019,True,IN,76179,Celtic Insurance Company,1296378.0,288893.0,977.0,283.0,50.0,15.0,,,,,1296378.0,288893.0,0.222846268603756,,0.003381874950241,0.2896622313203685,0.3,,,11.0,3.0,1.0,1.0,1.0,both,352.86,351.6186631016043,234.53,11.0,17.0,both
2021,2019,True,KS,18558,"Blue Cross and Blue Shield of Kansas, Inc.",2509717.0,266556.0,276.0,99.0,42.0,14.0,,,,,2509717.0,266556.0,0.1062095845866286,,0.0010354297033268,0.358695652173913,0.3333333333333333,,,5.0,1.0,1.0,1.0,0.0,both,485.24,466.32342857142856,358.56,5.0,7.0,both
2021,2019,True,KS,39520,Medica Insurance Company,273244.0,42026.0,137.0,77.0,,,,,,,273244.0,42026.0,0.1538039261612331,,0.0032598867367819,0.5620437956204379,,,,13.0,2.0,2.0,2.0,7.0,both,582.8,566.1771428571428,312.58,13.0,7.0,both
2021,2019,True,KS,43490,Oscar Insurance Company,,,,,,,,,,,,,,,,,,,,,,,,,left_only,,,,,,left_only
2021,2019,True,KS,76763,Cigna Health and Life Insurance Company,,,,,,,,,,,,,,,,,,,,,,,,,left_only,,,,,,left_only
2021,2019,True,KS,80065,"Sunflower State Health Plan, Inc",502794.0,117317.0,144.0,83.0,,0.0,,,,,502794.0,117317.0,0.2333301511155662,,0.0012274435930001,0.5763888888888888,,,,5.0,2.0,1.0,1.0,2.0,both,592.06,552.078,448.21,5.0,1.0,both
2021,2019,True,KS,94248,Blue Cross and Blue Shield of Kansas City,,,,,,,,,,,,,,,,,,,,,,,,,left_only,,,,,,left_only
2021,2019,True,KY,36239,Anthem Health Plans of KY(Anthem BCBS),1157764.0,386018.0,338.0,150.0,,0.0,,,,,1157764.0,386018.0,0.333416827609081,,0.0008756068369868,0.4437869822485207,,,,13.0,1.0,2.0,2.0,5.0,both,417.64,443.9059016393443,189.94,13.0,8.0,both
2021,2019,True,KY,45636,CareSource Kentucky Co.,2007295.0,324939.0,828.0,512.0,57.0,26.0,,,,,2007295.0,324939.0,0.1618790461790618,,0.0025481705797088,0.6183574879227053,0.4561403508771929,,,12.0,2.0,1.0,1.0,2.0,both,446.745,435.79069444444445,258.09,12.0,6.0,both
2021,2019,True,LA,19636,"HMO Louisiana, Inc.",2399726.0,388709.0,987.0,324.0,49.0,17.0,,,,,2399726.0,388709.0,0.1619805761157732,,0.0025391745495988,0.3282674772036474,0.3469387755102041,,,21.0,4.0,4.0,6.0,0.0,both,455.06,453.24603174603175,311.78,21.0,8.0,both
2021,2019,True,LA,67243,"Vantage Health Plan, Inc.",155633.0,24885.0,25.0,16.0,0.0,0.0,,,,,155633.0,24885.0,0.1598953949355213,,0.0010046212577858,0.64,,,,20.0,1.0,2.0,2.0,2.0,both,628.72,593.57175,406.39,20.0,8.0,both
2021,2019,True,LA,97176,Louisiana Health Service & Indemnity Company,202091.0,24618.0,113.0,28.0,,,,,,,202091.0,24618.0,0.1218164094393119,,0.004590137297912,0.247787610619469,,,,5.0,2.0,1.0,1.0,0.0,both,718.12,673.1867500000001,489.27,5.0,8.0,both
2021,2019,True,LA,98780,CHRISTUS Health Plan Louisiana,,,,,,,,,,,,,,,,,,,,,,,,,left_only,,,,,,left_only
2021,2019,True,ME,33653,Maine Community Health Options,614195.0,29170.0,568.0,279.0,,,,,,,614195.0,29170.0,0.0474930600216543,,0.0194720603359616,0.4911971830985915,,,,12.0,6.0,1.0,1.0,2.0,both,569.11,553.09875,239.88,12.0,4.0,both
2021,2019,True,ME,48396,Anthem Health Plans of ME(Anthem BCBS),349038.0,141013.0,141.0,59.0,0.0,0.0,,,,,349038.0,141013.0,0.404004721548943,,0.0009999078099182,0.4184397163120567,,,,30.0,2.0,2.0,3.0,30.0,both,496.145,493.701,217.86,30.0,4.0,both
2021,2019,True,ME,96667,Harvard Pilgrim  Health Care Inc.,595690.0,194246.0,84.0,58.0,0.0,0.0,,,,,595690.0,194246.0,0.3260857157246218,,0.0004324413372733,0.6904761904761905,,,,7.0,1.0,2.0,3.0,7.0,both,571.34,557.0608695652173,389.26,7.0,4.0,both
2021,2019,True,MI,15560,Blue Cross Blue Shield of Michigan Mutual Insurance Company,1250223.0,254929.0,239.0,149.0,27.0,,,,,,1250223.0,254929.0,0.2039068230227727,,0.0009375159358095,0.6234309623430963,,,,8.0,3.0,1.0,1.0,0.0,both,516.365,517.07328125,299.73,8.0,16.0,both
2021,2019,True,MI,29698,Priority Health,1406408.0,81183.0,40.0,14.0,11.0,,,,,,1406408.0,81183.0,0.0577236477608204,,0.0004927139918455,0.35,,,,13.0,1.0,7.0,6.0,13.0,both,375.73,393.93169230769234,236.95,13.0,15.0,both
2021,2019,True,MI,40047,"Molina Healthcare of Michigan, Inc.",218534.0,50869.0,106.0,21.0,,,,,,,218534.0,50869.0,0.23277384754775,,0.0020837838369144,0.1981132075471698,,,,2.0,1.0,1.0,1.0,0.0,both,371.97,370.68625,353.74,2.0,4.0,both
2021,2019,True,MI,58594,"Meridian Health Plan of Michigan, Inc.",27024.0,10333.0,84.0,24.0,12.0,,,,,,27024.0,10333.0,0.3823638247483718,,0.0081292944933707,0.2857142857142857,,,,8.0,1.0,1.0,1.0,4.0,both,413.215,394.0811363636364,201.63,8.0,11.0,both
2021,2019,True,MI,60829,Physicians Health Plan,325077.0,27418.0,50.0,13.0,,0.0,,,,,325077.0,27418.0,0.084343094097706,,0.0018236195200233,0.26,,,,18.0,4.0,2.0,2.0,6.0,both,393.66,399.62046875,249.24,18.0,5.0,both
2021,2019,True,MI,67183,"Total Health Care USA, Inc.",2161630.0,479264.0,227.0,215.0,0.0,0.0,,,,,2161630.0,479264.0,0.2217141693999435,,0.0004736429191426,0.947136563876652,,,,7.0,1.0,1.0,1.0,0.0,both,355.31,325.21,236.25,7.0,3.0,both
2021,2019,True,MI,74917,McLaren Health Plan Community,87987.0,21699.0,70.0,64.0,,0.0,,,,,87987.0,21699.0,0.2466159773602918,,0.0032259551131388,0.9142857142857144,,,,4.0,1.0,1.0,1.0,0.0,both,383.3,385.31716666666665,232.2,4.0,15.0,both
2021,2019,True,MI,77739,Oscar Insurance Company,2965.0,113.0,13.0,,0.0,0.0,,,,,2965.0,113.0,0.0381112984822934,,0.1150442477876106,,,,,8.0,8.0,1.0,1.0,8.0,both,332.20500000000004,346.04833333333335,227.91,8.0,3.0,both
2021,2019,True,MI,98185,Blue Care Network of Michigan,3868860.0,978200.0,169.0,140.0,20.0,,,,,,3868860.0,978200.0,0.2528393376860367,,0.000172766305459,0.8284023668639053,,,,16.0,3.0,3.0,3.0,0.0,both,412.685,399.5850666666667,209.16,16.0,16.0,both
2021,2019,True,MO,32753,Healthy Alliance Life Co(Anthem BCBS),737777.0,233099.0,81.0,28.0,0.0,0.0,,,,,737777.0,233099.0,0.3159477728365075,,0.0003474918382318,0.345679012345679,,,,18.0,1.0,1.0,1.0,2.0,both,667.05,652.0354166666666,445.26,18.0,4.0,both
2021,2019,True,MO,34762,Blue Cross and Blue Shield of Kansas City,,,,,,,,,,,,,,,,,,,,,,,,,left_only,,,,,,left_only
2021,2019,True,MO,47840,SSM Health Insurance Company,,,,,,,,,,,,,,,,,,,,,,,,,left_only,,,,,,left_only
2021,2019,True,MO,53461,Medica Insurance Company,43942.0,7009.0,50.0,29.0,0.0,0.0,,,,,43942.0,7009.0,0.1595057120750079,,0.0071336852618062,0.58,,,,7.0,1.0,1.0,1.0,7.0,both,456.13,474.1928571428571,269.45,7.0,1.0,both
2021,2019,True,MO,69512,Oscar Insurance Company,,,,,,,,,,,,,,,,,,,,,,,,,left_only,,,,,,left_only
2021,2019,True,MO,74483,Cigna Health and Life Insurance Company,2530715.0,319941.0,374.0,124.0,,,,,,,2530715.0,319941.0,0.126423164994873,,0.0011689655280192,0.3315508021390374,,,,10.0,1.0,2.0,2.0,0.0,both,465.69,513.3055,324.61,10.0,4.0,both
2021,2019,True,MO,96384,Cox Health Systems Insurance Company,,,,,,,,,,,,,,,,,,,,,,,,,left_only,,,,,,left_only
2021,2019,True,MO,99723,Celtic Insurance Company,2158578.0,455780.0,780.0,368.0,19.0,0.0,,,,,2158578.0,455780.0,0.2111482652005162,,0.0017113519680547,0.4717948717948718,0.0,,,13.0,2.0,1.0,3.0,8.0,both,521.39,526.5712903225806,397.51,13.0,6.0,both
2021,2019,True,MS,79975,"Molina Healthcare of Mississippi, Inc",,,,,,,,,,,,,,,,,,,,,,,,,left_only,,,,,,left_only
2021,2019,True,MS,90714,Ambetter of Magnolia Inc.,2467593.0,500010.0,291.0,159.0,,,,,,,2467593.0,500010.0,0.2026306607288965,,0.0005819883602327,0.5463917525773195,,,,5.0,2.0,1.0,1.0,1.0,both,532.15,531.49,417.38,5.0,6.0,both
2021,2019,True,MT,23603,PacificSource Health Plans,175271.0,10155.0,153.0,50.0,,,,,,,175271.0,10155.0,0.0579388489824329,,0.01506646971935,0.326797385620915,,,,6.0,1.0,2.0,2.0,0.0,both,576.0,547.4444444444445,389.0,6.0,4.0,both
2021,2019,True,MT,30751,Blue Cross and Blue Shield of Montana,551500.0,73240.0,67.0,18.0,,,,,,,551500.0,73240.0,0.1328014505893019,,0.0009148006553795,0.2686567164179104,,,,34.0,2.0,2.0,6.0,8.0,both,512.46,531.0291176470589,321.0,34.0,4.0,both
2021,2019,True,MT,32225,Montana Health Cooperative,535495.0,29421.0,653.0,307.0,,0.0,,,,,535495.0,29421.0,0.0549416894648876,,0.0221950307603412,0.4701378254211332,,,,12.0,2.0,2.0,2.0,0.0,both,436.33,473.266052631579,305.93,12.0,4.0,both
2021,2019,True,NC,11512,Blue Cross and Blue Shield of NC,22727362.0,3707549.0,1773.0,662.0,69.0,28.0,,,,,22727362.0,3707549.0,0.1631315152194082,,0.0004782135043933,0.3733784545967287,0.4057971014492754,,,66.0,4.0,4.0,13.0,44.0,both,530.57,540.8432121212121,205.71,66.0,16.0,both
2021,2019,True,NC,19958,"UnitedHealthcare of Wisconsin, Inc.",,,,,,,,,,,,,,,,,,,,,,,,,left_only,,,,,,left_only
2021,2019,True,NC,37900,Bright Health Company of North Carolina,,,,,,,,,,,,,,,,,,,,,,,,,left_only,,,,,,left_only
2021,2019,True,NC,69803,"Oscar Health Plan of North Carolina, Inc",,,,,,,,,,,,,,,,,,,,,,,,,left_only,,,,,,left_only
2021,2019,True,NC,73943,"Cigna HealthCare of North Carolina, Inc.",158564.0,17777.0,15.0,,,0.0,,,,,158564.0,17777.0,0.1121124593224187,,0.0008437869156775,,,,,5.0,1.0,1.0,1.0,0.0,both,535.64,583.5699999999999,420.83,5.0,3.0,both
2021,2019,True,NC,77264,Ambetter of North Carolina Inc.,176382.0,48561.0,83.0,45.0,,,,,,,176382.0,48561.0,0.275317209239038,,0.0017091905026667,0.5421686746987951,,,,6.0,1.0,1.0,1.0,6.0,both,548.5,558.4075,450.35,6.0,2.0,both
2021,2019,True,ND,37160,Blue Cross Blue Shield of North Dakota,428051.0,69533.0,71.0,26.0,,0.0,,,,,428051.0,69533.0,0.1624409240954933,,0.001021097895963,0.3661971830985915,,,,7.0,1.0,2.0,1.0,0.0,both,491.3,409.25714285714287,196.9,7.0,4.0,both
2021,2019,True,ND,73751,Medica Health Plans,5392.0,555.0,,,0.0,0.0,,,,,5392.0,555.0,0.1029302670623145,,,,,,,12.0,2.0,2.0,3.0,12.0,both,488.235,476.3547222222222,275.42,12.0,4.0,both
2021,2019,True,ND,89364,Sanford Health Plan,165093.0,8188.0,88.0,60.0,,0.0,,,,,165093.0,8188.0,0.0495962881527381,,0.0107474352711284,0.6818181818181818,,,,16.0,2.0,2.0,2.0,0.0,both,375.81,375.1648214285714,223.96,16.0,4.0,both
2021,2019,True,NE,20305,Medica Insurance Company,2644510.0,254306.0,865.0,414.0,11.0,,,,,,2644510.0,254306.0,0.096163750562486,,0.0034014140444975,0.4786127167630057,,,,17.0,3.0,3.0,4.0,17.0,both,567.78,573.856170212766,311.27,17.0,4.0,both
2021,2019,True,NE,83653,Bright Health Insurance Company,,,,,,,,,,,,,,,,,,,,,,,,,left_only,,,,,,left_only
2021,2019,True,NH,59025,Harvard Pilgrim Health Care of NE,150021.0,46840.0,48.0,19.0,0.0,0.0,,,,,150021.0,46840.0,0.3122229554529032,,0.0010247651579846,0.3958333333333333,,,,4.0,1.0,1.0,1.0,4.0,both,448.755,430.8250000000001,267.08,4.0,1.0,both
2021,2019,True,NH,75841,Celtic Insurance Company,219172.0,46387.0,130.0,73.0,,,,,,,219172.0,46387.0,0.2116465606920592,,0.0028025093237329,0.5615384615384615,,,,3.0,1.0,1.0,1.0,1.0,both,402.39,406.28,372.61,3.0,1.0,both
2021,2019,True,NH,96751,Matthew Thornton Hlth Plan(Anthem BCBS),305993.0,107840.0,216.0,83.0,0.0,0.0,,,,,305993.0,107840.0,0.3524263626945714,,0.0020029673590504,0.3842592592592592,,,,10.0,1.0,1.0,1.0,1.0,both,391.165,389.227,200.8,10.0,1.0,both
2021,2019,True,NM,19722,"Molina Healthcare of New Mexico, Inc.",644100.0,128043.0,205.0,126.0,,0.0,,,,,644100.0,128043.0,0.1987936655798789,,0.0016010246557796,0.6146341463414634,,,,3.0,1.0,1.0,1.0,0.0,both,343.73,319.25333333333333,240.79,3.0,5.0,both
2021,2019,True,NM,39006,"Western Sky Community Care, Inc.",,,,,,,,,,,,,,,,,,,,,,,,,left_only,,,,,,left_only
2021,2019,True,NM,42776,"True Health New Mexico, Inc.",,,,,,,,,,,,,,,,,,,,,,,,,left_only,,,,,,left_only
2021,2019,True,NM,75605,Blue Cross Blue Shield of New Mexico,110234.0,22607.0,15.0,,,0.0,,,,,110234.0,22607.0,0.2050819166500354,,0.0006635113018091,,,,,35.0,1.0,1.0,5.0,5.0,both,446.04,448.1714285714286,292.49,35.0,5.0,both
2021,2019,True,NM,75787,"Friday Health Plans of Colorado, Inc.",,,,,,,,,,,,,,,,,,,,,,,,,left_only,,,,,,left_only
2021,2019,True,OH,28162,AultCare Insurance Company,214697.0,12570.0,36.0,29.0,0.0,0.0,,,,,214697.0,12570.0,0.0585476275867851,,0.0028639618138424,0.8055555555555556,,,,45.0,1.0,2.0,2.0,4.0,both,457.26,481.8080373831776,240.49,45.0,3.0,both
2021,2019,True,OH,29276,Community Insurance Company(Anthem BCBS),112754.0,44594.0,119.0,34.0,,0.0,,,,,112754.0,44594.0,0.3954981641449527,,0.0026685204287572,0.2857142857142857,,,,17.0,1.0,1.0,1.0,17.0,both,505.905,514.7948039215686,236.08,17.0,6.0,both
2021,2019,True,OH,29341,Oscar Buckeye State Insurance Corp.,23359.0,550.0,96.0,44.0,,0.0,,,,,23359.0,550.0,0.0235455284900894,,0.1745454545454545,0.4583333333333333,,,,8.0,8.0,1.0,1.0,0.0,both,341.5,351.39125,233.73,8.0,1.0,both
2021,2019,True,OH,41047,Buckeye Community Health Plan,491357.0,116723.0,442.0,253.0,,,,,,,491357.0,116723.0,0.2375523295689285,,0.0037867429726789,0.5723981900452488,,,,9.0,3.0,1.0,1.0,1.0,both,377.01,383.0191111111111,312.92,9.0,10.0,both
2021,2019,True,OH,45845,Oscar Insurance Corporation of Ohio,84829.0,1690.0,197.0,93.0,,,,,,,84829.0,1690.0,0.0199224321871058,,0.1165680473372781,0.4720812182741117,,,,8.0,8.0,1.0,1.0,0.0,both,414.655,425.85125,278.77,8.0,2.0,both
2021,2019,True,OH,52664,"Summa Insurance Company, Inc.",93259.0,20588.0,65.0,42.0,,,,,,,93259.0,20588.0,0.2207615350797242,,0.0031571789391878,0.6461538461538462,,,,7.0,1.0,1.0,1.0,7.0,both,431.12,419.0285714285714,277.35,7.0,2.0,both
2021,2019,True,OH,64353,"Molina Healthcare of Ohio, Inc.",524522.0,106273.0,291.0,114.0,,,,,,,524522.0,106273.0,0.2026092327871853,,0.0027382307829834,0.3917525773195876,,,,2.0,1.0,1.0,2.0,0.0,both,453.62,454.3762962962963,365.83,2.0,14.0,both
2021,2019,True,OH,74313,Paramount Insurance Company,139290.0,25805.0,38.0,27.0,,0.0,,,,,139290.0,25805.0,0.1852609663292411,,0.0014725828327843,0.7105263157894737,,,,8.0,1.0,1.0,3.0,0.0,both,567.935,556.114375,308.75,8.0,2.0,both
2021,2019,True,OH,77552,"CareSource Ohio, Inc.",1402738.0,135557.0,1317.0,839.0,75.0,40.0,,,,,1402738.0,135557.0,0.0966374333624668,,0.0097154702449891,0.6370539104024298,0.5333333333333333,,,11.0,2.0,1.0,1.0,2.0,both,481.74,474.3711363636364,249.65,11.0,16.0,both
2021,2019,True,OH,99969,Medical Health Insuring Corp. of Ohio,2101664.0,406989.0,1194.0,701.0,17.0,,,,,,2101664.0,406989.0,0.1936508404768792,,0.0029337402239372,0.5871021775544388,,,,63.0,1.0,5.0,7.0,31.0,both,436.62,419.5410695187165,203.09,63.0,15.0,both
2021,2019,True,OK,21333,Medica Insurance Company,107302.0,15571.0,30.0,18.0,0.0,0.0,,,,,107302.0,15571.0,0.1451137909824607,,0.0019266585318861,0.6,,,,12.0,2.0,2.0,2.0,12.0,both,614.05,655.8177083333334,292.25,12.0,5.0,both
2021,2019,True,OK,28292,"UnitedHealthcare of Wisconsin, Inc.",,,,,,,,,,,,,,,,,,,,,,,,,left_only,,,,,,left_only
2021,2019,True,OK,40463,Bright Health Insurance Company,,,,,,,,,,,,,,,,,,,,,,,,,left_only,,,,,,left_only
2021,2019,True,OK,87571,Blue Cross Blue Shield of Oklahoma,7156844.0,1129132.0,194.0,34.0,,,,,,,7156844.0,1129132.0,0.1577695419936497,,0.0001718133929425,0.1752577319587628,,,,40.0,2.0,2.0,10.0,5.0,both,467.36,494.5455,333.98,40.0,5.0,both
2021,2019,True,OK,91908,Oscar Insurance Company,,,,,,,,,,,,,,,,,,,,,,,,,left_only,,,,,,left_only
2021,2019,True,OK,98905,CommunityCare HMO Inc.,,,,,,,,,,,,,,,,,,,,,,,,,left_only,,,,,,left_only
2021,2019,True,OR,10091,PacificSource Health Plans,385463.0,21192.0,504.0,138.0,17.0,,,,,,385463.0,21192.0,0.0549780393967773,,0.0237825594563986,0.2738095238095238,,,,10.0,2.0,2.0,2.0,2.0,both,337.0,370.7,225.0,10.0,4.0,both
2021,2019,True,OR,39424,"Moda Health Plan, Inc.",664085.0,61131.0,69.0,12.0,,0.0,,,,,664085.0,61131.0,0.0920529751462538,,0.0011287235608774,0.1739130434782608,,,,15.0,3.0,3.0,3.0,15.0,both,460.0,459.2456140350877,351.0,15.0,7.0,both
2021,2019,True,OR,56707,Providence Health Plan,0.0,0.0,0.0,0.0,0.0,0.0,,,,,0.0,0.0,,,,,,,,10.0,9.0,3.0,3.0,10.0,both,432.0,461.1666666666667,302.0,10.0,7.0,both
2021,2019,True,OR,63474,BridgeSpan Health Company,16085.0,2853.0,17.0,,,0.0,,,,,16085.0,2853.0,0.1773702207025178,,0.0059586400280406,,,,,6.0,2.0,1.0,1.0,2.0,both,420.91,412.1033333333333,316.89,6.0,1.0,both
2021,2019,True,OR,71287,Kaiser Foundation Healthplan of the NW,35466.0,2909.0,363.0,167.0,,,,,,,35466.0,2909.0,0.082022218462753,,0.124785149535923,0.4600550964187327,,,,10.0,1.0,1.0,1.0,1.0,both,414.0,386.4,295.0,10.0,5.0,both
2021,2019,True,OR,77969,Regence BlueCross BlueShield of Oregon,,,,,,,,,,,,,,,,,,,,,,,,,left_only,,,,,,left_only
2021,2019,True,SC,16985,Bright Health Company of South Carolina,,,,,,,,,,,,,,,,,,,,,,,,,left_only,,,,,,left_only
2021,2019,True,SC,26065,Blue Cross and Blue Shield of South Carolina,9117119.0,1353231.0,1536.0,687.0,59.0,12.0,,,,,9117119.0,1353231.0,0.1484274802160638,,0.0011350611979772,0.447265625,0.2033898305084746,,,28.0,2.0,1.0,3.0,4.0,both,554.87,520.4397212230216,230.82,28.0,46.0,both
2021,2019,True,SC,42326,"MOLINA HEALTHCARE OF SOUTH CAROLINA, INC",,,,,,,,,,,,,,,,,,,,,,,,,left_only,,,,,,left_only
2021,2019,True,SC,79222,"Absolute Total Care, Inc",7630.0,2346.0,,,0.0,0.0,,,,,7630.0,2346.0,0.3074705111402359,,,,,,,5.0,1.0,1.0,1.0,5.0,both,513.24,555.5360000000001,478.86,5.0,1.0,both
2021,2019,True,SD,31195,Sanford Health Plan,366779.0,13560.0,183.0,130.0,0.0,0.0,,,,,366779.0,13560.0,0.0369704917675221,,0.0134955752212389,0.7103825136612022,,,,16.0,2.0,2.0,2.0,1.0,both,501.33,501.480625,261.97,16.0,4.0,both
2021,2019,True,SD,60536,"Avera Health Plans, Inc.",81737.0,16538.0,109.0,29.0,,,,,,,81737.0,16538.0,0.2023318692880825,,0.0065908816059983,0.2660550458715596,,,,10.0,2.0,1.0,2.0,3.0,both,510.545,505.6108823529412,302.13,10.0,4.0,both
2021,2019,True,TN,14002,BlueCross BlueShield of Tennessee,7063552.0,1391395.0,303.0,117.0,,,,,,,7063552.0,1391395.0,0.1969823397633372,,0.0002177670611149,0.3861386138613861,,,,24.0,1.0,1.0,6.0,24.0,both,605.645,650.1941666666667,315.46,24.0,6.0,both
2021,2019,True,TN,23552,Oscar Insurance Company,99027.0,3862.0,221.0,133.0,,0.0,,,,,99027.0,3862.0,0.0389994647924303,,0.057224236147074,0.6018099547511312,,,,8.0,8.0,1.0,1.0,0.0,both,485.875,522.41,327.75,8.0,2.0,both
2021,2019,True,TN,69443,UnitedHealthcare Insurance Company,,,,,,,,,,,,,,,,,,,,,,,,,left_only,,,,,,left_only
2021,2019,True,TN,70111,Celtic Insurance Company,164222.0,43836.0,39.0,17.0,,,,,,,164222.0,43836.0,0.2669313490275359,,0.0008896797153024,0.4358974358974359,,,,5.0,1.0,1.0,1.0,5.0,both,519.9549999999999,520.095,394.84,5.0,2.0,both
2021,2019,True,TN,97906,Bright Health Insurance Company of Tennessee,327140.0,67540.0,402.0,162.0,,,,,,,327140.0,67540.0,0.2064559515803631,,0.0059520284275984,0.4029850746268656,,,,19.0,1.0,3.0,3.0,19.0,both,480.74,518.5784210526316,326.08,19.0,3.0,both
2021,2019,True,TN,99248,Cigna Health and Life Insurance Company,2513829.0,377231.0,361.0,129.0,27.0,,,,,,2513829.0,377231.0,0.1500623152967047,,0.0009569733134339,0.3573407202216066,,,,21.0,1.0,3.0,4.0,9.0,both,490.79,543.6690476190475,372.16,21.0,4.0,both
2021,2019,True,TX,20069,Oscar Insurance Company,373709.0,8525.0,984.0,541.0,,0.0,,,,,373709.0,8525.0,0.0228118669874153,,0.1154252199413489,0.5497967479674797,,,,8.0,8.0,1.0,1.0,0.0,both,395.87,373.78,208.28,8.0,4.0,both
2021,2019,True,TX,26539,"SHA, LLC DBA FirstCare Health Plans",594372.0,97449.0,67.0,24.0,,0.0,,,,,594372.0,97449.0,0.1639528779955987,,0.0006875391230284,0.3582089552238806,,,,6.0,1.0,1.0,1.0,0.0,both,540.8199999999999,510.4764814814815,351.31,6.0,9.0,both
2021,2019,True,TX,27248,"Community Health Choice, Inc.",2051792.0,332869.0,332.0,61.0,,,,,,,2051792.0,332869.0,0.1622333063000538,,0.0009973893633831,0.1837349397590361,,,,9.0,1.0,2.0,2.0,1.0,both,509.63,506.4622222222222,352.68,9.0,2.0,both
2021,2019,True,TX,29418,Celtic Insurance Company,8286116.0,2156565.0,1643.0,663.0,63.0,29.0,,,,,8286116.0,2156565.0,0.2602624679644842,,0.0007618597167254,0.4035301278149726,0.4603174603174603,,,17.0,2.0,1.0,3.0,7.0,both,425.91,426.9938053097345,281.53,17.0,11.0,both
2021,2019,True,TX,33602,Blue Cross Blue Shield of Texas,14438208.0,2764624.0,2951.0,400.0,18.0,,,,,,14438208.0,2764624.0,0.1914797182586647,,0.001067414592364,0.1355472721111487,,,,234.0,2.0,1.0,26.0,78.0,both,433.73,446.9960256410256,285.59,234.0,26.0,both
2021,2019,True,TX,40788,Scott and White Health Plan,,,,,,,,,,,,,,,,,,,,,,,,,left_only,,,,,,left_only
2021,2019,True,TX,45786,"Molina Healthcare of Texas, Inc.",3818415.0,890036.0,1767.0,1111.0,34.0,14.0,,,,,3818415.0,890036.0,0.2330904315010285,,0.0019853129536333,0.6287492925863045,0.4117647058823529,,,5.0,2.0,1.0,1.0,0.0,both,443.4,431.18725000000006,280.52,5.0,8.0,both
2021,2019,True,TX,54837,Friday Health Insurance Company Inc,,,,,,,,,,,,,,,,,,,,,,,,,left_only,,,,,,left_only
2021,2019,True,TX,66252,CHRISTUS Health Plan,190803.0,16111.0,390.0,133.0,15.0,,,,,,190803.0,16111.0,0.0844378757147424,,0.0242070634969896,0.341025641025641,,,,36.0,6.0,1.0,6.0,11.0,both,448.165,445.9605555555556,275.48,36.0,6.0,both
2021,2019,True,TX,71837,"Sendero Health Plans, Inc.",403753.0,133602.0,28.0,26.0,0.0,0.0,,,,,403753.0,133602.0,0.3309003276755838,,0.0002095777009326,0.9285714285714286,,,,5.0,1.0,1.0,1.0,1.0,both,366.48,434.068,326.78,5.0,2.0,both
2021,2019,True,UT,18167,Molina Healthcare of Utah,33391.0,14884.0,,,0.0,0.0,,,,,33391.0,14884.0,0.4457488544817465,,,,,,,2.0,1.0,1.0,1.0,1.0,both,713.745,717.913,547.68,2.0,5.0,both
2021,2019,True,UT,22013,Regence BlueCross BlueShield of Utah,,,,,,,,,,,,,,,,,,,,,,,,,left_only,,,,,,left_only
2021,2019,True,UT,34541,BridgeSpan Health Company,,,,,,,,,,,,,,,,,,,,,,,,,left_only,,,,,,left_only
2021,2019,True,UT,42261,University of Utah Health Insurance Plans,547211.0,129146.0,925.0,375.0,,,,,,,547211.0,129146.0,0.2360076825940999,,0.0071624363123906,0.4054054054054054,,,,10.0,2.0,2.0,2.0,2.0,both,470.72,537.071,325.41,10.0,6.0,both
2021,2019,True,UT,68781,SelectHealth,6566501.0,703669.0,2709.0,853.0,26.0,12.0,,,,,6566501.0,703669.0,0.1071604192247895,,0.0038498214359308,0.3148763381321521,0.4615384615384615,,,28.0,3.0,2.0,2.0,4.0,both,419.535,450.1872222222222,251.7,28.0,6.0,both
2021,2019,True,UT,81808,Cigna Health and Life Insurance Company,,,,,,,,,,,,,,,,,,,,,,,,,left_only,,,,,,left_only
2021,2019,True,VA,10207,"CareFirst BlueChoice, Inc.",106435.0,15470.0,49.0,26.0,,0.0,,,,,106435.0,15470.0,0.1453469253535021,,0.0031674208144796,0.5306122448979592,,,,3.0,1.0,2.0,1.0,0.0,both,750.51,638.5533333333334,363.58,3.0,1.0,both
2021,2019,True,VA,20507,Optima Health Plan,262631.0,28392.0,103.0,48.0,,,,,,,262631.0,28392.0,0.1081060499331762,,0.0036277824739363,0.4660194174757281,,,,24.0,1.0,3.0,3.0,20.0,both,606.135,615.2605555555556,356.43,24.0,5.0,both
2021,2019,True,VA,24251,"Optimum Choice, Inc.",,,,,,,,,,,,,,,,,,,,,,,,,left_only,,,,,,left_only
2021,2019,True,VA,25922,Oscar Insurance Company,,,,,,,,,,,,,,,,,,,,,,,,,left_only,,,,,,left_only
2021,2019,True,VA,37204,"Piedmont Community HealthCare HMO, Inc.",0.0,0.0,0.0,0.0,0.0,0.0,,,,,0.0,0.0,,,,,,,,14.0,2.0,1.0,2.0,8.0,both,514.55,551.3021428571428,417.83,14.0,5.0,both
2021,2019,True,VA,40308,Group Hospitalization and Medical Services Inc.,76562.0,10637.0,22.0,13.0,0.0,0.0,,,,,76562.0,10637.0,0.1389331522165042,,0.0020682523267838,0.5909090909090909,,,,2.0,1.0,2.0,1.0,0.0,both,1188.56,1188.56,1166.85,2.0,1.0,both
2021,2019,True,VA,41921,Cigna Health and Life Insurance Company,2951278.0,331909.0,277.0,108.0,11.0,,,,,,2951278.0,331909.0,0.1124628042495488,,0.0008345661009493,0.3898916967509025,,,,10.0,1.0,1.0,2.0,0.0,both,494.425,465.24,389.54,10.0,2.0,both
2021,2019,True,VA,88380,"HealthKeepers, Inc.",2092191.0,758038.0,217.0,33.0,0.0,0.0,,,,,2092191.0,758038.0,0.3623177807379918,,0.0002862653323448,0.152073732718894,,,,9.0,1.0,1.0,1.0,1.0,both,453.96,477.59509259259255,321.92,9.0,12.0,both
2021,2019,True,VA,95185,"Kaiser Foundation Health Plan of the Mid-Atlantic States, Inc.",21882.0,2768.0,701.0,302.0,0.0,0.0,,,,,21882.0,2768.0,0.1264966639246869,,0.2532514450867052,0.4308131241084165,,,,9.0,1.0,1.0,1.0,0.0,both,638.47,616.7222222222222,375.81,9.0,3.0,both
2021,2019,True,WI,14630,Children's Community Health Plan,142646.0,12186.0,339.0,131.0,,,,,,,142646.0,12186.0,0.0854282629726736,,0.0278188084687346,0.3864306784660767,,,,7.0,1.0,1.0,1.0,0.0,both,602.22,549.0557142857143,370.91,7.0,3.0,both
2021,2019,True,WI,20173,HealthPartners Insurance Company,92721.0,6111.0,0.0,0.0,0.0,0.0,,,,,92721.0,6111.0,0.0659073996182094,,0.0,,,,,6.0,1.0,1.0,1.0,1.0,both,533.97,517.1383333333333,322.84,6.0,2.0,both
2021,2019,True,WI,37833,Quartz Health Benefit Plans Corporation,561019.0,46099.0,123.0,48.0,,,,,,,561019.0,46099.0,0.0821701225805186,,0.0026681706761534,0.3902439024390244,,,,114.0,3.0,4.0,6.0,54.0,both,480.29,461.1840890688259,228.72,114.0,7.0,both
2021,2019,True,WI,38166,"Security Health Plan of Wisconsin, Inc.",815205.0,59144.0,116.0,67.0,,0.0,,,,,815205.0,59144.0,0.0725510761096902,,0.0019613147572027,0.5775862068965517,,,,9.0,1.0,1.0,1.0,4.0,both,467.03,501.2622222222222,286.59,9.0,9.0,both
2021,2019,True,WI,38345,Dean Health Plan,791884.0,67686.0,132.0,77.0,0.0,0.0,,,,,791884.0,67686.0,0.0854746402250834,,0.0019501817214785,0.5833333333333334,,,,14.0,2.0,2.0,2.0,0.0,both,406.66,390.9244927536232,194.1,14.0,6.0,both
2021,2019,True,WI,52697,"Molina Healthcare of Wisconsin, Inc.",290500.0,64435.0,196.0,54.0,,,,,,,290500.0,64435.0,0.2218072289156626,,0.003041825095057,0.2755102040816326,,,,2.0,1.0,1.0,1.0,2.0,both,586.5350000000001,593.12625,539.3,2.0,4.0,both
2021,2019,True,WI,57845,Medica Community Health Plan,194359.0,18998.0,82.0,38.0,,0.0,,,,,194359.0,18998.0,0.097746952803832,,0.0043162438151384,0.4634146341463415,,,,12.0,2.0,2.0,3.0,12.0,both,552.94,536.4350000000001,244.65,12.0,6.0,both
2021,2019,True,WI,58326,"MercyCare HMO, Inc.",201406.0,2139.0,30.0,15.0,,,,,,,201406.0,2139.0,0.0106203390167125,,0.0140252454417952,0.5,,,,10.0,1.0,1.0,1.0,0.0,both,362.86,367.809,278.94,10.0,1.0,both
2021,2019,True,WI,79475,Compcare Health Serv Ins Co(Anthem BCBS),,,,,,,,,,,,,,,,,,,,,,,,,left_only,,,,,,left_only
2021,2019,True,WI,81413,Network Health Plan,294284.0,77725.0,81.0,65.0,,0.0,,,,,294284.0,77725.0,0.264115616207473,,0.001042135734963,0.8024691358024691,,,,18.0,2.0,2.0,2.0,8.0,both,674.815,613.4952777777777,457.41,18.0,4.0,both
2021,2019,True,WI,84670,"WPS Health Plan, Inc.",,,,,,,,,,,,,,,,,,,,,,,,,left_only,,,,,,left_only
2021,2019,True,WI,86584,"Aspirus Health Plan, Inc.",79708.0,14256.0,229.0,135.0,,,,,,,79708.0,14256.0,0.1788528127665981,,0.0160634118967452,0.5895196506550219,,,,18.0,2.0,1.0,1.0,0.0,both,618.75,587.7276666666667,338.7,18.0,5.0,both
2021,2019,True,WI,87416,Common Ground Healthcare Cooperative,2722726.0,408955.0,13.0,,,,,,,,2722726.0,408955.0,0.150200571045342,,3.1788338570258344e-05,,,,,8.0,1.0,1.0,2.0,4.0,both,568.825,505.90578947368425,286.64,8.0,5.0,both
2021,2019,True,WI,94529,Group Health Cooperative of South Central Wisconsin,45712.0,4133.0,,,0.0,0.0,,,,,45712.0,4133.0,0.0904138956947847,,,,,,,27.0,2.0,2.0,2.0,8.0,both,495.82,479.2865925925926,265.03,27.0,5.0,both
2021,2019,True,WV,31274,Highmark Blue Cross Blue Shield West Virginia,537020.0,41598.0,51.0,23.0,0.0,0.0,,,,,537020.0,41598.0,0.0774608022047596,,0.0012260204817539,0.4509803921568627,,,,7.0,3.0,1.0,1.0,7.0,both,639.4,634.5324675324675,404.54,7.0,11.0,both
2021,2019,True,WV,50328,CareSource West Virginia Co.,369941.0,61665.0,139.0,90.0,,,,,,,369941.0,61665.0,0.1666887422589007,,0.0022541149760804,0.6474820143884892,,,,11.0,2.0,1.0,1.0,2.0,both,593.1,606.9458585858586,431.89,11.0,9.0,both
2021,2019,True,WY,11269,Blue Cross Blue Shield of Wyoming,840263.0,118059.0,741.0,279.0,,,,,,,840263.0,118059.0,0.1405024379271728,,0.0062765227555713,0.3765182186234818,,,,10.0,1.0,1.0,1.0,0.0,both,757.12,731.825,530.95,10.0,3.0,both
2021,2019,True,WY,38576,Montana Health Cooperative,,,,,,,,,,,,,,,,,,,,,,,,,left_only,,,,,,left_only
2022,2020,True,AK,38344,Premera Blue Cross Blue Shield of Alaska,440169.0,95724.0,103.0,55.0,,,,,,,440169.0,95724.0,0.2174710168139964,,0.0010760101959801,0.5339805825242718,,,,5.0,2.0,1.0,1.0,0.0,both,658.0,613.0,462.0,5.0,3.0,both
2022,2020,True,AK,77963,Moda Assurance Company,7965.0,628.0,,,0.0,0.0,,,,,7965.0,628.0,0.0788449466415568,,,,,,,4.0,1.0,1.0,1.0,4.0,both,530.0,544.0,433.0,4.0,2.0,both
2022,2020,True,AL,46944,Blue Cross and Blue Shield of Alabama,5903602.0,1319590.0,2052.0,438.0,56.0,,,,,,5903602.0,1319590.0,0.2235228594339523,,0.0015550284558082,0.2134502923976608,,,,7.0,7.0,1.0,1.0,0.0,both,507.09,496.48868131868136,293.78,7.0,13.0,both
2022,2020,True,AL,69461,UnitedHealthcare Insurance Company,,,,,,,,,,,,,,,,,,,,,,,,,left_only,,,,,,left_only
2022,2020,True,AL,73301,Bright Health Insurance Company,136527.0,33519.0,33.0,22.0,,,,,,,136527.0,33519.0,0.2455118767716275,,0.000984516244518,0.6666666666666666,,,,8.0,1.0,1.0,1.0,2.0,both,480.02,463.8875,295.56,8.0,1.0,both
2022,2020,True,AR,13262,"HMO Partners, Inc.",,,,,,,,,,,,,,,,,,,,,,,,,left_only,,,,,,left_only
2022,2020,True,AR,15724,Oscar Insurance Company,,,,,,,,,,,,,,,,,,,,,,,,,left_only,,,,,,left_only
2022,2020,True,AR,37903,"QualChoice Life & Health Insurance Company, Inc.",599681.0,204398.0,93.0,53.0,0.0,0.0,,,,,599681.0,204398.0,0.3408445490185615,,0.0004549946672668,0.5698924731182796,,,,3.0,1.0,1.0,1.0,3.0,both,416.65,438.99,414.12,3.0,7.0,both
2022,2020,True,AR,62141,Celtic Insurance Company,1576474.0,539476.0,286.0,146.0,0.0,0.0,,,,,1576474.0,539476.0,0.3422041847819881,,0.000530144065723,0.5104895104895105,,,,13.0,2.0,1.0,1.0,6.0,both,390.95,397.7069230769231,346.4,13.0,7.0,both
2022,2020,True,AR,70525,"QCA Health Plan, Inc.",595103.0,203216.0,131.0,62.0,,,,,,,595103.0,203216.0,0.3414803823875867,,0.0006446342807652,0.4732824427480916,,,,4.0,1.0,1.0,1.0,4.0,both,415.385,419.44,360.79,4.0,7.0,both
2022,2020,True,AR,75293,USAble Mutual Insurance Company,5248921.0,964896.0,3000.0,1230.0,,,,,,,5248921.0,964896.0,0.1838274952128256,,0.003109143368819,0.41,,,,7.0,1.0,1.0,1.0,0.0,both,392.47,395.6071428571428,319.79,7.0,7.0,both
2022,2020,True,AZ,13877,"Oscar Health Plan, Inc.",10388.0,6986.0,,,0.0,0.0,,,,,10388.0,6986.0,0.6725067385444744,,,,,,,10.0,1.0,1.0,1.0,2.0,both,416.715,409.142,298.71,10.0,1.0,both
2022,2020,True,AZ,23435,Banner Health and Aetna Health Plan Inc.,,,,,,,,,,,,,,,,,,,,,,,,,left_only,,,,,,left_only
2022,2020,True,AZ,32311,Medica Community Health Plan,,,,,,,,,,,,,,,,,,,,,,,,,left_only,,,,,,left_only
2022,2020,True,AZ,40702,"UnitedHealthcare of Arizona, Inc.",,,,,,,,,,,,,,,,,,,,,,,,,left_only,,,,,,left_only
2022,2020,True,AZ,53901,"Blue Cross and Blue Shield of Arizona, Inc.",1374409.0,177779.0,1362.0,648.0,39.0,,,,,,1374409.0,177779.0,0.1293494149121549,,0.0076611973292683,0.4757709251101321,,,,73.0,1.0,3.0,12.0,7.0,both,518.07,520.6116438356164,245.12,73.0,7.0,both
2022,2020,True,AZ,87247,Bright Health Company of Arizona,666465.0,129389.0,512.0,268.0,40.0,22.0,,,,,666465.0,129389.0,0.1941422280239772,,0.0039570597191415,0.5234375,0.55,,,20.0,1.0,2.0,2.0,8.0,both,341.435,360.249,247.04,20.0,2.0,both
2022,2020,True,AZ,91450,"Health Net of Arizona, Inc.",1943258.0,527951.0,409.0,195.0,,,,,,,1943258.0,527951.0,0.2716834306098315,,0.000774693105989,0.4767726161369193,,,,32.0,2.0,1.0,2.0,26.0,both,476.11,483.30921875,299.37,32.0,4.0,both
2022,2020,True,AZ,97667,"Cigna HealthCare of Arizona, Inc",203309.0,24216.0,228.0,13.0,,0.0,,,,,203309.0,24216.0,0.119109336035296,,0.0094152626362735,0.0570175438596491,,,,5.0,1.0,1.0,1.0,0.0,both,422.72,436.066,341.17,5.0,1.0,both
2022,2020,True,DE,76168,Highmark BCBSD Inc.,615303.0,79487.0,123.0,58.0,,0.0,,,,,615303.0,79487.0,0.1291835079627435,,0.0015474228490193,0.4715447154471545,,,,9.0,3.0,1.0,1.0,2.0,both,521.49,475.3511111111111,301.74,9.0,1.0,both
2022,2020,True,FL,12379,Bright Health Insurance Company of Florida,1166695.0,263373.0,311.0,152.0,,0.0,,,,,1166695.0,263373.0,0.2257428033890605,,0.0011808347856462,0.4887459807073955,,,,32.0,1.0,4.0,4.0,32.0,both,425.715,411.0115384615384,263.54,32.0,13.0,both
2022,2020,True,FL,16842,Blue Cross and Blue Shield of Florida,18459475.0,1931938.0,3515.0,1416.0,157.0,52.0,,,,,18459475.0,1931938.0,0.1046583394164785,,0.0018194165651278,0.4028449502133712,0.3312101910828025,,,24.0,2.0,2.0,2.0,0.0,both,611.345,642.6683588435374,315.69,24.0,67.0,both
2022,2020,True,FL,19898,"AvMed, Inc.",,,,,,,,,,,,,,,,,,,,,,,,,left_only,,,,,,left_only
2022,2020,True,FL,21663,Celtic Insurance Company,8990578.0,2508389.0,56.0,11.0,0.0,0.0,,,,,8990578.0,2508389.0,0.2790019729543528,,2.232508594161432e-05,0.1964285714285714,,,,54.0,2.0,1.0,3.0,48.0,both,480.33,459.897,314.99,54.0,30.0,both
2022,2020,True,FL,30252,"Health Options, Inc.",18327228.0,2030172.0,2519.0,1086.0,103.0,41.0,,,,,18327228.0,2030172.0,0.1107735441497208,,0.0012407815692463,0.4311234616911473,0.3980582524271844,,,27.0,2.0,2.0,3.0,0.0,both,537.735,564.9697569444445,334.85,27.0,46.0,both
2022,2020,True,FL,36194,"Health First Commercial Plans, Inc.",1010192.0,134692.0,398.0,204.0,14.0,,,,,,1010192.0,134692.0,0.1333330693571123,,0.0029548896742197,0.5125628140703518,,,,44.0,4.0,2.0,2.0,22.0,both,476.74,446.897159090909,198.02,44.0,4.0,both
2022,2020,True,FL,40572,Oscar Insurance Company of Florida,288746.0,156218.0,85.0,81.0,,,,,,,288746.0,156218.0,0.5410222132947297,,0.0005441114340216,0.9529411764705882,,,,10.0,1.0,1.0,1.0,2.0,both,422.645,407.4392857142857,250.95,10.0,14.0,both
2022,2020,True,FL,48121,Cigna Health and Life Insurance Company,504329.0,79531.0,778.0,36.0,0.0,0.0,,,,,504329.0,79531.0,0.1576966622978254,,0.0097823490211364,0.0462724935732647,,,,16.0,1.0,1.0,2.0,16.0,both,446.65,457.785625,330.32,16.0,2.0,both
2022,2020,True,FL,54172,"Molina Healthcare of Florida, Inc",592003.0,181491.0,327.0,109.0,,,,,,,592003.0,181491.0,0.306571081565465,,0.0018017422351521,0.3333333333333333,,,,8.0,3.0,1.0,1.0,5.0,both,544.1800000000001,496.5311458333333,325.85,8.0,12.0,both
2022,2020,True,FL,56503,"Florida Health Care Plan, Inc.",1935231.0,251538.0,349.0,133.0,,0.0,,,,,1935231.0,251538.0,0.1299782816624992,,0.0013874643195063,0.3810888252148997,,,,33.0,33.0,1.0,1.0,0.0,both,505.16,511.9323030303031,272.66,33.0,5.0,both
2022,2020,True,FL,66966,Capital Health Plan,,,,,,,,,,,,,,,,,,,,,,,,,left_only,,,,,,left_only
2022,2020,True,FL,68398,"UnitedHealthcare of Florida, Inc.",,,,,,,,,,,,,,,,,,,,,,,,,left_only,,,,,,left_only
2022,2020,True,FL,86382,Sunshine State Health Plan,,,,,,,,,,,,,,,,,,,,,,,,,left_only,,,,,,left_only
2022,2020,True,FL,92120,"Coventry Health Plan of Florida, Inc.",,,,,,,,,,,,,,,,,,,,,,,,,left_only,,,,,,left_only
2022,2020,True,GA,15105,"Cigna HealthCare of Georgia, Inc.",,,,,,,,,,,,,,,,,,,,,,,,,left_only,,,,,,left_only
2022,2020,True,GA,38146,Bright Health Company of Georgia,,,,,,,,,,,,,,,,,,,,,,,,,left_only,,,,,,left_only
2022,2020,True,GA,43802,"UnitedHealthcare of Georgia, Inc.",,,,,,,,,,,,,,,,,,,,,,,,,left_only,,,,,,left_only
2022,2020,True,GA,49046,Anthem Blue Cross and Blue Shield,3209584.0,663354.0,481.0,34.0,0.0,0.0,,,,,3209584.0,663354.0,0.2066791210325076,,0.0007251030369908,0.0706860706860706,,,,36.0,1.0,2.0,6.0,4.0,both,545.8299999999999,569.8196551724137,256.88,36.0,13.0,both
2022,2020,True,GA,58081,Oscar Health Plan of Georgia,971.0,664.0,0.0,0.0,0.0,0.0,,,,,971.0,664.0,0.6838311019567456,,0.0,,,,,10.0,1.0,1.0,1.0,10.0,both,496.845,483.014,338.21,10.0,2.0,both
2022,2020,True,GA,60224,CareSource Georgia Co.,588516.0,177566.0,,,0.0,0.0,,,,,588516.0,177566.0,0.3017182200653848,,,,,,,11.0,2.0,1.0,1.0,11.0,both,485.65,459.5375757575757,307.89,11.0,3.0,both
2022,2020,True,GA,70893,Ambetter of Peach State Inc.,4893055.0,1466168.0,1097.0,381.0,0.0,0.0,,,,,4893055.0,1466168.0,0.2996426567859956,,0.0007482089364929,0.3473108477666363,,,,22.0,2.0,1.0,2.0,15.0,both,419.29,413.7399152542373,318.53,22.0,14.0,both
2022,2020,True,GA,82824,Aetna Health Inc. (a GA corp.),,,,,,,,,,,,,,,,,,,,,,,,,left_only,,,,,,left_only
2022,2020,True,GA,83761,Alliant Health Plans,281982.0,15116.0,4537.0,713.0,48.0,21.0,,,,,281982.0,15116.0,0.0536062585555106,,0.300145541148452,0.1571523032841084,0.4375,,,154.0,1.0,1.0,22.0,7.0,both,505.3,526.8052976190476,349.42,154.0,6.0,both
2022,2020,True,GA,89942,Kaiser Foundation Health Plan of Georgia,50093.0,4359.0,63.0,18.0,0.0,0.0,,,,,50093.0,4359.0,0.0870181462479787,,0.0144528561596696,0.2857142857142857,,,,16.0,1.0,2.0,2.0,2.0,both,567.9649999999999,537.423125,371.34,16.0,1.0,both
2022,2020,True,GA,90617,Friday Health Plans of Georgia Inc,,,,,,,,,,,,,,,,,,,,,,,,,left_only,,,,,,left_only
2022,2020,True,HI,18350,Hawaii Medical Service Association,344408.0,86148.0,64.0,37.0,,0.0,,,,,344408.0,86148.0,0.250133562518873,,0.0007429075544411,0.578125,,,,12.0,2.0,5.0,1.0,1.0,both,469.17,437.2633333333333,195.76,12.0,1.0,both
2022,2020,True,HI,60612,"Kaiser Foundation Health Plan, Inc.",9656.0,496.0,53.0,11.0,0.0,0.0,,,,,9656.0,496.0,0.0513670256835128,,0.1068548387096774,0.2075471698113207,,,,11.0,1.0,1.0,1.0,0.0,both,473.99,475.7290909090909,367.98,11.0,1.0,both
2022,2020,True,IA,25896,"Wellmark Health Plan of Iowa, Inc.",134917.0,24957.0,19.0,,0.0,0.0,,,,,134917.0,24957.0,0.1849803953541807,,0.0007613094522578,,,,,4.0,1.0,1.0,1.0,0.0,both,693.27,686.6996428571429,508.79,4.0,7.0,both
2022,2020,True,IA,45819,Oscar Insurance Company,,,,,,,,,,,,,,,,,,,,,,,,,left_only,,,,,,left_only
2022,2020,True,IA,93078,Medica Insurance Company,1804363.0,307050.0,599.0,255.0,,0.0,,,,,1804363.0,307050.0,0.1701708580812175,,0.0019508223416381,0.4257095158597663,,,,27.0,4.0,4.0,5.0,4.0,both,449.995,459.7106730769231,260.22,27.0,7.0,both
2022,2020,True,IL,11574,"Oscar Health Plan, Inc.",,,,,,,,,,,,,,,,,,,,,,,,,left_only,,,,,,left_only
2022,2020,True,IL,20129,"Health Alliance Medical Plans, Inc.",1114480.0,117972.0,138.0,62.0,42.0,,,,,,1114480.0,117972.0,0.1058538511233938,,0.001169769097752,0.4492753623188406,,,,14.0,2.0,1.0,3.0,4.0,both,550.52,525.4352678571429,337.96,14.0,8.0,both
2022,2020,True,IL,27833,Celtic Insurance Company,393081.0,127282.0,79.0,45.0,0.0,0.0,,,,,393081.0,127282.0,0.3238060348884835,,0.0006206690655395,0.569620253164557,,,,15.0,2.0,1.0,1.0,9.0,both,416.36,425.7206666666667,311.36,15.0,2.0,both
2022,2020,True,IL,32355,"Molina Healthcare of Illinois, Inc.",,,,,,,,,,,,,,,,,,,,,,,,,left_only,,,,,,left_only
2022,2020,True,IL,36096,Blue Cross Blue Shield of Illinois,7625874.0,1142225.0,351.0,118.0,35.0,,,,,,7625874.0,1142225.0,0.149782831449877,,0.0003072949725316,0.3361823361823361,,,,96.0,4.0,4.0,24.0,4.0,both,480.915,492.883125,321.34,96.0,13.0,both
2022,2020,True,IL,42529,"UnitedHealthcare of Illinois, Inc.",,,,,,,,,,,,,,,,,,,,,,,,,left_only,,,,,,left_only
2022,2020,True,IL,44522,Bright Health Insurance Company of Illinois,,,,,,,,,,,,,,,,,,,,,,,,,left_only,,,,,,left_only
2022,2020,True,IL,53882,"Cigna HealthCare of Illinois, Inc.",385085.0,58528.0,623.0,56.0,,,,,,,385085.0,58528.0,0.1519872235999844,,0.0106444778567523,0.0898876404494382,,,,5.0,1.0,1.0,1.0,0.0,both,435.0,407.948,343.75,5.0,3.0,both
2022,2020,True,IL,54322,"MercyCare HMO, Inc.",,,,,,,,,,,,,,,,,,,,,,,,,left_only,,,,,,left_only
2022,2020,True,IL,65280,SSM Health Plan,,,,,,,,,,,,,,,,,,,,,,,,,left_only,,,,,,left_only
2022,2020,True,IL,85773,Quartz Health Benefit Plans Corporation,33685.0,2932.0,11.0,,0.0,0.0,,,,,33685.0,2932.0,0.0870417099599228,,0.0037517053206002,,,,,12.0,1.0,1.0,1.0,12.0,both,577.035,530.7141666666666,326.32,12.0,1.0,both
2022,2020,True,IN,17575,Anthem Ins Companies Inc(Anthem BCBS),10900.0,816.0,,,0.0,0.0,,,,,10900.0,816.0,0.0748623853211009,,,,,,,,,,,,left_only,,,,,,left_only
2022,2020,True,IN,35755,US HEALTH AND LIFE INSURANCE COMPANY,,,,,,,,,,,,,,,,,,,,,,,,,left_only,,,,,,left_only
2022,2020,True,IN,54192,"CareSource Indiana, Inc.",2799836.0,723742.0,120.0,27.0,11.0,,,,,,2799836.0,723742.0,0.2584944261021002,,0.0001658049415399,0.225,,,,11.0,2.0,1.0,1.0,0.0,both,399.27,421.3114438502674,265.95,11.0,17.0,both
2022,2020,True,IN,76179,Celtic Insurance Company,1458253.0,510195.0,630.0,182.0,29.0,11.0,,,,,1458253.0,510195.0,0.3498672726886212,,0.0012348219798312,0.2888888888888888,0.3793103448275862,,,20.0,2.0,1.0,1.0,14.0,both,419.93,424.5546764705882,245.92,20.0,17.0,both
2022,2020,True,KS,18558,"Blue Cross and Blue Shield of Kansas, Inc.",2171781.0,312941.0,231.0,71.0,16.0,,,,,,2171781.0,312941.0,0.1440941789250389,,0.0007381583109915,0.3073593073593073,,,,5.0,1.0,1.0,1.0,0.0,both,500.46,478.6145714285715,356.72,5.0,7.0,both
2022,2020,True,KS,32542,US Health and Life Insurance Company,,,,,,,,,,,,,,,,,,,,,,,,,left_only,,,,,,left_only
2022,2020,True,KS,34368,Celtic Insurance Company,,,,,,,,,,,,,,,,,,,,,,,,,left_only,,,,,,left_only
2022,2020,True,KS,39520,Medica Insurance Company,266061.0,62351.0,132.0,60.0,0.0,0.0,,,,,266061.0,62351.0,0.2343485140625646,,0.0021170470401437,0.4545454545454545,,,,24.0,3.0,3.0,3.0,11.0,both,520.25,519.8773134328358,239.99,24.0,7.0,both
2022,2020,True,KS,43490,Oscar Insurance Company,9329.0,802.0,,,0.0,0.0,,,,,9329.0,802.0,0.0859684853682066,,,,,,,10.0,1.0,1.0,1.0,10.0,both,501.23,484.533,347.08,10.0,1.0,both
2022,2020,True,KS,76763,Cigna Health and Life Insurance Company,109766.0,12299.0,80.0,,0.0,0.0,,,,,109766.0,12299.0,0.1120474463859483,,0.0065045938694202,,,,,10.0,1.0,2.0,2.0,10.0,both,480.815,480.414,383.41,10.0,2.0,both
2022,2020,True,KS,94248,Blue Cross and Blue Shield of Kansas City,,,,,,,,,,,,,,,,,,,,,,,,,left_only,,,,,,left_only
2022,2020,True,LA,19636,"HMO Louisiana, Inc.",2606297.0,403073.0,1214.0,543.0,92.0,16.0,,,,,2606297.0,403073.0,0.154653517998908,,0.0030118613749866,0.4472817133443163,0.1739130434782608,,,24.0,5.0,5.0,7.0,3.0,both,516.26,508.515,347.97,24.0,8.0,both
2022,2020,True,LA,61604,Louisiana Healthcare Connections,,,,,,,,,,,,,,,,,,,,,,,,,left_only,,,,,,left_only
2022,2020,True,LA,67243,"Vantage Health Plan, Inc.",288271.0,77099.0,42.0,32.0,,0.0,,,,,288271.0,77099.0,0.2674531950837926,,0.0005447541472652,0.7619047619047619,,,,6.0,1.0,1.0,1.0,0.0,both,557.3,578.2483333333333,433.66,6.0,8.0,both
2022,2020,True,LA,69842,UnitedHealthcare Insurance Company,,,,,,,,,,,,,,,,,,,,,,,,,left_only,,,,,,left_only
2022,2020,True,LA,97176,Louisiana Health Service & Indemnity Company,187960.0,29076.0,93.0,49.0,,,,,,,187960.0,29076.0,0.1546924877633539,,0.0031985142385472,0.5268817204301075,,,,5.0,2.0,1.0,1.0,0.0,both,803.87,744.95675,540.08,5.0,8.0,both
2022,2020,True,LA,98780,CHRISTUS Health Plan Louisiana,31090.0,9806.0,117.0,55.0,25.0,16.0,,,,,31090.0,9806.0,0.3154068832422,,0.011931470528248,0.4700854700854701,0.64,,,15.0,5.0,1.0,3.0,15.0,both,430.99,434.858,339.83,15.0,3.0,both
2022,2020,True,MI,15560,Blue Cross Blue Shield of Michigan Mutual Insurance Company,650602.0,195189.0,152.0,67.0,20.0,,,,,,650602.0,195189.0,0.3000129111192403,,0.0007787324080762,0.4407894736842105,,,,9.0,3.0,1.0,2.0,1.0,both,493.86,492.97809859154927,262.82,9.0,16.0,both
2022,2020,True,MI,29698,Priority Health,1553321.0,108862.0,205.0,,13.0,,,,,,1553321.0,108862.0,0.0700833890741192,,0.0018831180760963,,,,,30.0,1.0,7.0,6.0,30.0,both,367.6,379.2184,232.57,30.0,15.0,both
2022,2020,True,MI,40047,"Molina Healthcare of Michigan, Inc.",282888.0,104573.0,103.0,42.0,,0.0,,,,,282888.0,104573.0,0.3696621984672379,,0.000984957876316,0.4077669902912621,,,,8.0,3.0,1.0,1.0,5.0,both,324.46500000000003,313.5190625,260.52,8.0,4.0,both
2022,2020,True,MI,58594,"Meridian Health Plan of Michigan, Inc.",55806.0,20814.0,67.0,27.0,15.0,0.0,,,,,55806.0,20814.0,0.3729706483173852,,0.0032189872201402,0.4029850746268656,0.0,,,6.0,1.0,1.0,1.0,0.0,both,307.68,325.1098484848485,202.2,6.0,11.0,both
2022,2020,True,MI,58996,US HEALTH AND LIFE INSURANCE COMPANY,,,,,,,,,,,,,,,,,,,,,,,,,left_only,,,,,,left_only
2022,2020,True,MI,60829,Physicians Health Plan,319152.0,33102.0,63.0,16.0,0.0,0.0,,,,,319152.0,33102.0,0.1037186043013987,,0.0019032082653616,0.2539682539682539,,,,18.0,4.0,2.0,2.0,3.0,both,381.76,398.44015625,236.81,18.0,5.0,both
2022,2020,True,MI,71667,"UnitedHealthcare Community Plan, Inc.",,,,,,,,,,,,,,,,,,,,,,,,,left_only,,,,,,left_only
2022,2020,True,MI,74917,McLaren Health Plan Community,88925.0,20536.0,46.0,41.0,0.0,0.0,,,,,88925.0,20536.0,0.230936182175991,,0.0022399688352162,0.8913043478260869,,,,5.0,1.0,1.0,1.0,0.0,both,343.73,365.2725333333333,234.88,5.0,15.0,both
2022,2020,True,MI,77739,Oscar Insurance Company,2692.0,1765.0,,,0.0,0.0,,,,,2692.0,1765.0,0.6556463595839525,,,,,,,10.0,1.0,1.0,1.0,2.0,both,337.305,345.0135,207.88,10.0,4.0,both
2022,2020,True,MI,98185,Blue Care Network of Michigan,3145721.0,908338.0,142.0,114.0,13.0,,,,,,3145721.0,908338.0,0.288753516284502,,0.0001563294720687,0.8028169014084507,,,,16.0,3.0,3.0,4.0,0.0,both,411.155,391.7227027027027,201.13,16.0,16.0,both
2022,2020,True,MO,32753,Healthy Alliance Life Co(Anthem BCBS),1656780.0,316192.0,83.0,43.0,0.0,0.0,,,,,1656780.0,316192.0,0.1908473062205,,0.0002624987349458,0.5180722891566265,,,,17.0,1.0,1.0,1.0,0.0,both,638.41,653.9412941176471,426.69,17.0,5.0,both
2022,2020,True,MO,34762,Blue Cross and Blue Shield of Kansas City,,,,,,,,,,,,,,,,,,,,,,,,,left_only,,,,,,left_only
2022,2020,True,MO,47840,SSM Health Insurance Company,121389.0,20416.0,31.0,17.0,0.0,0.0,,,,,121389.0,20416.0,0.1681865737422666,,0.0015184169278996,0.5483870967741935,,,,10.0,1.0,1.0,1.0,10.0,both,448.785,394.35,239.47,10.0,1.0,both
2022,2020,True,MO,48161,Aetna Life Insurance Company,,,,,,,,,,,,,,,,,,,,,,,,,left_only,,,,,,left_only
2022,2020,True,MO,53461,Medica Insurance Company,103287.0,21738.0,50.0,16.0,,,,,,,103287.0,21738.0,0.2104621104301606,,0.0023001196062195,0.32,,,,8.0,1.0,1.0,1.0,1.0,both,436.43,458.3708333333333,270.39,8.0,3.0,both
2022,2020,True,MO,69512,Oscar Insurance Company,3760.0,2543.0,0.0,0.0,0.0,0.0,,,,,3760.0,2543.0,0.6763297872340426,,0.0,,,,,10.0,1.0,1.0,1.0,10.0,both,462.16,457.18500000000006,321.25,10.0,1.0,both
2022,2020,True,MO,74483,Cigna Health and Life Insurance Company,1942723.0,234494.0,1114.0,196.0,,,,,,,1942723.0,234494.0,0.1207037750621164,,0.0047506546009706,0.1759425493716337,,,,10.0,1.0,2.0,2.0,0.0,both,469.76,483.286,350.41,10.0,4.0,both
2022,2020,True,MO,96384,Cox Health Systems Insurance Company,11712.0,1732.0,,0.0,0.0,0.0,,,,,11712.0,1732.0,0.1478825136612022,,,,,,,5.0,1.0,1.0,1.0,5.0,both,484.0,493.0,410.0,5.0,1.0,both
2022,2020,True,MO,99723,Celtic Insurance Company,2054568.0,732660.0,798.0,315.0,0.0,0.0,,,,,2054568.0,732660.0,0.3566005116404032,,0.0010891818851854,0.3947368421052631,,,,28.0,2.0,1.0,2.0,16.0,both,459.06,474.2988888888888,352.22,28.0,6.0,both
2022,2020,True,MS,14624,"Vantage Health Plan of Mississippi, Inc.",,,,,,,,,,,,,,,,,,,,,,,,,left_only,,,,,,left_only
2022,2020,True,MS,56766,Cigna Health and Life Insurance Company,,,,,,,,,,,,,,,,,,,,,,,,,left_only,,,,,,left_only
2022,2020,True,MS,79975,"Molina Healthcare of Mississippi, Inc",142850.0,49828.0,486.0,115.0,,0.0,,,,,142850.0,49828.0,0.3488134406720336,,0.0097535522196355,0.2366255144032922,,,,8.0,3.0,1.0,1.0,8.0,both,489.59,503.0372916666667,425.31,8.0,6.0,both
2022,2020,True,MS,90714,Ambetter of Magnolia Inc.,1724582.0,485205.0,175.0,81.0,,,,,,,1724582.0,485205.0,0.2813464364118377,,0.0003606722931544,0.4628571428571428,,,,16.0,2.0,1.0,2.0,14.0,both,477.84,506.8520833333334,377.07,16.0,6.0,both
2022,2020,True,MT,23603,PacificSource Health Plans,97515.0,3712.0,124.0,35.0,,0.0,,,,,97515.0,3712.0,0.0380659385735527,,0.0334051724137931,0.282258064516129,,,,10.0,1.0,2.0,2.0,4.0,both,464.5,454.06666666666666,336.0,10.0,4.0,both
2022,2020,True,MT,30751,Blue Cross and Blue Shield of Montana,586995.0,73934.0,114.0,45.0,19.0,,,,,,586995.0,73934.0,0.125953372686309,,0.0015419157627072,0.3947368421052631,,,,34.0,2.0,2.0,6.0,0.0,both,438.355,451.1361764705882,274.24,34.0,4.0,both
2022,2020,True,MT,32225,Montana Health Cooperative,454636.0,24610.0,829.0,356.0,,0.0,,,,,454636.0,24610.0,0.0541312170615613,,0.0336854937017472,0.4294330518697226,,,,10.0,2.0,1.0,1.0,0.0,both,413.01,417.41175,287.15,10.0,4.0,both
2022,2020,True,NC,11512,Blue Cross and Blue Shield of NC,19424054.0,2901677.0,1473.0,579.0,26.0,11.0,,,,,19424054.0,2901677.0,0.1493857564440461,,0.0005076374799814,0.3930753564154786,0.4230769230769231,,,67.0,5.0,5.0,10.0,12.0,both,468.23,471.6371341463415,206.41,67.0,16.0,both
2022,2020,True,NC,17414,"AmeriHealth Caritas North Carolina, Inc.",,,,,,,,,,,,,,,,,,,,,,,,,left_only,,,,,,left_only
2022,2020,True,NC,37900,Bright Health Company of North Carolina,474638.0,8627.0,159.0,65.0,0.0,0.0,,,,,474638.0,8627.0,0.0181759572558455,,0.0184305088675089,0.4088050314465409,,,,16.0,1.0,2.0,2.0,16.0,both,406.6950000000001,408.19666666666666,195.53,16.0,3.0,both
2022,2020,True,NC,44007,Celtic Insurance Company,,,,,,,,,,,,,,,,,,,,,,,,,left_only,,,,,,left_only
2022,2020,True,NC,54332,"UnitedHealthcare of North Carolina, Inc",,,,,,,,,,,,,,,,,,,,,,,,,left_only,,,,,,left_only
2022,2020,True,NC,61671,Aetna Health Inc. (a PA corp.),,,,,,,,,,,,,,,,,,,,,,,,,left_only,,,,,,left_only
2022,2020,True,NC,69803,"Oscar Health Plan of North Carolina, Inc",,,,,,,,,,,,,,,,,,,,,,,,,left_only,,,,,,left_only
2022,2020,True,NC,73943,"Cigna HealthCare of North Carolina, Inc.",110324.0,10325.0,78.0,16.0,0.0,0.0,,,,,110324.0,10325.0,0.0935879772307023,,0.0075544794188861,0.2051282051282051,,,,5.0,1.0,1.0,1.0,0.0,both,521.81,560.776,423.92,5.0,3.0,both
2022,2020,True,NC,77264,Ambetter of North Carolina Inc.,332414.0,133565.0,139.0,85.0,0.0,0.0,,,,,332414.0,133565.0,0.401803173151552,,0.0010406917980009,0.6115107913669064,,,,8.0,1.0,1.0,1.0,5.0,both,527.1949999999999,528.89,373.85,8.0,4.0,both
2022,2020,True,NC,77320,Friday Health Plans of North Carolina Inc,,,,,,,,,,,,,,,,,,,,,,,,,left_only,,,,,,left_only
2022,2020,True,ND,37160,Blue Cross Blue Shield of North Dakota,346514.0,45764.0,105.0,41.0,,,,,,,346514.0,45764.0,0.1320696999255441,,0.0022943798619001,0.3904761904761905,,,,7.0,1.0,2.0,1.0,0.0,both,480.81,408.1285714285714,194.2,7.0,4.0,both
2022,2020,True,ND,73751,Medica Health Plans,18883.0,3305.0,,,0.0,0.0,,,,,18883.0,3305.0,0.1750251549012339,,,,,,,12.0,2.0,2.0,3.0,2.0,both,401.41,393.2830555555556,233.08,12.0,4.0,both
2022,2020,True,ND,89364,Sanford Health Plan,233206.0,15410.0,277.0,197.0,,,,,,,233206.0,15410.0,0.0660789173520406,,0.017975340687865,0.7111913357400722,,,,16.0,2.0,2.0,2.0,0.0,both,317.21500000000003,316.6303571428571,173.82,16.0,4.0,both
2022,2020,True,NE,20305,Medica Insurance Company,2598403.0,435623.0,994.0,450.0,,,,,,,2598403.0,435623.0,0.1676502836549988,,0.0022817895290193,0.4527162977867203,,,,21.0,3.0,3.0,5.0,4.0,both,530.74,537.2224615384615,278.17,21.0,4.0,both
2022,2020,True,NE,26289,"Nebraska Total Care, Inc.",,,,,,,,,,,,,,,,,,,,,,,,,left_only,,,,,,left_only
2022,2020,True,NE,57424,Oscar Insurance Company,,,,,,,,,,,,,,,,,,,,,,,,,left_only,,,,,,left_only
2022,2020,True,NE,83653,Bright Health Insurance Company,421080.0,46352.0,208.0,132.0,0.0,0.0,,,,,421080.0,46352.0,0.1100788448750831,,0.0044874007594062,0.6346153846153846,,,,16.0,1.0,2.0,2.0,16.0,both,672.14,667.4965,351.81,16.0,4.0,both
2022,2020,True,NH,59025,Harvard Pilgrim Health Care of NE,190128.0,43498.0,59.0,33.0,0.0,0.0,,,,,190128.0,43498.0,0.2287827148026592,,0.0013563842015724,0.559322033898305,,,,9.0,1.0,1.0,1.0,9.0,both,414.93,391.0633333333333,245.96,9.0,1.0,both
2022,2020,True,NH,75841,Celtic Insurance Company,241032.0,76585.0,14.0,,,0.0,,,,,241032.0,76585.0,0.3177378937236549,,0.0001828034210354,,,,,7.0,1.0,1.0,1.0,6.0,both,390.45,379.5571428571429,314.4,7.0,1.0,both
2022,2020,True,NH,96751,Matthew Thornton Hlth Plan(Anthem BCBS),833667.0,125957.0,157.0,53.0,,0.0,,,,,833667.0,125957.0,0.151087904403077,,0.0012464571242566,0.3375796178343949,,,,10.0,1.0,1.0,1.0,0.0,both,376.14,378.195,203.15,10.0,1.0,both
2022,2020,True,OH,28162,AultCare Insurance Company,186533.0,28753.0,62.0,28.0,0.0,0.0,,,,,186533.0,28753.0,0.1541443069054805,,0.0021562967342538,0.4516129032258064,,,,45.0,1.0,2.0,2.0,4.0,both,469.71,524.2226605504587,261.02,45.0,3.0,both
2022,2020,True,OH,29276,Community Insurance Company(Anthem BCBS),252910.0,51185.0,67.0,36.0,13.0,0.0,,,,,252910.0,51185.0,0.2023842473607212,,0.0013089772394256,0.5373134328358209,0.0,,,17.0,1.0,1.0,1.0,0.0,both,522.13,522.375701357466,272.7,17.0,13.0,both
2022,2020,True,OH,29341,Oscar Buckeye State Insurance Corp.,552610.0,48483.0,63.0,63.0,,,,,,,552610.0,48483.0,0.0877345686831581,,0.0012994245405606,1.0,,,,10.0,1.0,1.0,1.0,2.0,both,388.25,374.313,254.58,10.0,1.0,both
2022,2020,True,OH,41047,Buckeye Community Health Plan,670413.0,197753.0,463.0,250.0,0.0,0.0,,,,,670413.0,197753.0,0.2949719053777298,,0.0023413045566944,0.5399568034557235,,,,36.0,2.0,1.0,2.0,32.0,both,369.345,363.4744444444444,254.38,36.0,11.0,both
2022,2020,True,OH,45845,Oscar Insurance Corporation of Ohio,552610.0,48483.0,63.0,63.0,,,,,,,552610.0,48483.0,0.0877345686831581,,0.0012994245405606,1.0,,,,10.0,1.0,1.0,1.0,2.0,both,442.735,427.2365,266.57,10.0,2.0,both
2022,2020,True,OH,52664,"Summa Insurance Company, Inc.",75710.0,16793.0,43.0,28.0,,,,,,,75710.0,16793.0,0.2218068947298903,,0.0025605907223247,0.6511627906976745,,,,8.0,1.0,1.0,1.0,1.0,both,458.195,445.24875,292.84,8.0,2.0,both
2022,2020,True,OH,64353,"Molina Healthcare of Ohio, Inc.",726274.0,257715.0,466.0,179.0,29.0,11.0,,,,,726274.0,257715.0,0.3548454164681649,,0.0018081989794928,0.3841201716738197,0.3793103448275862,,,8.0,3.0,1.0,2.0,5.0,both,372.975,373.35266666666666,269.72,8.0,15.0,both
2022,2020,True,OH,74313,Paramount Insurance Company,105382.0,19216.0,51.0,32.0,,0.0,,,,,105382.0,19216.0,0.182346131217855,,0.0026540383014154,0.6274509803921569,,,,9.0,1.0,1.0,2.0,1.0,both,516.45,503.6627777777778,324.6,9.0,2.0,both
2022,2020,True,OH,77552,"CareSource Ohio, Inc.",2683988.0,675152.0,561.0,234.0,18.0,,,,,,2683988.0,675152.0,0.2515480695144688,,0.0008309239993364,0.4171122994652406,,,,11.0,2.0,1.0,1.0,0.0,both,466.875,454.2471022727273,237.22,11.0,16.0,both
2022,2020,True,OH,99969,Medical Health Insuring Corp. of Ohio,1363346.0,233019.0,698.0,379.0,11.0,,,,,,1363346.0,233019.0,0.1709169939252398,,0.0029954638892107,0.5429799426934098,,,,60.0,1.0,5.0,6.0,20.0,both,460.28,453.5185217391304,203.81,60.0,17.0,both
2022,2020,True,OK,21333,Medica Insurance Company,236873.0,52015.0,100.0,45.0,0.0,0.0,,,,,236873.0,52015.0,0.2195902445614316,,0.0019225223493223,0.45,,,,15.0,2.0,2.0,2.0,3.0,both,556.0550000000001,599.0611666666666,269.07,15.0,5.0,both
2022,2020,True,OK,40463,Bright Health Insurance Company,279064.0,69701.0,110.0,60.0,0.0,0.0,,,,,279064.0,69701.0,0.2497670785196227,,0.0015781696101921,0.5454545454545454,,,,9.0,1.0,1.0,1.0,9.0,both,467.39,447.6011111111111,275.22,9.0,1.0,both
2022,2020,True,OK,45480,"UnitedHealthcare of Oklahoma, Inc.",,,,,,,,,,,,,,,,,,,,,,,,,left_only,,,,,,left_only
2022,2020,True,OK,62505,Celtic Insurance Company,,,,,,,,,,,,,,,,,,,,,,,,,left_only,,,,,,left_only
2022,2020,True,OK,87571,Blue Cross Blue Shield of Oklahoma,7338783.0,1057951.0,131.0,13.0,,,,,,,7338783.0,1057951.0,0.1441589157221299,,0.0001238242602918,0.099236641221374,,,,40.0,2.0,2.0,10.0,0.0,both,493.13,509.98175,350.86,40.0,5.0,both
2022,2020,True,OK,91538,Friday Health Plans of Oklahoma Inc,,,,,,,,,,,,,,,,,,,,,,,,,left_only,,,,,,left_only
2022,2020,True,OK,91908,Oscar Insurance Company,,,,,,,,,,,,,,,,,,,,,,,,,left_only,,,,,,left_only
2022,2020,True,OK,98905,CommunityCare HMO Inc.,,,,,,,,,,,,,,,,,,,,,,,,,left_only,,,,,,left_only
2022,2020,True,OR,10091,PacificSource Health Plans,75372.0,3650.0,257.0,63.0,,0.0,,,,,75372.0,3650.0,0.048426471368678,,0.0704109589041095,0.245136186770428,,,,18.0,2.0,2.0,2.0,8.0,both,446.0,416.8611111111111,226.0,18.0,4.0,both
2022,2020,True,OR,39424,"Moda Health Plan, Inc.",717729.0,54476.0,63.0,18.0,,0.0,,,,,717729.0,54476.0,0.0759005139822969,,0.0011564725750789,0.2857142857142857,,,,12.0,3.0,2.0,2.0,0.0,both,464.0,450.0877192982456,327.0,12.0,7.0,both
2022,2020,True,OR,56707,Providence Health Plan,0.0,0.0,0.0,0.0,0.0,0.0,,,,,0.0,0.0,,,,,,,,11.0,9.0,3.0,3.0,11.0,both,443.5,465.38,299.0,11.0,7.0,both
2022,2020,True,OR,63474,BridgeSpan Health Company,6477.0,558.0,16.0,0.0,,,,,,,6477.0,558.0,0.0861509958314034,,0.028673835125448,0.0,,,,15.0,2.0,2.0,2.0,7.0,both,390.79,425.1003448275862,299.7,15.0,4.0,both
2022,2020,True,OR,71287,Kaiser Foundation Healthplan of the NW,44137.0,4071.0,67.0,24.0,0.0,0.0,,,,,44137.0,4071.0,0.092235539343408,,0.0164578727585359,0.3582089552238806,,,,10.0,1.0,1.0,1.0,1.0,both,441.0,399.56,293.0,10.0,5.0,both
2022,2020,True,OR,77969,Regence BlueCross BlueShield of Oregon,,,,,,,,,,,,,,,,,,,,,,,,,left_only,,,,,,left_only
2022,2020,True,SC,16985,Bright Health Company of South Carolina,83294.0,17741.0,37.0,26.0,0.0,0.0,,,,,83294.0,17741.0,0.2129925324753283,,0.0020855645115833,0.7027027027027027,,,,8.0,1.0,1.0,1.0,8.0,both,476.0,458.8433333333333,246.18,8.0,3.0,both
2022,2020,True,SC,26065,Blue Cross and Blue Shield of South Carolina,7306863.0,1056260.0,912.0,340.0,561.0,179.0,,,,,7306863.0,1056260.0,0.1445572470703228,,0.0008634237782364,0.3728070175438596,0.3190730837789661,,,28.0,2.0,1.0,3.0,0.0,both,541.375,503.5340467625899,201.59,28.0,46.0,both
2022,2020,True,SC,42326,"MOLINA HEALTHCARE OF SOUTH CAROLINA, INC",170847.0,72547.0,160.0,102.0,,,,,,,170847.0,72547.0,0.4246313953420311,,0.0022054668008325,0.6375,,,,8.0,3.0,1.0,1.0,8.0,both,466.985,474.0011875,316.08,8.0,20.0,both
2022,2020,True,SC,79222,"Absolute Total Care, Inc",114057.0,36917.0,71.0,43.0,0.0,0.0,,,,,114057.0,36917.0,0.323671497584541,,0.0019232331987973,0.6056338028169014,,,,14.0,2.0,1.0,1.0,11.0,both,515.87,515.1938095238095,333.32,14.0,12.0,both
2022,2020,True,SD,31195,Sanford Health Plan,299209.0,15885.0,202.0,136.0,0.0,0.0,,,,,299209.0,15885.0,0.0530899805821349,,0.0127163991186654,0.6732673267326733,,,,16.0,2.0,2.0,2.0,0.0,both,510.0,518.369375,249.29,16.0,4.0,both
2022,2020,True,SD,60536,"Avera Health Plans, Inc.",195254.0,13476.0,103.0,47.0,,,,,,,195254.0,13476.0,0.0690177922091224,,0.0076432175719798,0.4563106796116505,,,,10.0,2.0,1.0,2.0,0.0,both,563.77,534.3000000000001,318.12,10.0,4.0,both
2022,2020,True,TN,14002,BlueCross BlueShield of Tennessee,6448939.0,1225395.0,200.0,59.0,,,,,,,6448939.0,1225395.0,0.190014977657565,,0.0001632126783608,0.295,,,,50.0,1.0,1.0,8.0,26.0,both,411.53,502.1506,317.86,50.0,8.0,both
2022,2020,True,TN,23552,Oscar Insurance Company,27681.0,22301.0,,,0.0,0.0,,,,,27681.0,22301.0,0.8056428597232759,,,,,,,10.0,1.0,1.0,1.0,2.0,both,472.265,464.6195,298.0,10.0,2.0,both
2022,2020,True,TN,69443,UnitedHealthcare Insurance Company,,,,,,,,,,,,,,,,,,,,,,,,,left_only,,,,,,left_only
2022,2020,True,TN,70111,Celtic Insurance Company,200327.0,85109.0,88.0,48.0,,,,,,,200327.0,85109.0,0.4248503696456294,,0.0010339682054776,0.5454545454545454,,,,11.0,1.0,1.0,1.0,7.0,both,497.125,485.3443181818182,360.39,11.0,4.0,both
2022,2020,True,TN,97906,Bright Health Insurance Company of Tennessee,362462.0,66920.0,316.0,174.0,14.0,,,,,,362462.0,66920.0,0.1846262504759119,,0.0047220561864913,0.5506329113924051,,,,30.0,1.0,3.0,3.0,11.0,both,466.33,482.804,337.36,30.0,3.0,both
2022,2020,True,TN,99248,Cigna Health and Life Insurance Company,3027685.0,442167.0,1804.0,233.0,16.0,,,,,,3027685.0,442167.0,0.1460412823659,,0.0040799064606811,0.1291574279379157,,,,30.0,1.0,3.0,6.0,10.0,both,472.25,495.03333333333336,353.81,30.0,6.0,both
2022,2020,True,TX,17933,"Moda Health Plan, Inc.",,,,,,,,,,,,,,,,,,,,,,,,,left_only,,,,,,left_only
2022,2020,True,TX,20069,Oscar Insurance Company,9276.0,4843.0,65.0,56.0,,,,,,,9276.0,4843.0,0.5221000431220354,,0.0134214329960768,0.8615384615384616,,,,10.0,1.0,1.0,1.0,2.0,both,402.46,374.7904,242.33,10.0,5.0,both
2022,2020,True,TX,26539,"SHA, LLC DBA FirstCare Health Plans",634030.0,98848.0,238.0,143.0,,,,,,,634030.0,98848.0,0.1559042947494598,,0.0024077371317578,0.6008403361344538,,,,6.0,1.0,1.0,1.0,0.0,both,570.8299999999999,551.0395833333333,394.82,6.0,8.0,both
2022,2020,True,TX,27248,"Community Health Choice, Inc.",2423364.0,405859.0,365.0,94.0,,,,,,,2423364.0,405859.0,0.1674775229804519,,0.0008993271062117,0.2575342465753424,,,,6.0,1.0,1.0,1.0,0.0,both,476.28,467.0666666666667,339.36,6.0,3.0,both
2022,2020,True,TX,29418,Celtic Insurance Company,7058234.0,2773390.0,1399.0,906.0,43.0,22.0,,,,,7058234.0,2773390.0,0.3929297328481884,,0.0005044368083825,0.6476054324517513,0.5116279069767442,,,83.0,3.0,1.0,3.0,67.0,both,436.18,437.8412038834952,286.25,83.0,14.0,both
2022,2020,True,TX,33602,Blue Cross Blue Shield of Texas,16149484.0,2877345.0,1526.0,254.0,15.0,,,,,,16149484.0,2877345.0,0.178169469687081,,0.0005303500275427,0.1664482306684141,,,,240.0,3.0,2.0,28.0,6.0,both,421.065,443.43625,280.56,240.0,26.0,both
2022,2020,True,TX,40220,"UnitedHealthcare of Texas, Inc.",,,,,,,,,,,,,,,,,,,,,,,,,left_only,,,,,,left_only
2022,2020,True,TX,40788,Scott and White Health Plan,,,,,,,,,,,,,,,,,,,,,,,,,left_only,,,,,,left_only
2022,2020,True,TX,45786,"Molina Healthcare of Texas, Inc.",4042295.0,1169666.0,1358.0,906.0,39.0,22.0,,,,,4042295.0,1169666.0,0.2893569123480597,,0.0011610151957909,0.6671575846833578,0.5641025641025641,,,10.0,3.0,1.0,1.0,2.0,both,419.69,396.601625,254.53,10.0,8.0,both
2022,2020,True,TX,54837,Friday Health Insurance Company Inc,,,,,,,,,,,,,,,,,,,,,,,,,left_only,,,,,,left_only
2022,2020,True,TX,58840,Aetna Health Inc.  (a TX corp.),,,,,,,,,,,,,,,,,,,,,,,,,left_only,,,,,,left_only
2022,2020,True,TX,63251,Community First Insurance Plans,,,,,,,,,,,,,,,,,,,,,,,,,left_only,,,,,,left_only
2022,2020,True,TX,66252,CHRISTUS Health Plan,571386.0,157326.0,3427.0,944.0,228.0,118.0,,,,,571386.0,157326.0,0.2753410129054615,,0.021782794960782,0.2754595856434199,0.5175438596491229,,,42.0,6.0,1.0,7.0,6.0,both,392.205,401.5966666666667,228.63,42.0,7.0,both
2022,2020,True,TX,71837,"Sendero Health Plans, Inc.",226343.0,66331.0,39.0,32.0,,,,,,,226343.0,66331.0,0.2930552303362596,,0.0005879603805158,0.8205128205128205,,,,8.0,1.0,2.0,1.0,3.0,both,336.235,388.2075,311.28,8.0,2.0,both
2022,2020,True,TX,87226,Superior Health Plan,,,,,,,,,,,,,,,,,,,,,,,,,left_only,,,,,,left_only
2022,2020,True,TX,98312,Bright HealthCare Insurance Company of Texas,,,,,,,,,,,,,,,,,,,,,,,,,left_only,,,,,,left_only
2022,2020,True,UT,18167,Molina Healthcare of Utah,90389.0,36902.0,39.0,25.0,0.0,0.0,,,,,90389.0,36902.0,0.4082576419697087,,0.0010568532870847,0.6410256410256411,,,,8.0,3.0,1.0,1.0,6.0,both,496.885,501.3595,295.86,8.0,5.0,both
2022,2020,True,UT,22013,Regence BlueCross BlueShield of Utah,,,,,,,,,,,,,,,,,,,,,,,,,left_only,,,,,,left_only
2022,2020,True,UT,34541,BridgeSpan Health Company,0.0,0.0,0.0,0.0,0.0,0.0,,,,,0.0,0.0,,,,,,,,6.0,1.0,1.0,1.0,5.0,both,483.075,491.91333333333336,363.2,6.0,2.0,both
2022,2020,True,UT,39889,Bright Health Insurance Company,,,,,,,,,,,,,,,,,,,,,,,,,left_only,,,,,,left_only
2022,2020,True,UT,42261,University of Utah Health Insurance Plans,673816.0,155276.0,936.0,373.0,,,,,,,673816.0,155276.0,0.230442732140525,,0.0060279759911383,0.3985042735042735,,,,12.0,2.0,2.0,2.0,2.0,both,453.66,516.241,314.66,12.0,6.0,both
2022,2020,True,UT,68781,SelectHealth,6368921.0,706709.0,2896.0,986.0,21.0,,,,,,6368921.0,706709.0,0.1109621237255101,,0.0040978677220751,0.3404696132596685,,,,30.0,3.0,2.0,2.0,6.0,both,436.38,445.3598518518519,245.49,30.0,6.0,both
2022,2020,True,UT,81808,Cigna Health and Life Insurance Company,179701.0,19492.0,74.0,,,0.0,,,,,179701.0,19492.0,0.1084690680630603,,0.0037964293043299,,,,,6.0,1.0,1.0,1.0,6.0,both,408.47,431.6011111111111,333.88,6.0,3.0,both
2022,2020,True,VA,10207,"CareFirst BlueChoice, Inc.",70300.0,19012.0,12.0,,0.0,0.0,,,,,70300.0,19012.0,0.2704409672830725,,0.0006311803071744,,,,,3.0,1.0,2.0,1.0,0.0,both,646.78,517.9666666666667,236.0,3.0,1.0,both
2022,2020,True,VA,20507,Optima Health Plan,1073818.0,251158.0,287.0,68.0,,0.0,,,,,1073818.0,251158.0,0.2338925218239962,,0.0011427069812627,0.2369337979094076,,,,15.0,1.0,3.0,3.0,3.0,both,488.07,463.3741860465116,290.26,15.0,5.0,both
2022,2020,True,VA,24251,"Optimum Choice, Inc.",,,,,,,,,,,,,,,,,,,,,,,,,left_only,,,,,,left_only
2022,2020,True,VA,25922,Oscar Insurance Company,4183.0,3042.0,0.0,0.0,0.0,0.0,,,,,4183.0,3042.0,0.7272292612957207,,0.0,,,,,10.0,1.0,1.0,1.0,10.0,both,488.23,478.836,352.28,10.0,1.0,both
2022,2020,True,VA,25928,Bright Health Insurance Company,,,,,,,,,,,,,,,,,,,,,,,,,left_only,,,,,,left_only
2022,2020,True,VA,37204,"Piedmont Community HealthCare HMO, Inc.",57333.0,7366.0,91.0,46.0,0.0,0.0,,,,,57333.0,7366.0,0.1284774911482043,,0.012354059190877,0.5054945054945055,,,,5.0,1.0,1.0,1.0,5.0,both,436.25,463.896,402.75,5.0,4.0,both
2022,2020,True,VA,38234,Aetna Life Insurance Company,,,,,,,,,,,,,,,,,,,,,,,,,left_only,,,,,,left_only
2022,2020,True,VA,40308,Group Hospitalization and Medical Services Inc.,21720.0,6072.0,,,0.0,0.0,,,,,21720.0,6072.0,0.2795580110497238,,,,,,,2.0,1.0,2.0,1.0,0.0,both,1291.715,1291.715,1282.17,2.0,1.0,both
2022,2020,True,VA,41921,Cigna Health and Life Insurance Company,1889983.0,202665.0,585.0,52.0,13.0,,,,,,1889983.0,202665.0,0.1072311232429074,,0.0028865368958626,0.0888888888888888,,,,10.0,1.0,1.0,2.0,0.0,both,502.56,481.916,390.15,10.0,3.0,both
2022,2020,True,VA,86443,"Innovation Health Plan, Inc.",,,,,,,,,,,,,,,,,,,,,,,,,left_only,,,,,,left_only
2022,2020,True,VA,88380,"HealthKeepers, Inc.",4664589.0,900035.0,458.0,79.0,0.0,0.0,,,,,4664589.0,900035.0,0.1929505471971914,,0.000508869099535,0.1724890829694323,,,,10.0,1.0,1.0,2.0,1.0,both,430.48,452.7363247863248,292.73,10.0,12.0,both
2022,2020,True,VA,95185,"Kaiser Foundation Health Plan of the Mid-Atlantic States, Inc.",21100.0,2958.0,20.0,,,,,,,,21100.0,2958.0,0.1401895734597156,,0.006761325219743,,,,,9.0,1.0,1.0,1.0,0.0,both,594.77,575.0922222222222,359.27,9.0,3.0,both
2022,2020,True,WI,14630,Children's Community Health Plan,149466.0,12413.0,318.0,140.0,,,,,,,149466.0,12413.0,0.0830489877296508,,0.0256183033916055,0.440251572327044,,,,7.0,1.0,1.0,1.0,0.0,both,462.05,442.3188571428572,281.0,7.0,5.0,both
2022,2020,True,WI,20173,HealthPartners Insurance Company,101937.0,7640.0,,,0.0,0.0,,,,,101937.0,7640.0,0.0749482523519428,,,,,,,6.0,1.0,1.0,1.0,0.0,both,473.895,461.0516666666667,291.52,6.0,2.0,both
2022,2020,True,WI,37833,Quartz Health Benefit Plans Corporation,536333.0,43844.0,140.0,49.0,0.0,0.0,,,,,536333.0,43844.0,0.0817477201663891,,0.0031931393121065,0.35,,,,57.0,3.0,3.0,3.0,0.0,both,474.865,451.1402192982456,230.17,57.0,7.0,both
2022,2020,True,WI,38166,"Security Health Plan of Wisconsin, Inc.",660640.0,55573.0,84.0,55.0,,,,,,,660640.0,55573.0,0.0841199442964398,,0.0015115253810303,0.6547619047619048,,,,8.0,1.0,1.0,1.0,2.0,both,520.685,527.3499999999999,281.17,8.0,9.0,both
2022,2020,True,WI,38345,Dean Health Plan,738330.0,64499.0,157.0,59.0,,0.0,,,,,738330.0,64499.0,0.0873579564693294,,0.0024341462658335,0.375796178343949,,,,52.0,3.0,3.0,5.0,38.0,both,435.79,422.1603389830509,225.83,52.0,7.0,both
2022,2020,True,WI,52697,"Molina Healthcare of Wisconsin, Inc.",645671.0,234295.0,392.0,272.0,,,,,,,645671.0,234295.0,0.3628705641108242,,0.0016731044196419,0.6938775510204082,,,,8.0,3.0,1.0,1.0,6.0,both,468.285,453.0804166666667,326.47,8.0,9.0,both
2022,2020,True,WI,57845,Medica Community Health Plan,309731.0,46645.0,90.0,30.0,,,,,,,309731.0,46645.0,0.1505984225021066,,0.001929467252653,0.3333333333333333,,,,12.0,2.0,2.0,3.0,2.0,both,466.5,466.8297619047619,225.93,12.0,6.0,both
2022,2020,True,WI,58326,"MercyCare HMO, Inc.",200323.0,1722.0,17.0,11.0,,0.0,,,,,200323.0,1722.0,0.0085961172706079,,0.0098722415795586,0.6470588235294118,,,,10.0,1.0,1.0,1.0,0.0,both,366.375,353.621,277.14,10.0,1.0,both
2022,2020,True,WI,79475,Compcare Health Serv Ins Co(Anthem BCBS),,,,,,,,,,,,,,,,,,,,,,,,,left_only,,,,,,left_only
2022,2020,True,WI,81413,Network Health Plan,94506.0,20867.0,87.0,67.0,,0.0,,,,,94506.0,20867.0,0.220800795716674,,0.0041692624718454,0.7701149425287356,,,,18.0,2.0,2.0,2.0,0.0,both,643.475,572.2005555555556,417.69,18.0,4.0,both
2022,2020,True,WI,84670,"WPS Health Plan, Inc.",2564.0,678.0,,,0.0,0.0,,,,,2564.0,678.0,0.2644305772230889,,,,,,,14.0,1.0,1.0,1.0,14.0,both,533.92,553.3914285714285,372.97,14.0,1.0,both
2022,2020,True,WI,86584,"Aspirus Health Plan, Inc.",68693.0,14820.0,54.0,24.0,0.0,0.0,,,,,68693.0,14820.0,0.215742506514492,,0.0036437246963562,0.4444444444444444,,,,18.0,2.0,1.0,1.0,0.0,both,632.9200000000001,609.0998888888888,349.93,18.0,5.0,both
2022,2020,True,WI,87416,Common Ground Healthcare Cooperative,3483472.0,413569.0,40.0,23.0,,,,,,,3483472.0,413569.0,0.1187232163772236,,9.671904809112867e-05,0.575,,,,7.0,1.0,1.0,2.0,1.0,both,442.86,443.2128571428572,272.05,7.0,5.0,both
2022,2020,True,WI,94529,Group Health Cooperative of South Central Wisconsin,53450.0,7143.0,,0.0,0.0,0.0,,,,,53450.0,7143.0,0.1336389148737137,,,,,,,27.0,2.0,2.0,2.0,4.0,both,478.77,464.52113924050633,259.54,27.0,5.0,both
2022,2020,True,WV,31274,Highmark Blue Cross Blue Shield West Virginia,521615.0,40071.0,38.0,23.0,0.0,0.0,,,,,521615.0,40071.0,0.0768210270026743,,0.0009483167377904,0.6052631578947368,,,,8.0,3.0,1.0,1.0,2.0,both,653.9,677.8745454545455,422.29,8.0,11.0,both
2022,2020,True,WV,50328,CareSource West Virginia Co.,410744.0,97542.0,,,0.0,0.0,,,,,410744.0,97542.0,0.2374763843172389,,,,,,,11.0,2.0,1.0,1.0,0.0,both,628.87,644.6709999999999,435.49,11.0,10.0,both
2022,2020,True,WY,11269,Blue Cross Blue Shield of Wyoming,935848.0,121710.0,2589.0,1756.0,11.0,,,,,,935848.0,121710.0,0.1300531710277737,,0.0212718757702736,0.6782541521823098,,,,10.0,1.0,1.0,1.0,0.0,both,761.53,746.1583333333333,543.1,10.0,3.0,both
2022,2020,True,WY,38576,Montana Health Cooperative,,,,,,,,,,,,,,,,,,,,,,,,,left_only,,,,,,left_only
2023,2021,True,AK,38344,Premera Blue Cross Blue Shield of Alaska,603348.0,143208.0,2156.0,1079.0,,,,,,,603348.0,143208.0,0.2373555559975337,,0.0150550248589464,0.5004638218923934,,,,5.0,2.0,1.0,1.0,0.0,both,608.0,570.4,430.0,5.0,3.0,both
2023,2021,True,AK,77963,Moda Assurance Company,7965.0,628.0,,,0.0,0.0,,,,,7965.0,628.0,0.0788449466415568,,,,,,,4.0,1.0,1.0,1.0,0.0,both,535.0,548.75,436.0,4.0,3.0,both
2023,2021,True,AL,46944,Blue Cross and Blue Shield of Alabama,7557971.0,1710597.0,1974.0,569.0,56.0,,,,,,7557971.0,1710597.0,0.2263301883534615,,0.001153983083099,0.2882472137791286,,,,7.0,7.0,1.0,1.0,0.0,both,537.07,514.1658241758242,283.18,7.0,13.0,both
2023,2021,True,AL,53932,Celtic Insurance Company,,,,,,,,,,,,,,,,,,,,,,,,,left_only,,,,,,left_only
2023,2021,True,AL,69461,UnitedHealthcare Insurance Company,,,,,,,,,,,,,,,,,,,,,,,,,left_only,,,,,,left_only
2023,2021,True,AL,73301,Bright Health Insurance Company,99090.0,6396.0,20.0,0.0,0.0,0.0,,,,,99090.0,6396.0,0.0645473811686345,,0.0031269543464665,0.0,,,,8.0,1.0,1.0,1.0,0.0,both,593.88,571.5699999999999,384.69,8.0,1.0,both
2023,2021,True,AR,13262,"HMO Partners, Inc.",919095.0,152474.0,311.0,68.0,0.0,0.0,,,,,919095.0,152474.0,0.1658957996725039,,0.0020396920130645,0.2186495176848874,,,,2.0,1.0,1.0,1.0,2.0,both,495.23,495.23,415.71,2.0,7.0,both
2023,2021,True,AR,37903,"QualChoice Life & Health Insurance Company, Inc.",1971681.0,361647.0,103.0,86.0,0.0,0.0,,,,,1971681.0,361647.0,0.1834206446174609,,0.0002848081139896,0.8349514563106796,,,,3.0,1.0,1.0,1.0,1.0,both,428.81,464.9533333333334,416.89,3.0,7.0,both
2023,2021,True,AR,62141,Celtic Insurance Company,4540069.0,877096.0,742.0,356.0,,,,,,,4540069.0,877096.0,0.1931900153940391,,0.0008459735308335,0.4797843665768194,,,,19.0,2.0,1.0,1.0,10.0,both,416.74,412.15,322.06,19.0,7.0,both
2023,2021,True,AR,70525,"QCA Health Plan, Inc.",1954143.0,362988.0,297.0,135.0,0.0,0.0,,,,,1954143.0,362988.0,0.1857530385442621,,0.0008182088664088,0.4545454545454545,,,,4.0,1.0,1.0,1.0,2.0,both,422.85,442.6925,375.91,4.0,7.0,both
2023,2021,True,AR,75293,USAble Mutual Insurance Company,5795970.0,1054292.0,6575.0,1930.0,54.0,12.0,,,,,5795970.0,1054292.0,0.1819008725027907,,0.0062364126826344,0.2935361216730038,0.2222222222222222,,,7.0,1.0,1.0,1.0,0.0,both,399.75,417.4,343.46,7.0,7.0,both
2023,2021,True,AZ,13877,"Oscar Health Plan, Inc.",322617.0,11378.0,54.0,51.0,0.0,0.0,,,,,322617.0,11378.0,0.0352678253160868,,0.0047460010546669,0.9444444444444444,,,,11.0,1.0,1.0,1.0,4.0,both,393.4,403.6790909090909,270.02,11.0,2.0,both
2023,2021,True,AZ,23435,Banner Health and Aetna Health Plan Inc.,,,,,,,,,,,,,,,,,,,,,,,,,left_only,,,,,,left_only
2023,2021,True,AZ,32311,Medica Community Health Plan,,,,,,,,,,,,,,,,,,,,,,,,,left_only,,,,,,left_only
2023,2021,True,AZ,40702,"UnitedHealthcare of Arizona, Inc.",22221.0,8586.0,329.0,141.0,0.0,0.0,,,,,22221.0,8586.0,0.3863912515188335,,0.0383181924062427,0.4285714285714285,,,,7.0,1.0,1.0,1.0,7.0,both,462.65,441.54285714285714,357.81,7.0,1.0,both
2023,2021,True,AZ,53901,"Blue Cross and Blue Shield of Arizona, Inc.",1702700.0,270255.0,1917.0,615.0,47.0,14.0,,,,,1702700.0,270255.0,0.1587214424149879,,0.0070933007714935,0.3208137715179969,0.2978723404255319,,,96.0,1.0,3.0,12.0,23.0,both,503.36,518.2478125,246.3,96.0,7.0,both
2023,2021,True,AZ,85533,"Imperial Insurance Companies, Inc.",,,,,,,,,,,,,,,,,,,,,,,,,left_only,,,,,,left_only
2023,2021,True,AZ,87247,Bright Health Company of Arizona,426315.0,20527.0,139.0,,0.0,0.0,,,,,426315.0,20527.0,0.0481498422527943,,0.0067715691528231,,,,,22.0,1.0,2.0,2.0,2.0,both,383.37,396.8586363636363,275.35,22.0,2.0,both
2023,2021,True,AZ,91450,"Health Net of Arizona, Inc.",892318.0,351934.0,951.0,395.0,,,,,,,892318.0,351934.0,0.394404237054503,,0.0027022112100564,0.4153522607781283,,,,44.0,2.0,1.0,2.0,20.0,both,500.6,495.2542056074766,308.84,44.0,5.0,both
2023,2021,True,AZ,97667,"Cigna HealthCare of Arizona, Inc",245947.0,32296.0,25.0,15.0,,,,,,,245947.0,32296.0,0.1313128438240759,,0.0007740896705474,0.6,,,,8.0,1.0,1.0,1.0,3.0,both,429.815,417.10875,347.29,8.0,1.0,both
2023,2021,True,DE,67190,Aetna Health Inc. (a PA corp.),,,,,,,,,,,,,,,,,,,,,,,,,left_only,,,,,,left_only
2023,2021,True,DE,72760,"AmeriHealth Caritas VIP Next, Inc.",,,,,,,,,,,,,,,,,,,,,,,,,left_only,,,,,,left_only
2023,2021,True,DE,76168,Highmark BCBSD Inc.,814191.0,121035.0,109.0,,,0.0,,,,,814191.0,121035.0,0.1486567648131703,,0.0009005659519973,,,,,12.0,4.0,1.0,1.0,5.0,both,525.4449999999999,512.8075,302.72,12.0,1.0,both
2023,2021,True,FL,12379,Bright Health Insurance Company of Florida,14147996.0,800924.0,1445.0,64.0,0.0,0.0,,,,,14147996.0,800924.0,0.056610420302635,,0.0018041661880527,0.0442906574394463,,,,84.0,1.0,6.0,6.0,52.0,both,415.63,419.1191256830601,259.89,84.0,15.0,both
2023,2021,True,FL,16842,Blue Cross and Blue Shield of Florida,18025819.0,1936124.0,3519.0,1665.0,111.0,38.0,,,,,18025819.0,1936124.0,0.1074083790589487,,0.0018175488760017,0.4731457800511509,0.3423423423423423,,,26.0,2.0,2.0,2.0,2.0,both,605.56,648.698649921507,321.81,26.0,67.0,both
2023,2021,True,FL,18628,Aetna Health Inc. (a FL corp.),,,,,,,,,,,,,,,,,,,,,,,,,left_only,,,,,,left_only
2023,2021,True,FL,19898,"AvMed, Inc.",1155539.0,311070.0,108.0,65.0,,,,,,,1155539.0,311070.0,0.2691990491017612,,0.0003471887356543,0.6018518518518519,,,,12.0,2.0,1.0,1.0,12.0,both,533.935,547.1087719298246,308.49,12.0,19.0,both
2023,2021,True,FL,21663,Celtic Insurance Company,5169919.0,2167829.0,4177.0,2163.0,22.0,,,,,,5169919.0,2167829.0,0.4193158538847514,,0.0019268124930518,0.5178357672971032,,,,50.0,2.0,1.0,2.0,26.0,both,517.53,515.126926984127,304.86,50.0,63.0,both
2023,2021,True,FL,30252,"Health Options, Inc.",23017981.0,3063375.0,3022.0,1233.0,88.0,29.0,,,,,23017981.0,3063375.0,0.1330861729358452,,0.0009864936548741,0.4080079417604235,0.3295454545454545,,,39.0,2.0,2.0,4.0,12.0,both,516.91,546.2514207650273,324.71,39.0,50.0,both
2023,2021,True,FL,36194,"Health First Commercial Plans, Inc.",968641.0,147827.0,215.0,103.0,14.0,,,,,,968641.0,147827.0,0.1526127843029564,,0.0014544027816298,0.4790697674418605,,,,36.0,6.0,4.0,2.0,6.0,both,468.53,441.1984722222222,200.29,36.0,4.0,both
2023,2021,True,FL,40572,Oscar Insurance Company of Florida,7137398.0,470215.0,271.0,228.0,,,,,,,7137398.0,470215.0,0.0658804511111752,,0.0005763321033995,0.8413284132841329,,,,15.0,2.0,1.0,3.0,7.0,both,424.63,413.20925595238094,256.99,15.0,24.0,both
2023,2021,True,FL,48121,Cigna Health and Life Insurance Company,3040820.0,554799.0,484.0,161.0,18.0,,,,,,3040820.0,554799.0,0.1824504574424004,,0.0008723880180029,0.3326446280991735,,,,20.0,1.0,1.0,2.0,4.0,both,471.3200000000001,469.0009090909091,337.91,20.0,11.0,both
2023,2021,True,FL,54172,"Molina Healthcare of Florida, Inc",515439.0,113466.0,623.0,222.0,,0.0,,,,,515439.0,113466.0,0.2201346813104945,,0.0054906315548269,0.3563402889245586,,,,11.0,3.0,1.0,1.0,3.0,both,472.57,462.9675757575758,323.94,11.0,12.0,both
2023,2021,True,FL,56503,"Florida Health Care Plan, Inc.",2408855.0,303057.0,426.0,177.0,,,,,,,2408855.0,303057.0,0.1258095651253396,,0.0014056761599303,0.4154929577464789,,,,35.0,35.0,1.0,1.0,2.0,both,490.3,498.2857714285714,249.75,35.0,5.0,both
2023,2021,True,FL,66966,Capital Health Plan,,,,,,,,,,,,,,,,,,,,,,,,,left_only,,,,,,left_only
2023,2021,True,FL,67926,"AmeriHealth Caritas Florida, Inc.",,,,,,,,,,,,,,,,,,,,,,,,,left_only,,,,,,left_only
2023,2021,True,FL,68398,"UnitedHealthcare of Florida, Inc.",,,,,,,,,,,,,,,,,,,,,,,,,left_only,,,,,,left_only
2023,2021,True,FL,86382,Sunshine State Health Plan,,,,,,,,,,,,,,,,,,,,,,,,,left_only,,,,,,left_only
2023,2021,True,FL,92120,"Coventry Health Plan of Florida, Inc.",,,,,,,,,,,,,,,,,,,,,,,,,left_only,,,,,,left_only
2023,2021,True,GA,15105,"Cigna HealthCare of Georgia, Inc.",,,,,,,,,,,,,,,,,,,,,,,,,left_only,,,,,,left_only
2023,2021,True,GA,38146,Bright Health Company of Georgia,,,,,,,,,,,,,,,,,,,,,,,,,left_only,,,,,,left_only
2023,2021,True,GA,43802,"UnitedHealthcare of Georgia, Inc.",,,,,,,,,,,,,,,,,,,,,,,,,left_only,,,,,,left_only
2023,2021,True,GA,49046,Anthem Blue Cross and Blue Shield,3857828.0,717223.0,421.0,56.0,0.0,0.0,,,,,3857828.0,717223.0,0.1859136799255954,,0.0005869861953674,0.1330166270783848,,,,48.0,1.0,2.0,8.0,12.0,both,551.29,552.5964215686274,263.87,48.0,14.0,both
2023,2021,True,GA,58081,Oscar Health Plan of Georgia,10714.0,356.0,,,0.0,0.0,,,,,10714.0,356.0,0.0332275527347395,,,,,,,9.0,1.0,1.0,1.0,2.0,both,486.505,475.2861111111111,352.84,9.0,2.0,both
2023,2021,True,GA,60224,CareSource Georgia Co.,1641847.0,408202.0,30.0,,0.0,0.0,,,,,1641847.0,408202.0,0.2486236537265652,,7.349302551187893e-05,,,,,11.0,2.0,1.0,1.0,0.0,both,470.12,450.1228787878788,296.8,11.0,6.0,both
2023,2021,True,GA,70893,Ambetter of Peach State Inc.,4809122.0,1966976.0,1705.0,885.0,,,,,,,4809122.0,1966976.0,0.4090093784270808,,0.000866812813171,0.5190615835777126,,,,30.0,2.0,1.0,2.0,14.0,both,476.225,466.2368333333334,340.75,30.0,16.0,both
2023,2021,True,GA,82824,Aetna Health Inc. (a GA corp.),,,,,,,,,,,,,,,,,,,,,,,,,left_only,,,,,,left_only
2023,2021,True,GA,83761,Alliant Health Plans,406302.0,25742.0,5639.0,1205.0,33.0,12.0,,,,,406302.0,25742.0,0.0633568134048072,,0.2190583482246911,0.213690370633091,0.3636363636363636,,,78.0,1.0,1.0,13.0,0.0,both,494.365,520.3294047619047,348.63,78.0,14.0,both
2023,2021,True,GA,89942,Kaiser Foundation Health Plan of Georgia,99336.0,9464.0,54.0,11.0,0.0,0.0,,,,,99336.0,9464.0,0.0952726101312716,,0.0057058326289095,0.2037037037037037,,,,18.0,1.0,2.0,2.0,4.0,both,459.36,438.6255555555556,303.21,18.0,1.0,both
2023,2021,True,GA,90617,Friday Health Plans of Georgia Inc,,,,,,,,,,,,,,,,,,,,,,,,,left_only,,,,,,left_only
2023,2021,True,HI,18350,Hawaii Medical Service Association,471082.0,117703.0,82.0,42.0,0.0,0.0,,,,,471082.0,117703.0,0.2498567128440484,,0.0006966687340169,0.5121951219512195,,,,12.0,2.0,5.0,1.0,1.0,both,452.915,425.1983333333333,196.68,12.0,1.0,both
2023,2021,True,HI,60612,"Kaiser Foundation Health Plan, Inc.",15097.0,875.0,37.0,,0.0,0.0,,,,,15097.0,875.0,0.05795853480824,,0.0422857142857142,,,,,11.0,1.0,1.0,1.0,0.0,both,485.45,468.9436363636364,313.98,11.0,1.0,both
2023,2021,True,IA,25896,"Wellmark Health Plan of Iowa, Inc.",1966886.0,313471.0,145.0,53.0,,,,,,,1966886.0,313471.0,0.1593742596164699,,0.0004625627251005,0.3655172413793103,,,,6.0,1.0,1.0,1.0,2.0,both,391.525,394.035,299.05,6.0,7.0,both
2023,2021,True,IA,45819,Oscar Insurance Company,9620.0,269.0,,,0.0,0.0,,,,,9620.0,269.0,0.0279625779625779,,,,,,,12.0,1.0,1.0,1.0,11.0,both,470.11,452.6020833333334,290.5,12.0,4.0,both
2023,2021,True,IA,63876,CareSource Iowa Co.,,,,,,,,,,,,,,,,,,,,,,,,,left_only,,,,,,left_only
2023,2021,True,IA,93078,Medica Insurance Company,851854.0,107718.0,322.0,140.0,,,,,,,851854.0,107718.0,0.1264512463403353,,0.0029892868415677,0.4347826086956521,,,,36.0,5.0,6.0,6.0,14.0,both,450.76,460.8258823529412,257.41,36.0,7.0,both
2023,2021,True,IL,11574,"Oscar Health Plan, Inc.",,,,,,,,,,,,,,,,,,,,,,,,,left_only,,,,,,left_only
2023,2021,True,IL,20129,"Health Alliance Medical Plans, Inc.",1311179.0,141720.0,203.0,80.0,17.0,,,,,,1311179.0,141720.0,0.1080859287709763,,0.0014324019192774,0.3940886699507389,,,,12.0,2.0,1.0,1.0,5.0,both,552.14,521.7163541666666,349.12,12.0,8.0,both
2023,2021,True,IL,27833,Celtic Insurance Company,589599.0,280694.0,298.0,204.0,,,,,,,589599.0,280694.0,0.4760761127478167,,0.0010616543282008,0.6845637583892618,,,,15.0,2.0,1.0,1.0,8.0,both,426.575,424.0564444444445,310.59,15.0,6.0,both
2023,2021,True,IL,32355,"Molina Healthcare of Illinois, Inc.",,,,,,,,,,,,,,,,,,,,,,,,,left_only,,,,,,left_only
2023,2021,True,IL,36096,Blue Cross Blue Shield of Illinois,8309652.0,1373756.0,1598.0,486.0,59.0,33.0,,,,,8309652.0,1373756.0,0.1653205212444516,,0.0011632342279123,0.3041301627033792,0.559322033898305,,,93.0,4.0,4.0,23.0,0.0,both,482.99,496.39043010752687,268.19,93.0,13.0,both
2023,2021,True,IL,42529,"UnitedHealthcare of Illinois, Inc.",,,,,,,,,,,,,,,,,,,,,,,,,left_only,,,,,,left_only
2023,2021,True,IL,53882,"Cigna HealthCare of Illinois, Inc.",400949.0,78631.0,59.0,17.0,,,,,,,400949.0,78631.0,0.1961122237491551,,0.0007503401966145,0.288135593220339,,,,15.0,1.0,2.0,2.0,10.0,both,432.8,426.336,349.08,15.0,4.0,both
2023,2021,True,IL,54322,"MercyCare HMO, Inc.",34094.0,3577.0,31.0,17.0,,0.0,,,,,34094.0,3577.0,0.1049158209655657,,0.0086664802907464,0.5483870967741935,,,,9.0,1.0,1.0,1.0,9.0,both,468.86,438.09222222222223,347.18,9.0,1.0,both
2023,2021,True,IL,65280,SSM Health Plan,27295.0,7047.0,,,0.0,0.0,,,,,27295.0,7047.0,0.2581791536911522,,,,,,,10.0,1.0,1.0,1.0,10.0,both,496.17,437.355,288.39,10.0,1.0,both
2023,2021,True,IL,85773,Quartz Health Benefit Plans Corporation,82763.0,8480.0,26.0,12.0,,0.0,,,,,82763.0,8480.0,0.1024612447591315,,0.003066037735849,0.4615384615384615,,,,14.0,1.0,1.0,1.0,3.0,both,502.17,472.9271428571428,291.4,14.0,1.0,both
2023,2021,True,IL,99129,Aetna Health Inc. (a PA corp.),,,,,,,,,,,,,,,,,,,,,,,,,left_only,,,,,,left_only
2023,2021,True,IN,17575,Anthem Ins Companies Inc(Anthem BCBS),14711.0,2586.0,,,0.0,0.0,,,,,14711.0,2586.0,0.1757868261844878,,,,,,,4.0,2.0,1.0,1.0,4.0,both,541.98,550.0699999999999,467.82,4.0,1.0,both
2023,2021,True,IN,35755,US HEALTH AND LIFE INSURANCE COMPANY,,,,,,,,,,,,,,,,,,,,,,,,,left_only,,,,,,left_only
2023,2021,True,IN,54192,"CareSource Indiana, Inc.",3761608.0,820029.0,111.0,17.0,0.0,0.0,,,,,3761608.0,820029.0,0.2179995895372404,,0.0001353610664988,0.1531531531531531,,,,11.0,2.0,1.0,1.0,0.0,both,410.67,434.25187165775407,283.51,11.0,17.0,both
2023,2021,True,IN,76179,Celtic Insurance Company,456944.0,174499.0,726.0,263.0,36.0,,,,,,456944.0,174499.0,0.3818826814664379,,0.0041604822950274,0.3622589531680441,,,,24.0,2.0,1.0,1.0,12.0,both,473.71,478.84936274509806,290.51,24.0,17.0,both
2023,2021,True,IN,94419,Cigna Health and Life Insurance Company,,,,,,,,,,,,,,,,,,,,,,,,,left_only,,,,,,left_only
2023,2021,True,KS,18558,"Blue Cross and Blue Shield of Kansas, Inc.",1894345.0,229743.0,224.0,59.0,72.0,25.0,,,,,1894345.0,229743.0,0.121278331032626,,0.0009750025027966,0.2633928571428571,0.3472222222222222,,,6.0,1.0,1.0,1.0,1.0,both,511.215,485.32642857142855,369.97,6.0,7.0,both
2023,2021,True,KS,32542,US Health and Life Insurance Company,,,,,,,,,,,,,,,,,,,,,,,,,left_only,,,,,,left_only
2023,2021,True,KS,34368,Celtic Insurance Company,,,,,,,,,,,,,,,,,,,,,,,,,left_only,,,,,,left_only
2023,2021,True,KS,39520,Medica Insurance Company,215860.0,42384.0,95.0,55.0,0.0,0.0,,,,,215860.0,42384.0,0.1963494857778189,,0.0022414118535296,0.5789473684210527,,,,24.0,3.0,4.0,3.0,4.0,both,528.72,532.7078571428572,243.7,24.0,7.0,both
2023,2021,True,KS,43490,Oscar Insurance Company,19822.0,1244.0,,,0.0,0.0,,,,,19822.0,1244.0,0.062758551104833,,,,,,,12.0,1.0,1.0,1.0,5.0,both,450.08,434.3033333333333,314.69,12.0,1.0,both
2023,2021,True,KS,76763,Cigna Health and Life Insurance Company,105888.0,12661.0,21.0,,,0.0,,,,,105888.0,12661.0,0.1195697340586279,,0.0016586367585498,,,,,16.0,1.0,2.0,2.0,6.0,both,514.48,501.224375,403.99,16.0,2.0,both
2023,2021,True,KS,94248,Blue Cross and Blue Shield of Kansas City,97698.0,28030.0,34.0,22.0,0.0,0.0,,,,,97698.0,28030.0,0.2869045425699605,,0.001212986086336,0.6470588235294118,,,,6.0,1.0,4.0,1.0,6.0,both,556.4,533.905,376.14,6.0,1.0,both
2023,2021,True,KS,94968,UnitedHealthcare Insurance Company,,,,,,,,,,,,,,,,,,,,,,,,,left_only,,,,,,left_only
2023,2021,True,LA,19636,"HMO Louisiana, Inc.",4351415.0,629374.0,1577.0,550.0,108.0,33.0,,,,,4351415.0,629374.0,0.144636629694019,,0.0025056643585531,0.3487634749524413,0.3055555555555556,,,27.0,5.0,5.0,7.0,3.0,both,563.24,556.013768115942,379.35,27.0,8.0,both
2023,2021,True,LA,61604,Louisiana Healthcare Connections,,,,,,,,,,,,,,,,,,,,,,,,,left_only,,,,,,left_only
2023,2021,True,LA,67243,"Vantage Health Plan, Inc.",365025.0,88330.0,129.0,95.0,,0.0,,,,,365025.0,88330.0,0.2419834257927539,,0.0014604324691497,0.7364341085271318,,,,5.0,1.0,1.0,1.0,0.0,both,455.13,563.075,440.63,5.0,8.0,both
2023,2021,True,LA,69842,UnitedHealthcare Insurance Company,,,,,,,,,,,,,,,,,,,,,,,,,left_only,,,,,,left_only
2023,2021,True,LA,97176,Louisiana Health Service & Indemnity Company,308100.0,42387.0,95.0,36.0,,,,,,,308100.0,42387.0,0.1375754625121713,,0.0022412532144289,0.3789473684210526,,,,5.0,2.0,1.0,1.0,0.0,both,890.39,813.403,559.41,5.0,8.0,both
2023,2021,True,LA,98780,CHRISTUS Health Plan Louisiana,15654.0,1490.0,50.0,219.0,0.0,0.0,,,,,15654.0,1490.0,0.0951833397214769,,0.0335570469798657,4.38,,,,22.0,8.0,1.0,3.0,7.0,both,433.96,454.3445454545454,338.2,22.0,3.0,both
2023,2021,True,MI,15560,Blue Cross Blue Shield of Michigan Mutual Insurance Company,1235529.0,317708.0,269.0,111.0,30.0,,,,,,1235529.0,317708.0,0.257143296515096,,0.00084668941292,0.4126394052044609,,,,8.0,3.0,1.0,2.0,0.0,both,476.71,477.1202380952381,262.58,8.0,16.0,both
2023,2021,True,MI,29698,Priority Health,2522336.0,183482.0,109.0,18.0,18.0,,,,,,2522336.0,183482.0,0.0727428859596818,,0.0005940637228719,0.1651376146788991,,,,38.0,1.0,7.0,6.0,37.0,both,355.125,369.8220555555556,230.79,38.0,15.0,both
2023,2021,True,MI,40047,"Molina Healthcare of Michigan, Inc.",180358.0,40144.0,96.0,52.0,,,,,,,180358.0,40144.0,0.2225795362556692,,0.0023913909924272,0.5416666666666666,,,,11.0,3.0,1.0,1.0,3.0,both,314.43,309.3181818181818,259.11,11.0,4.0,both
2023,2021,True,MI,58594,"Meridian Health Plan of Michigan, Inc.",70673.0,34424.0,77.0,52.0,0.0,0.0,,,,,70673.0,34424.0,0.4870884213207307,,0.0022368115268417,0.6753246753246753,,,,16.0,2.0,1.0,1.0,15.0,both,362.91,366.8378409090909,222.88,16.0,11.0,both
2023,2021,True,MI,58996,US HEALTH AND LIFE INSURANCE COMPANY,,,,,,,,,,,,,,,,,,,,,,,,,left_only,,,,,,left_only
2023,2021,True,MI,60829,Physicians Health Plan,118674.0,32569.0,35.0,11.0,0.0,0.0,,,,,118674.0,32569.0,0.2744409053373106,,0.0010746415302895,0.3142857142857143,,,,14.0,4.0,2.0,2.0,0.0,both,386.16,408.9632692307693,244.23,14.0,5.0,both
2023,2021,True,MI,71667,"UnitedHealthcare Community Plan, Inc.",,,,,,,,,,,,,,,,,,,,,,,,,left_only,,,,,,left_only
2023,2021,True,MI,74917,McLaren Health Plan Community,135089.0,27905.0,64.0,56.0,0.0,0.0,,,,,135089.0,27905.0,0.2065675221520627,,0.002293495789285,0.875,,,,5.0,1.0,1.0,1.0,0.0,both,344.78,357.8857333333333,229.63,5.0,15.0,both
2023,2021,True,MI,77739,Oscar Insurance Company,28220.0,764.0,,,0.0,0.0,,,,,28220.0,764.0,0.0270729978738483,,,,,,,13.0,1.0,1.0,1.0,6.0,both,346.16,322.7415384615385,234.43,13.0,1.0,both
2023,2021,True,MI,98185,Blue Care Network of Michigan,3492808.0,962052.0,295.0,260.0,,,,,,,3492808.0,962052.0,0.2754379857123552,,0.0003066362317213,0.8813559322033898,,,,17.0,3.0,3.0,4.0,1.0,both,413.5,397.3985365853658,199.65,17.0,16.0,both
2023,2021,True,MO,32753,Healthy Alliance Life Co(Anthem BCBS),1380403.0,191605.0,91.0,28.0,0.0,0.0,,,,,1380403.0,191605.0,0.1388036682041404,,0.0004749354140027,0.3076923076923077,,,,15.0,1.0,1.0,1.0,0.0,both,603.39,611.3854444444445,274.81,15.0,6.0,both
2023,2021,True,MO,34762,Blue Cross and Blue Shield of Kansas City,190430.0,49240.0,77.0,41.0,,0.0,,,,,190430.0,49240.0,0.2585727038806911,,0.0015637692932575,0.5324675324675324,,,,12.0,1.0,5.0,2.0,12.0,both,628.33,605.7175000000001,400.94,12.0,3.0,both
2023,2021,True,MO,47840,SSM Health Insurance Company,328852.0,69382.0,53.0,24.0,0.0,0.0,,,,,328852.0,69382.0,0.2109824480313332,,0.0007638868870888,0.4528301886792453,,,,10.0,1.0,1.0,1.0,0.0,both,447.1,393.283,261.83,10.0,1.0,both
2023,2021,True,MO,48161,Aetna Life Insurance Company,,,,,,,,,,,,,,,,,,,,,,,,,left_only,,,,,,left_only
2023,2021,True,MO,53461,Medica Insurance Company,671235.0,113397.0,292.0,165.0,,0.0,,,,,671235.0,113397.0,0.1689378533598516,,0.002575024030618,0.565068493150685,,,,26.0,3.0,4.0,3.0,20.0,both,389.03,414.89025974025975,221.34,26.0,8.0,both
2023,2021,True,MO,69512,Oscar Insurance Company,19070.0,966.0,,,0.0,0.0,,,,,19070.0,966.0,0.0506554798112218,,,,,,,12.0,1.0,1.0,1.0,5.0,both,482.64,470.9041666666667,336.33,12.0,1.0,both
2023,2021,True,MO,74483,Cigna Health and Life Insurance Company,2505793.0,352949.0,399.0,161.0,,0.0,,,,,2505793.0,352949.0,0.1408532149303633,,0.0011304749411388,0.4035087719298245,,,,23.0,1.0,2.0,3.0,13.0,both,483.095,499.79125,331.63,23.0,4.0,both
2023,2021,True,MO,95426,UnitedHealthcare Insurance Company,,,,,,,,,,,,,,,,,,,,,,,,,left_only,,,,,,left_only
2023,2021,True,MO,96384,Cox Health Systems Insurance Company,8910.0,1978.0,0.0,0.0,0.0,0.0,,,,,8910.0,1978.0,0.2219977553310886,,0.0,,,,,7.0,1.0,1.0,1.0,2.0,both,547.0,550.4285714285714,466.0,7.0,1.0,both
2023,2021,True,MO,99723,Celtic Insurance Company,1069251.0,402664.0,1387.0,699.0,28.0,,,,,,1069251.0,402664.0,0.3765851049005331,,0.0034445592354916,0.5039653929343908,,,,32.0,2.0,1.0,2.0,18.0,both,504.265,521.9873125,385.56,32.0,9.0,both
2023,2021,True,MS,14624,"Vantage Health Plan of Mississippi, Inc.",,,,,,,,,,,,,,,,,,,,,,,,,left_only,,,,,,left_only
2023,2021,True,MS,56766,Cigna Health and Life Insurance Company,,,,,,,,,,,,,,,,,,,,,,,,,left_only,,,,,,left_only
2023,2021,True,MS,79975,"Molina Healthcare of Mississippi, Inc",344007.0,83409.0,53.0,17.0,,,,,,,344007.0,83409.0,0.2424630894138782,,0.0006354230358834,0.320754716981132,,,,11.0,3.0,1.0,1.0,5.0,both,457.395,459.1165151515152,396.85,11.0,6.0,both
2023,2021,True,MS,90714,Ambetter of Magnolia Inc.,1067870.0,453813.0,383.0,207.0,,,,,,,1067870.0,453813.0,0.4249702679165067,,0.0008439599570748,0.5404699738903395,,,,22.0,2.0,1.0,2.0,6.0,both,495.25,516.725303030303,391.58,22.0,6.0,both
2023,2021,True,MS,97560,"UnitedHealthcare of Mississippi, Inc.",,,,,,,,,,,,,,,,,,,,,,,,,left_only,,,,,,left_only
2023,2021,True,MT,23603,PacificSource Health Plans,159163.0,7918.0,288.0,105.0,,0.0,,,,,159163.0,7918.0,0.0497477428799406,,0.0363728214195503,0.3645833333333333,,,,10.0,1.0,2.0,2.0,0.0,both,503.5,479.0,355.0,10.0,4.0,both
2023,2021,True,MT,30751,Blue Cross and Blue Shield of Montana,684257.0,94689.0,129.0,45.0,,,,,,,684257.0,94689.0,0.1383822160387106,,0.0013623546557678,0.3488372093023256,,,,34.0,2.0,2.0,6.0,0.0,both,435.33,449.74764705882353,270.32,34.0,4.0,both
2023,2021,True,MT,32225,Montana Health Cooperative,536004.0,29883.0,1277.0,340.0,,0.0,,,,,536004.0,29883.0,0.0557514496160476,,0.0427333266405648,0.2662490211433046,,,,10.0,2.0,2.0,1.0,0.0,both,401.035,411.36,265.88,10.0,4.0,both
2023,2021,True,NC,11512,Blue Cross and Blue Shield of NC,21053385.0,2885751.0,1254.0,517.0,33.0,16.0,,,,,21053385.0,2885751.0,0.1370682671693886,,0.0004345489267785,0.4122807017543859,0.4848484848484848,,,88.0,6.0,6.0,13.0,21.0,both,446.01,451.6726486486487,209.9,88.0,16.0,both
2023,2021,True,NC,13591,CareSource North Carolina Co.,,,,,,,,,,,,,,,,,,,,,,,,,left_only,,,,,,left_only
2023,2021,True,NC,17414,"AmeriHealth Caritas North Carolina, Inc.",,,,,,,,,,,,,,,,,,,,,,,,,left_only,,,,,,left_only
2023,2021,True,NC,37900,Bright Health Company of North Carolina,4055811.0,124211.0,426.0,16.0,,0.0,,,,,4055811.0,124211.0,0.0306254408797648,,0.0034296479377832,0.0375586854460093,,,,52.0,1.0,4.0,5.0,36.0,both,422.48,411.760843373494,202.25,52.0,7.0,both
2023,2021,True,NC,44007,Celtic Insurance Company,,,,,,,,,,,,,,,,,,,,,,,,,left_only,,,,,,left_only
2023,2021,True,NC,54332,"UnitedHealthcare of North Carolina, Inc",,,,,,,,,,,,,,,,,,,,,,,,,left_only,,,,,,left_only
2023,2021,True,NC,61671,Aetna Health Inc. (a PA corp.),,,,,,,,,,,,,,,,,,,,,,,,,left_only,,,,,,left_only
2023,2021,True,NC,69803,"Oscar Health Plan of North Carolina, Inc",2966.0,140.0,0.0,0.0,0.0,0.0,,,,,2966.0,140.0,0.0472016183412002,,0.0,,,,,10.0,1.0,1.0,1.0,10.0,both,602.89,575.1859999999999,403.98,10.0,1.0,both
2023,2021,True,NC,73943,"Cigna HealthCare of North Carolina, Inc.",989870.0,129812.0,103.0,23.0,0.0,0.0,,,,,989870.0,129812.0,0.1311404527867295,,0.0007934551505253,0.2233009708737864,,,,16.0,1.0,2.0,2.0,11.0,both,583.9549999999999,589.671875,371.45,16.0,10.0,both
2023,2021,True,NC,77264,Ambetter of North Carolina Inc.,344608.0,155864.0,321.0,222.0,,,,,,,344608.0,155864.0,0.4522936205775838,,0.0020594877585587,0.6915887850467289,,,,21.0,2.0,1.0,1.0,16.0,both,533.89,523.621216931217,339.15,21.0,9.0,both
2023,2021,True,NC,77320,Friday Health Plans of North Carolina Inc,,,,,,,,,,,,,,,,,,,,,,,,,left_only,,,,,,left_only
2023,2021,True,ND,37160,Blue Cross Blue Shield of North Dakota,404244.0,50258.0,77.0,29.0,33.0,,,,,,404244.0,50258.0,0.1243259021778925,,0.0015320943929324,0.3766233766233766,,,,8.0,2.0,2.0,1.0,1.0,both,481.715,424.3525,194.2,8.0,4.0,both
2023,2021,True,ND,73751,Medica Health Plans,45251.0,4752.0,17.0,,0.0,0.0,,,,,45251.0,4752.0,0.1050142538286446,,0.003577441077441,,,,,14.0,2.0,2.0,3.0,2.0,both,395.36,385.426,233.06,14.0,3.0,both
2023,2021,True,ND,89364,Sanford Health Plan,1423955.0,22926.0,131.0,79.0,,,,,,,1423955.0,22926.0,0.0161002278864149,,0.0057140364651487,0.6030534351145038,,,,16.0,2.0,2.0,2.0,0.0,both,344.525,359.2475,153.53,16.0,4.0,both
2023,2021,True,NE,20305,Medica Insurance Company,2535166.0,290195.0,836.0,429.0,,,,,,,2535166.0,290195.0,0.1144678494426006,,0.0028808215165664,0.5131578947368421,,,,23.0,3.0,3.0,6.0,4.0,both,514.75,511.8664516129032,259.76,23.0,4.0,both
2023,2021,True,NE,26289,"Nebraska Total Care, Inc.",,,,,,,,,,,,,,,,,,,,,,,,,left_only,,,,,,left_only
2023,2021,True,NE,29678,Blue Cross and Blue Shield of Nebraska,,,,,,,,,,,,,,,,,,,,,,,,,left_only,,,,,,left_only
2023,2021,True,NE,57424,Oscar Insurance Company,,,,,,,,,,,,,,,,,,,,,,,,,left_only,,,,,,left_only
2023,2021,True,NE,83653,Bright Health Insurance Company,770610.0,48497.0,74.0,,0.0,0.0,,,,,770610.0,48497.0,0.0629332606636301,,0.0015258675794379,,,,,22.0,1.0,2.0,2.0,6.0,both,583.19,612.1263636363636,298.58,22.0,4.0,both
2023,2021,True,NH,59025,Harvard Pilgrim Health Care of NE,244687.0,56220.0,80.0,44.0,0.0,0.0,,,,,244687.0,56220.0,0.2297629216100569,,0.0014229811454998,0.55,,,,12.0,1.0,2.0,2.0,12.0,both,371.84,360.21416666666664,199.12,12.0,1.0,both
2023,2021,True,NH,75841,Celtic Insurance Company,278880.0,93069.0,266.0,174.0,0.0,0.0,,,,,278880.0,93069.0,0.333724182444062,,0.0028580945320138,0.6541353383458647,,,,13.0,2.0,1.0,1.0,10.0,both,335.55,325.18615384615384,247.2,13.0,1.0,both
2023,2021,True,NH,96751,Matthew Thornton Hlth Plan(Anthem BCBS),912964.0,115319.0,165.0,67.0,0.0,0.0,,,,,912964.0,115319.0,0.1263127571295253,,0.0014308136560323,0.406060606060606,,,,10.0,1.0,1.0,1.0,0.0,both,311.58,319.194,176.9,10.0,1.0,both
2023,2021,True,OH,28162,AultCare Insurance Company,215616.0,22006.0,51.0,28.0,,,,,,,215616.0,22006.0,0.10206107153458,,0.0023175497591565,0.5490196078431373,,,,37.0,1.0,2.0,2.0,4.0,both,430.18,462.93,246.77,37.0,3.0,both
2023,2021,True,OH,29276,Community Insurance Company(Anthem BCBS),470047.0,73728.0,154.0,56.0,0.0,0.0,,,,,470047.0,73728.0,0.1568523998663963,,0.0020887586805555,0.3636363636363636,,,,17.0,1.0,1.0,1.0,0.0,both,482.225,482.53908088235295,247.34,17.0,16.0,both
2023,2021,True,OH,29341,Oscar Buckeye State Insurance Corp.,135743.0,4594.0,30.0,29.0,,,,,,,135743.0,4594.0,0.033843365772084,,0.0065302568567696,0.9666666666666668,,,,14.0,1.0,1.0,1.0,6.0,both,383.86,370.66,253.52,14.0,2.0,both
2023,2021,True,OH,33931,"UnitedHealthcare of Ohio, Inc.",,,,,,,,,,,,,,,,,,,,,,,,,left_only,,,,,,left_only
2023,2021,True,OH,41047,Buckeye Community Health Plan,756000.0,318183.0,1614.0,1109.0,,,,,,,756000.0,318183.0,0.4208769841269841,,0.0050725525876618,0.6871127633209417,,,,19.0,2.0,1.0,1.0,9.0,both,365.26,357.0697165991903,241.66,19.0,13.0,both
2023,2021,True,OH,45845,Oscar Insurance Corporation of Ohio,283069.0,7956.0,72.0,69.0,0.0,0.0,,,,,283069.0,7956.0,0.0281062214513069,,0.0090497737556561,0.9583333333333334,,,,12.0,1.0,1.0,1.0,4.0,both,483.96,460.61800000000005,286.17,12.0,5.0,both
2023,2021,True,OH,46400,Sidecar Health Insurance Company,,,,,,,,,,,,,,,,,,,,,,,,,left_only,,,,,,left_only
2023,2021,True,OH,52664,"Summa Insurance Company, Inc.",72669.0,15668.0,36.0,27.0,,,,,,,72669.0,15668.0,0.215607755714266,,0.0022976767934643,0.75,,,,8.0,1.0,1.0,1.0,0.0,both,462.625,454.6675,294.98,8.0,2.0,both
2023,2021,True,OH,64353,"Molina Healthcare of Ohio, Inc.",412168.0,88629.0,250.0,65.0,,,,,,,412168.0,88629.0,0.2150312493934512,,0.0028207471595076,0.26,,,,11.0,3.0,1.0,2.0,3.0,both,357.12,358.5519393939394,269.4,11.0,15.0,both
2023,2021,True,OH,74313,Paramount Insurance Company,115366.0,27857.0,30.0,25.0,,0.0,,,,,115366.0,27857.0,0.2414662898947696,,0.0010769285996338,0.8333333333333334,,,,9.0,1.0,1.0,2.0,0.0,both,562.8599999999999,553.5688888888889,351.08,9.0,2.0,both
2023,2021,True,OH,77552,"CareSource Ohio, Inc.",2365974.0,517465.0,720.0,336.0,11.0,,,,,,2365974.0,517465.0,0.2187111946285124,,0.0013913984520692,0.4666666666666667,,,,11.0,2.0,1.0,1.0,0.0,both,481.445,472.94107954545456,271.1,11.0,16.0,both
2023,2021,True,OH,99969,Medical Health Insuring Corp. of Ohio,968903.0,179714.0,761.0,438.0,14.0,,,,,,968903.0,179714.0,0.1854819316278306,,0.0042345059372113,0.5755584756898817,,,,99.0,1.0,5.0,11.0,51.0,both,440.55,444.4243111111112,187.61,99.0,17.0,both
2023,2021,True,OK,21333,Medica Insurance Company,499199.0,92370.0,158.0,71.0,0.0,0.0,,,,,499199.0,92370.0,0.1850364283582299,,0.0017105120710187,0.4493670886075949,,,,25.0,3.0,3.0,4.0,12.0,both,491.66,530.1848571428571,249.76,25.0,5.0,both
2023,2021,True,OK,45480,"UnitedHealthcare of Oklahoma, Inc.",,,,,,,,,,,,,,,,,,,,,,,,,left_only,,,,,,left_only
2023,2021,True,OK,62505,Celtic Insurance Company,,,,,,,,,,,,,,,,,,,,,,,,,left_only,,,,,,left_only
2023,2021,True,OK,87571,Blue Cross Blue Shield of Oklahoma,8408622.0,1365329.0,880.0,230.0,44.0,13.0,,,,,8408622.0,1365329.0,0.1623725028904855,,0.0006445332956379,0.2613636363636363,0.2954545454545454,,,41.0,2.0,2.0,11.0,1.0,both,506.43,503.1729268292683,366.78,41.0,5.0,both
2023,2021,True,OK,91538,Friday Health Plans of Oklahoma Inc,,,,,,,,,,,,,,,,,,,,,,,,,left_only,,,,,,left_only
2023,2021,True,OK,91908,Oscar Insurance Company,9570.0,485.0,,,0.0,0.0,,,,,9570.0,485.0,0.0506792058516196,,,,,,,11.0,1.0,1.0,1.0,11.0,both,494.82,455.97909090909087,313.51,11.0,1.0,both
2023,2021,True,OK,98905,CommunityCare HMO Inc.,69035.0,3814.0,66.0,44.0,0.0,0.0,,,,,69035.0,3814.0,0.055247338306656,,0.0173046670162559,0.6666666666666666,,,,2.0,1.0,1.0,1.0,2.0,both,482.11,482.11,471.08,2.0,2.0,both
2023,2021,True,OR,10091,PacificSource Health Plans,118161.0,7650.0,666.0,183.0,,0.0,,,,,118161.0,7650.0,0.0647421738136948,,0.0870588235294117,0.2747747747747748,,,,18.0,3.0,2.0,2.0,2.0,both,479.0,439.2888888888889,237.0,18.0,5.0,both
2023,2021,True,OR,39424,"Moda Health Plan, Inc.",701483.0,28547.0,161.0,54.0,11.0,,,,,,701483.0,28547.0,0.0406952128561918,,0.0056398220478509,0.3354037267080745,,,,18.0,3.0,2.0,2.0,6.0,both,491.0,488.15,338.0,18.0,7.0,both
2023,2021,True,OR,56707,Providence Health Plan,818872.0,52609.0,421.0,228.0,24.0,,,,,,818872.0,52609.0,0.0642456940767299,,0.0080024330437757,0.5415676959619953,,,,11.0,9.0,3.0,3.0,11.0,both,456.0,474.28,309.0,11.0,7.0,both
2023,2021,True,OR,63474,BridgeSpan Health Company,7760.0,1551.0,142.0,24.0,,,,,,,7760.0,1551.0,0.1998711340206185,,0.0915538362346873,0.1690140845070422,,,,9.0,1.0,3.0,2.0,3.0,both,510.64,503.05185185185184,338.55,9.0,7.0,both
2023,2021,True,OR,71287,Kaiser Foundation Healthplan of the NW,87219.0,6088.0,44.0,18.0,0.0,0.0,,,,,87219.0,6088.0,0.0698013047615771,,0.007227332457293,0.4090909090909091,,,,10.0,1.0,1.0,1.0,1.0,both,417.0,383.3,298.0,10.0,5.0,both
2023,2021,True,OR,77969,Regence BlueCross BlueShield of Oregon,266472.0,43160.0,,,0.0,0.0,,,,,266472.0,43160.0,0.1619682368128734,,,,,,,24.0,2.0,3.0,2.0,11.0,both,416.735,437.46,307.24,24.0,7.0,both
2023,2021,True,SC,26065,Blue Cross and Blue Shield of South Carolina,10058921.0,1741311.0,2580.0,1024.0,344.0,114.0,,,,,10058921.0,1741311.0,0.1731111120168853,,0.0014816422798684,0.3968992248062015,0.3313953488372093,,,26.0,4.0,3.0,3.0,6.0,both,523.765,479.377135193133,200.92,26.0,46.0,both
2023,2021,True,SC,42326,"MOLINA HEALTHCARE OF SOUTH CAROLINA, INC",307727.0,78874.0,573.0,271.0,,,,,,,307727.0,78874.0,0.2563116008670022,,0.0072647513756117,0.4729493891797556,,,,11.0,3.0,1.0,1.0,3.0,both,417.31,415.4998347107438,284.59,11.0,33.0,both
2023,2021,True,SC,73033,"Cigna HealthCare of South Carolina, Inc.",,,,,,,,,,,,,,,,,,,,,,,,,left_only,,,,,,left_only
2023,2021,True,SC,73107,Select Health of South Carolina,,,,,,,,,,,,,,,,,,,,,,,,,left_only,,,,,,left_only
2023,2021,True,SC,79222,"Absolute Total Care, Inc",135504.0,65456.0,269.0,190.0,,,,,,,135504.0,65456.0,0.4830558507497933,,0.0041096308970911,0.7063197026022305,,,,21.0,2.0,1.0,1.0,13.0,both,461.08,464.89123809523807,294.97,21.0,30.0,both
2023,2021,True,SD,31195,Sanford Health Plan,559600.0,30248.0,181.0,124.0,,0.0,,,,,559600.0,30248.0,0.0540528949249463,,0.0059838667019307,0.6850828729281768,,,,16.0,2.0,2.0,2.0,0.0,both,493.54,508.3002083333333,235.05,16.0,4.0,both
2023,2021,True,SD,50305,Wellmark of South Dakota,,,,,,,,,,,,,,,,,,,,,,,,,left_only,,,,,,left_only
2023,2021,True,SD,60536,"Avera Health Plans, Inc.",217218.0,14284.0,105.0,49.0,,,,,,,217218.0,14284.0,0.0657588229336427,,0.0073508821058527,0.4666666666666667,,,,11.0,2.0,1.0,2.0,1.0,both,536.4449999999999,537.02,252.29,11.0,4.0,both
2023,2021,True,TN,14002,BlueCross BlueShield of Tennessee,5035548.0,976246.0,142.0,44.0,,0.0,,,,,5035548.0,976246.0,0.1938708557638612,,0.0001454551414295,0.3098591549295774,,,,54.0,1.0,2.0,8.0,8.0,both,520.575,538.1774074074075,295.37,54.0,8.0,both
2023,2021,True,TN,23552,Oscar Insurance Company,62920.0,4388.0,,,0.0,0.0,,,,,62920.0,4388.0,0.0697393515575333,,,,,,,13.0,1.0,1.0,1.0,5.0,both,515.28,499.7057692307693,319.01,13.0,2.0,both
2023,2021,True,TN,31663,US Health and Life Insurance Company,,,,,,,,,,,,,,,,,,,,,,,,,left_only,,,,,,left_only
2023,2021,True,TN,69443,UnitedHealthcare Insurance Company,58971.0,14754.0,669.0,205.0,0.0,0.0,,,,,58971.0,14754.0,0.2501907717352597,,0.0453436356242374,0.3064275037369208,,,,7.0,1.0,1.0,1.0,7.0,both,515.32,541.41,384.31,7.0,5.0,both
2023,2021,True,TN,70111,Celtic Insurance Company,311295.0,138855.0,311.0,220.0,,,,,,,311295.0,138855.0,0.4460559919047848,,0.0022397464981455,0.707395498392283,,,,19.0,2.0,1.0,1.0,14.0,both,488.27,481.3185714285714,330.33,19.0,7.0,both
2023,2021,True,TN,97906,Bright Health Insurance Company of Tennessee,708193.0,33009.0,111.0,,0.0,0.0,,,,,708193.0,33009.0,0.0466101754747646,,0.003362719258384,,,,,32.0,1.0,3.0,3.0,3.0,both,439.715,441.565,317.99,32.0,3.0,both
2023,2021,True,TN,99248,Cigna Health and Life Insurance Company,5019524.0,843930.0,569.0,215.0,19.0,,,,,,5019524.0,843930.0,0.1681294879753538,,0.0006742265353761,0.3778558875219683,,,,48.0,1.0,3.0,6.0,18.0,both,436.33,449.4114583333333,358.09,48.0,6.0,both
2023,2021,True,TX,17933,"Moda Health Plan, Inc.",,,,,,,,,,,,,,,,,,,,,,,,,left_only,,,,,,left_only
2023,2021,True,TX,20069,Oscar Insurance Company,1371176.0,58098.0,152.0,127.0,,,,,,,1371176.0,58098.0,0.0423709283126309,,0.0026162690626183,0.8355263157894737,,,,13.0,1.0,1.0,1.0,5.0,both,413.9,410.5990769230769,264.5,13.0,5.0,both
2023,2021,True,TX,26539,"SHA, LLC DBA FirstCare Health Plans",685473.0,132970.0,318.0,214.0,11.0,,,,,,685473.0,132970.0,0.1939828410455262,,0.0023915168835075,0.6729559748427673,,,,9.0,1.0,1.0,1.0,2.0,both,580.75,568.236388888889,448.92,9.0,8.0,both
2023,2021,True,TX,27248,"Community Health Choice, Inc.",4830305.0,910712.0,567.0,166.0,28.0,,,,,,4830305.0,910712.0,0.1885413032924422,,0.0006225897978724,0.2927689594356261,,,,9.0,1.0,2.0,1.0,4.0,both,491.71,483.43185185185183,379.96,9.0,3.0,both
2023,2021,True,TX,29418,Celtic Insurance Company,699994.0,304489.0,2864.0,2107.0,432.0,370.0,,,,,699994.0,304489.0,0.4349880141829787,,0.0094059227098515,0.7356843575418994,0.8564814814814815,,,68.0,3.0,1.0,2.0,43.0,both,483.7,503.0311519607843,357.77,68.0,20.0,both
2023,2021,True,TX,33602,Blue Cross Blue Shield of Texas,21896395.0,4403824.0,6368.0,2475.0,109.0,41.0,,,,,21896395.0,4403824.0,0.2011209607791602,,0.0014460160079058,0.3886620603015075,0.3761467889908257,,,240.0,3.0,2.0,28.0,0.0,both,434.555,455.8931666666667,286.37,240.0,26.0,both
2023,2021,True,TX,34826,"Imperial Insurance Companies, Inc.",,,,,,,,,,,,,,,,,,,,,,,,,left_only,,,,,,left_only
2023,2021,True,TX,40220,"UnitedHealthcare of Texas, Inc.",,,,,,,,,,,,,,,,,,,,,,,,,left_only,,,,,,left_only
2023,2021,True,TX,40788,Scott and White Health Plan,1824230.0,426208.0,473.0,326.0,15.0,,,,,,1824230.0,426208.0,0.2336372058347905,,0.0011097867707785,0.6892177589852009,,,,8.0,1.0,1.0,1.0,8.0,both,452.81,441.42604166666666,375.86,8.0,6.0,both
2023,2021,True,TX,45786,"Molina Healthcare of Texas, Inc.",3102895.0,798433.0,2993.0,1959.0,102.0,41.0,,,,,3102895.0,798433.0,0.257318729766879,,0.0037485925556684,0.6545272302038089,0.4019607843137255,,,13.0,3.0,1.0,1.0,3.0,both,413.18,380.7165811965812,277.16,13.0,9.0,both
2023,2021,True,TX,54837,Friday Health Insurance Company Inc,283660.0,53576.0,,,,0.0,,,,,283660.0,53576.0,0.1888740040894028,,,,,,,6.0,1.0,1.0,1.0,6.0,both,317.41,336.0255555555556,236.46,6.0,6.0,both
2023,2021,True,TX,57125,US HEALTH AND LIFE INSURANCE COMPANY,,,,,,,,,,,,,,,,,,,,,,,,,left_only,,,,,,left_only
2023,2021,True,TX,58840,Aetna Health Inc.  (a TX corp.),,,,,,,,,,,,,,,,,,,,,,,,,left_only,,,,,,left_only
2023,2021,True,TX,63251,Community First Insurance Plans,,,,,,,,,,,,,,,,,,,,,,,,,left_only,,,,,,left_only
2023,2021,True,TX,66252,CHRISTUS Health Plan,236560.0,16861.0,4275.0,1312.0,0.0,0.0,,,,,236560.0,16861.0,0.0712757862698681,,0.2535436806832335,0.3069005847953216,,,,62.0,9.0,1.0,7.0,20.0,both,432.375,421.83516129032256,248.19,62.0,7.0,both
2023,2021,True,TX,71837,"Sendero Health Plans, Inc.",325379.0,95994.0,43.0,38.0,0.0,0.0,,,,,325379.0,95994.0,0.2950221126747577,,0.0004479446632081,0.8837209302325582,,,,4.0,1.0,1.0,1.0,0.0,both,473.755,481.485,381.0,4.0,2.0,both
2023,2021,True,TX,76589,"Cigna HealthCare of Texas, Inc.",,,,,,,,,,,,,,,,,,,,,,,,,left_only,,,,,,left_only
2023,2021,True,TX,87226,Superior Health Plan,,,,,,,,,,,,,,,,,,,,,,,,,left_only,,,,,,left_only
2023,2021,True,TX,98312,Bright HealthCare Insurance Company of Texas,,,,,,,,,,,,,,,,,,,,,,,,,left_only,,,,,,left_only
2023,2021,True,UT,18167,Molina Healthcare of Utah,74793.0,19994.0,142.0,88.0,0.0,0.0,,,,,74793.0,19994.0,0.2673244822376425,,0.0071021306391917,0.6197183098591549,,,,11.0,3.0,1.0,1.0,3.0,both,452.3,429.5563636363636,315.96,11.0,5.0,both
2023,2021,True,UT,22013,Regence BlueCross BlueShield of Utah,289826.0,58979.0,77.0,,,,,,,,289826.0,58979.0,0.2034979608454728,,0.0013055494328489,,,,,7.0,1.0,1.0,1.0,3.0,both,462.15,462.47,331.39,7.0,5.0,both
2023,2021,True,UT,34541,BridgeSpan Health Company,951.0,274.0,,0.0,0.0,0.0,,,,,951.0,274.0,0.288117770767613,,,,,,,3.0,1.0,1.0,1.0,3.0,both,512.65,508.654,338.6,3.0,5.0,both
2023,2021,True,UT,42261,University of Utah Health Insurance Plans,511968.0,114328.0,538.0,258.0,,,,,,,511968.0,114328.0,0.2233108319269954,,0.0047057588692183,0.4795539033457249,,,,14.0,2.0,2.0,2.0,2.0,both,523.81,546.4335714285714,324.08,14.0,6.0,both
2023,2021,True,UT,68781,SelectHealth,9043157.0,1168720.0,3276.0,1098.0,28.0,17.0,,,,,9043157.0,1168720.0,0.1292380525960126,,0.0028030666027791,0.3351648351648351,0.6071428571428571,,,26.0,3.0,2.0,2.0,6.0,both,390.86,418.6794871794872,240.67,26.0,6.0,both
2023,2021,True,UT,81808,Cigna Health and Life Insurance Company,165596.0,28755.0,27.0,12.0,,0.0,,,,,165596.0,28755.0,0.1736454986835431,,0.0009389671361502,0.4444444444444444,,,,8.0,1.0,1.0,1.0,2.0,both,463.27,450.785,359.48,8.0,3.0,both
2023,2021,True,VA,10207,"CareFirst BlueChoice, Inc.",57518.0,1736.0,39.0,25.0,,0.0,,,,,57518.0,1736.0,0.0301818561146076,,0.0224654377880184,0.6410256410256411,,,,3.0,1.0,2.0,1.0,0.0,both,573.76,469.77333333333337,237.61,3.0,1.0,both
2023,2021,True,VA,20507,Optima Health Plan,872033.0,250857.0,165.0,96.0,96.0,54.0,,,,,872033.0,250857.0,0.287669159309338,,0.0006577452492854,0.5818181818181818,0.5625,,,15.0,1.0,3.0,3.0,0.0,both,520.43,477.9620930232558,326.01,15.0,5.0,both
2023,2021,True,VA,24251,"Optimum Choice, Inc.",47651.0,20263.0,674.0,386.0,0.0,0.0,,,,,47651.0,20263.0,0.4252376655264318,,0.033262596851404,0.5727002967359051,,,,7.0,1.0,1.0,1.0,7.0,both,501.855,479.4592857142857,386.59,7.0,2.0,both
2023,2021,True,VA,25922,Oscar Insurance Company,6613.0,610.0,,,0.0,0.0,,,,,6613.0,610.0,0.0922425525480114,,,,,,,11.0,1.0,1.0,1.0,5.0,both,466.1,477.0736363636363,336.36,11.0,1.0,both
2023,2021,True,VA,37204,"Piedmont Community HealthCare HMO, Inc.",104805.0,18799.0,79.0,32.0,,0.0,,,,,104805.0,18799.0,0.1793712132054768,,0.004202351188893,0.4050632911392405,,,,5.0,1.0,1.0,1.0,0.0,both,472.525,489.916,398.73,5.0,4.0,both
2023,2021,True,VA,38234,Aetna Life Insurance Company,,,,,,,,,,,,,,,,,,,,,,,,,left_only,,,,,,left_only
2023,2021,True,VA,40308,Group Hospitalization and Medical Services Inc.,17760.0,681.0,,0.0,0.0,0.0,,,,,17760.0,681.0,0.0383445945945945,,,,,,,2.0,1.0,2.0,1.0,0.0,both,1358.415,1358.415,1349.34,2.0,1.0,both
2023,2021,True,VA,41921,Cigna Health and Life Insurance Company,2456029.0,323020.0,147.0,56.0,,,,,,,2456029.0,323020.0,0.1315212483240222,,0.0004550801807937,0.3809523809523809,,,,18.0,1.0,1.0,2.0,8.0,both,447.59,428.5274074074074,342.7,18.0,3.0,both
2023,2021,True,VA,86443,"Innovation Health Plan, Inc.",,,,,,,,,,,,,,,,,,,,,,,,,left_only,,,,,,left_only
2023,2021,True,VA,88380,"HealthKeepers, Inc.",5627954.0,887777.0,646.0,144.0,,,,,,,5627954.0,887777.0,0.1577441819886943,,0.0007276602119676,0.2229102167182662,,,,9.0,1.0,1.0,2.0,0.0,both,406.51,421.866,272.27,9.0,12.0,both
2023,2021,True,VA,93187,Aetna Health Inc. (a PA corp.),,,,,,,,,,,,,,,,,,,,,,,,,left_only,,,,,,left_only
2023,2021,True,VA,95185,"Kaiser Foundation Health Plan of the Mid-Atlantic States, Inc.",33749.0,4953.0,18.0,,0.0,0.0,,,,,33749.0,4953.0,0.1467599039971554,,0.003634161114476,,,,,11.0,1.0,1.0,1.0,4.0,both,518.0,482.6627272727273,290.3,11.0,3.0,both
2023,2021,True,WI,14630,Children's Community Health Plan ,202934.0,19062.0,357.0,185.0,12.0,,,,,,202934.0,19062.0,0.0939320173061192,,0.0187283600881334,0.5182072829131653,,,,7.0,1.0,1.0,1.0,0.0,both,429.03,422.6931428571429,276.37,7.0,5.0,both
2023,2021,True,WI,20173,HealthPartners Insurance Company,169135.0,11116.0,,,0.0,0.0,,,,,169135.0,11116.0,0.0657226475892038,,,,,,,13.0,1.0,2.0,2.0,7.0,both,467.86,443.75947368421055,282.12,13.0,6.0,both
2023,2021,True,WI,37833,Quartz Health Benefit Plans Corporation,697277.0,62653.0,169.0,77.0,28.0,,,,,,697277.0,62653.0,0.0898538170626594,,0.0026973967727004,0.4556213017751479,,,,46.0,3.0,2.0,2.0,12.0,both,462.355,442.8641304347826,231.73,46.0,7.0,both
2023,2021,True,WI,38166,"Security Health Plan of Wisconsin, Inc.",408351.0,44808.0,108.0,54.0,,0.0,,,,,408351.0,44808.0,0.1097291300866166,,0.0024102838778789,0.5,,,,16.0,2.0,2.0,2.0,9.0,both,526.29,529.927840909091,266.26,16.0,9.0,both
2023,2021,True,WI,38345,Dean Health Plan,1035815.0,126408.0,126.0,52.0,0.0,0.0,,,,,1035815.0,126408.0,0.1220372363790831,,0.0009967723561799,0.4126984126984127,,,,54.0,3.0,3.0,6.0,2.0,both,432.32,413.8977777777778,229.93,54.0,7.0,both
2023,2021,True,WI,52697,"Molina Healthcare of Wisconsin, Inc.",230821.0,51762.0,393.0,234.0,,,,,,,230821.0,51762.0,0.2242516928702327,,0.0075924423322128,0.5954198473282443,,,,11.0,3.0,1.0,1.0,3.0,both,414.06,423.8484848484849,322.39,11.0,9.0,both
2023,2021,True,WI,57845,Medica Community Health Plan,446021.0,45041.0,118.0,72.0,0.0,0.0,,,,,446021.0,45041.0,0.1009840343840312,,0.0026198352612064,0.6101694915254238,,,,14.0,2.0,2.0,3.0,2.0,both,506.4,493.0951020408163,227.37,14.0,6.0,both
2023,2021,True,WI,58326,"MercyCare HMO, Inc.",225044.0,22447.0,31.0,17.0,0.0,0.0,,,,,225044.0,22447.0,0.0997449387675299,,0.0013810308727224,0.5483870967741935,,,,9.0,1.0,1.0,1.0,0.0,both,370.77,356.8233333333333,273.94,9.0,1.0,both
2023,2021,True,WI,79475,Compcare Health Serv Ins Co(Anthem BCBS),87492.0,18994.0,36.0,26.0,0.0,0.0,,,,,87492.0,18994.0,0.2170941343208522,,0.0018953353690639,0.7222222222222222,,,,8.0,1.0,1.0,1.0,8.0,both,411.675,420.5958333333333,343.83,8.0,3.0,both
2023,2021,True,WI,81413,Network Health Plan,161833.0,17964.0,,,0.0,0.0,,,,,161833.0,17964.0,0.1110033182354649,,,,,,,16.0,2.0,2.0,2.0,0.0,both,676.065,601.10375,402.46,16.0,4.0,both
2023,2021,True,WI,86584,"Aspirus Health Plan, Inc.",238742.0,30590.0,0.0,0.0,,0.0,,,,,238742.0,30590.0,0.1281299478097695,,0.0,,,,,17.0,2.0,1.0,1.0,0.0,both,509.85,511.3517647058824,279.49,17.0,7.0,both
2023,2021,True,WI,87416,Common Ground Healthcare Cooperative,1969968.0,230792.0,193.0,62.0,,,,,,,1969968.0,230792.0,0.1171552025210561,,0.0008362508232521,0.3212435233160621,,,,9.0,1.0,1.0,1.0,2.0,both,407.56,420.6234920634921,229.7,9.0,7.0,both
2023,2021,True,WI,94529,Group Health Cooperative of South Central Wisconsin,78648.0,12468.0,,,0.0,0.0,,,,,78648.0,12468.0,0.1585291425083918,,,,,,,27.0,2.0,2.0,2.0,0.0,both,445.85,436.3707594936709,207.86,27.0,5.0,both
2023,2021,True,WV,31274,Highmark Blue Cross Blue Shield West Virginia,423005.0,40641.0,30.0,17.0,0.0,0.0,,,,,423005.0,40641.0,0.0960768785238945,,0.000738170812726,0.5666666666666667,,,,10.0,4.0,1.0,1.0,3.0,both,729.37,735.9098181818182,426.05,10.0,11.0,both
2023,2021,True,WV,50328,CareSource West Virginia Co.,460372.0,102459.0,20.0,,0.0,0.0,,,,,460372.0,102459.0,0.2225569756631593,,0.000195200031232,,,,,11.0,2.0,1.0,1.0,0.0,both,673.34,690.5770247933884,480.03,11.0,11.0,both
2023,2021,True,WY,11269,Blue Cross Blue Shield of Wyoming,1092490.0,143184.0,370.0,186.0,,,,,,,1092490.0,143184.0,0.1310620692180248,,0.0025840876075539,0.5027027027027027,,,,12.0,1.0,1.0,1.0,2.0,both,658.35,653.8847222222222,478.41,12.0,3.0,both
2023,2021,True,WY,38576,Montana Health Cooperative,64754.0,5303.0,173.0,50.0,0.0,0.0,,,,,64754.0,5303.0,0.0818945547765389,,0.0326230435602489,0.2890173410404624,,,,4.0,1.0,1.0,1.0,4.0,both,663.28,674.4925,565.57,4.0,3.0,both
2024,2022,True,AK,38344,Premera Blue Cross Blue Shield of Alaska,,,271.0,128.0,,,689988.0,40884.0,166188.0,16798.0,730872.0,182986.0,0.2503666852745761,0.2408563627193516,0.0014809876165389,0.4723247232472324,,88410.0,4449.0,7.0,3.0,1.0,1.0,2.0,both,597.33,580.5871428571429,452.92,7.0,3.0,both
2024,2022,True,AK,73836,"Moda Health Plan, Inc.",,,,,,,,,,,,,,,,,,,,,,,,,left_only,,,,,,left_only
2024,2022,True,AL,46944,Blue Cross and Blue Shield of Alabama,,,1982.0,707.0,54.0,,12644297.0,138737.0,3214360.0,114044.0,12783034.0,3328404.0,0.2603766836574165,0.2542142121463929,0.0005954805967064,0.3567103935418769,,995672.0,30302.0,8.0,8.0,2.0,2.0,1.0,both,573.98,553.1134782608696,303.37,8.0,13.0,both
2024,2022,True,AL,53932,Celtic Insurance Company,,,,,,,,,,,,,,,,,,,,,,,,,left_only,,,,,,left_only
2024,2022,True,AL,69461,UnitedHealthcare Insurance Company,,,156.0,74.0,,,320011.0,50233.0,113673.0,31505.0,370244.0,145178.0,0.3921143894296734,0.3552159144529407,0.0010745429748308,0.4743589743589743,,43856.0,3774.0,7.0,1.0,1.0,1.0,7.0,both,595.74,585.3378571428572,390.7,7.0,4.0,both
2024,2022,True,AR,13262,"HMO Partners, Inc.",,,978.0,262.0,,,1514223.0,37566.0,229049.0,12101.0,1551789.0,241150.0,0.15540128200419,0.1512650382407347,0.0040555670744349,0.2678936605316973,,35864.0,18.0,2.0,1.0,1.0,1.0,1.0,both,527.57,527.57,448.04,2.0,7.0,both
2024,2022,True,AR,37903,"QualChoice Life & Health Insurance Company, Inc.",,,161.0,71.0,,,2217520.0,195503.0,276111.0,23442.0,2413023.0,299553.0,0.1241401345946557,0.1245134203975612,0.0005374674932315,0.4409937888198758,,108695.0,1121.0,3.0,1.0,1.0,1.0,0.0,both,445.57,478.9500000000001,427.27,3.0,7.0,both
2024,2022,True,AR,48772,"USAble HMO, Inc.",,,,,,,,,,,,,,,,,,,,,,,,,left_only,,,,,,left_only
2024,2022,True,AR,62141,Celtic Insurance Company,,,537.0,227.0,,,5679702.0,494997.0,742861.0,61490.0,6174699.0,804351.0,0.1302656210448476,0.1307922493116716,0.0006676189872331,0.4227188081936685,,309035.0,2870.0,21.0,2.0,1.0,1.0,7.0,both,405.3,404.4085714285714,311.13,21.0,7.0,both
2024,2022,True,AR,70525,"QCA Health Plan, Inc.",,,143.0,62.0,,,2186944.0,188330.0,273034.0,21908.0,2375274.0,294942.0,0.1241717797609875,0.1248472754675016,0.0004848410874002,0.4335664335664335,,110119.0,1119.0,4.0,1.0,1.0,1.0,0.0,both,436.42,454.8125,382.4,4.0,7.0,both
2024,2022,True,AR,75293,USAble Mutual Insurance Company,,,7439.0,2119.0,17.0,,5254559.0,28426.0,791699.0,11000.0,5282985.0,802699.0,0.1519404276180984,0.1506689714588798,0.0092674838264405,0.2848501142626697,,242645.0,30.0,9.0,1.0,1.0,1.0,2.0,both,430.81,426.6744444444444,348.09,9.0,7.0,both
2024,2022,True,AZ,13877,"Oscar Health Plan, Inc.",,,422.0,201.0,,,468750.0,49483.0,54197.0,30921.0,518233.0,85118.0,0.1642465840654686,0.1156202666666666,0.0049578232571254,0.476303317535545,,28878.0,5008.0,29.0,1.0,1.0,1.0,20.0,both,404.315,408.4344827586207,263.37,29.0,2.0,both
2024,2022,True,AZ,23435,Banner Health and Aetna Health Plan Inc.,,,37.0,19.0,,,148205.0,11695.0,26374.0,7117.0,159900.0,33491.0,0.2094496560350218,0.1779562093046793,0.0011047744170075,0.5135135135135135,,10975.0,432.0,10.0,1.0,2.0,2.0,10.0,both,389.42,399.942,291.24,10.0,3.0,both
2024,2022,True,AZ,32311,Medica Community Health Plan,,,20.0,,0.0,0.0,32177.0,2499.0,8417.0,2197.0,34676.0,10614.0,0.3060906678971046,0.2615843615004506,0.0018843037497644,,,4145.0,180.0,8.0,1.0,1.0,1.0,8.0,both,368.22,391.57,293.01,8.0,1.0,both
2024,2022,True,AZ,40702,"UnitedHealthcare of Arizona, Inc.",,,1271.0,515.0,16.0,,1371903.0,150544.0,490972.0,93035.0,1522447.0,584007.0,0.3835975899325231,0.357876613725606,0.0021763437767013,0.4051927616050354,,160084.0,15781.0,14.0,1.0,1.0,1.0,7.0,both,350.035,371.09738095238095,287.51,14.0,3.0,both
2024,2022,True,AZ,53901,"Blue Cross and Blue Shield of Arizona, Inc.",,,3103.0,1299.0,44.0,12.0,984699.0,197927.0,85262.0,58200.0,1182626.0,143462.0,0.1213080043902298,0.0865868656310202,0.0216294210313532,0.4186271350306155,0.2727272727272727,68693.0,17942.0,98.0,2.0,4.0,13.0,14.0,both,552.3800000000001,576.033,266.88,98.0,7.0,both
2024,2022,True,AZ,85533,"Imperial Insurance Companies, Inc.",,,,,,,,,,,,,,,,,,,,,,,,,left_only,,,,,,left_only
2024,2022,True,AZ,91450,"Health Net of Arizona, Inc.",,,310.0,139.0,,,2058336.0,187232.0,270924.0,32759.0,2245568.0,303683.0,0.1352366082879699,0.1316228254279184,0.0010208012960883,0.4483870967741935,,137495.0,789.0,29.0,2.0,1.0,1.0,11.0,both,459.9,482.74089655172406,319.62,29.0,5.0,both
2024,2022,True,AZ,97667,"Cigna HealthCare of Arizona, Inc",,,26.0,12.0,,,180629.0,11424.0,23780.0,10029.0,192053.0,33809.0,0.1760399473062123,0.1316510637826705,0.0007690259989943,0.4615384615384615,,6581.0,521.0,12.0,1.0,1.0,1.0,4.0,both,470.145,522.1386111111111,376.21,12.0,3.0,both
2024,2022,True,DE,64004,Celtic Insurance Company,,,,,,,,,,,,,,,,,,,,,,,,,left_only,,,,,,left_only
2024,2022,True,DE,67190,Aetna Health Inc. (a PA corp.),,,,,,,,,,,,,,,,,,,,,,,,,left_only,,,,,,left_only
2024,2022,True,DE,72760,"AmeriHealth Caritas VIP Next, Inc.",,,,,,,,,,,,,,,,,,,,,,,,,left_only,,,,,,left_only
2024,2022,True,DE,76168,Highmark BCBSD Inc.,,,141.0,29.0,,,968454.0,23681.0,127999.0,3231.0,992135.0,131230.0,0.1322703059563466,0.1321683838365064,0.0010744494399146,0.2056737588652482,,1166.0,50.0,13.0,6.0,1.0,1.0,13.0,both,548.19,526.9846153846154,307.08,13.0,1.0,both
2024,2022,True,FL,16842,Blue Cross and Blue Shield of Florida,,,2935.0,1276.0,78.0,26.0,17913858.0,776975.0,2167158.0,7984.0,18690833.0,2175142.0,0.1163748025569539,0.1209766204465838,0.0013493371926982,0.4347529812606474,0.3333333333333333,1133589.0,92231.0,26.0,2.0,2.0,2.0,0.0,both,661.76,709.7313986013986,354.95,26.0,67.0,both
2024,2022,True,FL,18628,Aetna Health Inc. (a FL corp.),,,,,,,,,,,,,,,,,,,,,,,,,left_only,,,,,,left_only
2024,2022,True,FL,19898,"AvMed, Inc.",,,54.0,37.0,,,1305282.0,245104.0,654725.0,112501.0,1550386.0,767226.0,0.4948612797071181,0.5015965898556787,7.038343330387656e-05,0.6851851851851852,,22846.0,4435.0,14.0,2.0,1.0,1.0,2.0,both,505.97,520.1805194805195,305.94,14.0,22.0,both
2024,2022,True,FL,21663,Celtic Insurance Company,,,4215.0,2497.0,,,12748561.0,1920660.0,1913915.0,376430.0,14669221.0,2290345.0,0.1561326944355122,0.1501279242418026,0.001840334098138,0.5924080664294188,,955871.0,13713.0,58.0,2.0,1.0,2.0,33.0,both,494.44,499.5405992085924,302.24,58.0,61.0,both
2024,2022,True,FL,30252,"Health Options, Inc.",,,2913.0,1408.0,52.0,16.0,28872821.0,678357.0,4109571.0,287.0,29551178.0,4109858.0,0.1390759447897474,0.1423335461401572,0.0007087836124751,0.4833504977686234,0.3076923076923077,1474379.0,63025.0,48.0,3.0,2.0,5.0,9.0,both,513.87,545.5239520958083,335.01,48.0,53.0,both
2024,2022,True,FL,36194,"Health First Commercial Plans, Inc.",,,350.0,174.0,,,722574.0,51883.0,99831.0,37316.0,774457.0,137147.0,0.1770879467807767,0.1381602437950992,0.0025520062414781,0.4971428571428571,,124920.0,5867.0,36.0,6.0,4.0,2.0,0.0,both,470.41,447.55466666666666,195.25,36.0,5.0,both
2024,2022,True,FL,40572,Oscar Insurance Company of Florida,,,9219.0,3890.0,105.0,81.0,24850547.0,2399206.0,2902781.0,1041541.0,27249753.0,3944322.0,0.1447470734872349,0.1168095414559687,0.0023372838221625,0.4219546588567089,0.7714285714285715,1183422.0,143306.0,64.0,2.0,1.0,2.0,36.0,both,454.92,444.9548814655173,246.99,64.0,29.0,both
2024,2022,True,FL,48121,Cigna Health and Life Insurance Company,,,960.0,217.0,18.0,,3129000.0,165530.0,611580.0,143395.0,3294530.0,754975.0,0.2291601533450901,0.1954554170661553,0.0012715652836186,0.2260416666666666,,127578.0,8411.0,17.0,1.0,1.0,1.0,7.0,both,492.08,491.12470588235294,361.73,17.0,12.0,both
2024,2022,True,FL,54172,"Molina Healthcare of Florida, Inc",,,471.0,152.0,,,188432.0,41194.0,36734.0,18037.0,229626.0,54771.0,0.2385226411643281,0.1949456567886558,0.0085994413101823,0.3227176220806794,,16782.0,4002.0,10.0,4.0,2.0,3.0,2.0,both,492.05,490.63648148148144,338.06,10.0,12.0,both
2024,2022,True,FL,56503,"Florida Health Care Plan, Inc.",,,174.0,102.0,,,2377267.0,59929.0,308978.0,47850.0,2437196.0,356828.0,0.1464092342183394,0.1299719383645169,0.000487629894515,0.5862068965517241,,16247.0,696.0,37.0,37.0,1.0,1.0,2.0,both,512.26,521.4721621621622,262.51,37.0,5.0,both
2024,2022,True,FL,66966,Capital Health Plan,,,65.0,32.0,,,225489.0,15583.0,15920.0,9406.0,241072.0,25326.0,0.1050557509789606,0.0706021136286027,0.0025665324172786,0.4923076923076923,,10360.0,549.0,3.0,1.0,1.0,1.0,3.0,both,519.59,517.9976190476191,426.86,3.0,7.0,both
2024,2022,True,FL,67926,"AmeriHealth Caritas Florida, Inc.",,,,,,,,,,,,,,,,,,,,,,,,,left_only,,,,,,left_only
2024,2022,True,FL,68398,"UnitedHealthcare of Florida, Inc.",,,1160.0,352.0,,,1103537.0,313738.0,358239.0,200691.0,1417275.0,558930.0,0.3943694766365031,0.3246279916305479,0.0020753940565008,0.3034482758620689,,201678.0,24022.0,20.0,1.0,2.0,1.0,20.0,both,473.18,461.6673928571428,356.1,20.0,14.0,both
2024,2022,True,FL,86382,Sunshine State Health Plan,,,288.0,186.0,,,2425891.0,572828.0,420671.0,151149.0,2998719.0,571820.0,0.1906880904813021,0.1734088629703478,0.0005036549963275,0.6458333333333334,,165030.0,4135.0,14.0,2.0,2.0,2.0,14.0,both,460.51,459.48857142857145,400.3,14.0,2.0,both
2024,2022,True,GA,15105,"Cigna HealthCare of Georgia, Inc.",,,,,,,819128.0,86869.0,144773.0,76427.0,905997.0,221200.0,0.244150918822027,0.1767403873387309,,,,58379.0,4003.0,13.0,1.0,1.0,1.0,13.0,both,363.25,376.7152307692308,261.44,13.0,5.0,both
2024,2022,True,GA,43802,"UnitedHealthcare of Georgia, Inc.",,,427.0,202.0,,,297827.0,56022.0,94241.0,40001.0,353849.0,134242.0,0.3793765137106505,0.3164286649632169,0.0031808226933448,0.4730679156908665,,51400.0,5058.0,16.0,1.0,2.0,1.0,16.0,both,476.295,469.1928125,304.19,16.0,4.0,both
2024,2022,True,GA,45334,"AMGP Georgia Managed Care Company, Inc. dba Anthem Blue Cross and Blue Shield",,,,,,,,,,,,,,,,,,,,,,,,,left_only,,,,,,left_only
2024,2022,True,GA,49046,Anthem Blue Cross and Blue Shield,,,569.0,95.0,,,3813700.0,347881.0,904058.0,197980.0,4161581.0,1102038.0,0.2648123393489157,0.2370553530691979,0.0005163161342893,0.1669595782073813,,559043.0,42672.0,48.0,1.0,2.0,8.0,0.0,both,408.335,414.8563425925926,225.39,48.0,15.0,both
2024,2022,True,GA,58081,Oscar Health Plan of Georgia,,,1071.0,439.0,,,1956528.0,273653.0,244361.0,152461.0,2230181.0,396822.0,0.1779326431352433,0.12489522255751,0.0026989431029529,0.4098972922502334,,108634.0,20063.0,32.0,1.0,1.0,1.0,24.0,both,401.48,392.26375,281.97,32.0,2.0,both
2024,2022,True,GA,60224,CareSource Georgia Co.,,,29.0,14.0,,,1661639.0,261870.0,361615.0,193304.0,1923509.0,554919.0,0.2884930613789693,0.217625489050269,5.2259879369781896e-05,0.4827586206896552,,154738.0,20581.0,13.0,2.0,1.0,2.0,2.0,both,385.89,392.80798245614034,231.62,13.0,10.0,both
2024,2022,True,GA,70893,Ambetter of Peach State Inc.,,,1465.0,785.0,,,17619920.0,1583659.0,2410742.0,685485.0,19203579.0,3096227.0,0.1612317683073556,0.1368191229018066,0.0004731565224384,0.5358361774744027,,1013024.0,58957.0,41.0,4.0,3.0,3.0,26.0,both,385.79,386.67713438735177,262.74,41.0,16.0,both
2024,2022,True,GA,82824,Aetna Health Inc. (a GA corp.),,,51.0,45.0,,,189293.0,14127.0,37611.0,7046.0,203420.0,44657.0,0.2195310195654311,0.1986919748749293,0.0011420382022975,0.8823529411764706,,14634.0,112.0,15.0,1.0,3.0,3.0,15.0,both,459.02,457.68,365.18,15.0,3.0,both
2024,2022,True,GA,83761,Alliant Health Plans,,,2772.0,310.0,23.0,,455071.0,41669.0,36987.0,11230.0,496740.0,48217.0,0.0970668760317268,0.0812774270388576,0.0574900968538067,0.1118326118326118,,604.0,,33.0,2.0,1.0,2.0,30.0,both,390.315,401.07982857142855,192.72,33.0,14.0,both
2024,2022,True,GA,89942,Kaiser Foundation Health Plan of Georgia,,,60.0,26.0,,,7974.0,4217.0,822.0,666.0,12191.0,1488.0,0.122057255352309,0.1030850263355906,0.0403225806451612,0.4333333333333333,,80.0,55.0,20.0,1.0,2.0,2.0,2.0,both,429.82,412.4735,283.61,20.0,1.0,both
2024,2022,True,HI,18350,Hawaii Medical Service Association,,,61.0,28.0,,,637079.0,3914.0,147935.0,665.0,640993.0,148600.0,0.2318278046718138,0.2322082504681523,0.0004104979811574,0.4590163934426229,,15167.0,12.0,7.0,1.0,3.0,1.0,1.0,both,449.66,410.1057142857143,196.89,7.0,1.0,both
2024,2022,True,HI,60612,"Kaiser Foundation Health Plan, Inc.",,,,,,,11136.0,1573.0,561.0,389.0,12709.0,950.0,0.0747501770398929,0.0503771551724137,,,,73.0,15.0,11.0,1.0,1.0,1.0,0.0,both,486.61,468.7027272727273,312.56,11.0,1.0,both
2024,2022,True,IA,25896,"Wellmark Health Plan of Iowa, Inc.",,,,,,,1919981.0,63112.0,306763.0,48405.0,1983093.0,355168.0,0.1790980049851419,0.15977397692998,,,,66756.0,181.0,6.0,1.0,1.0,1.0,0.0,both,439.01,439.5483333333333,347.64,6.0,7.0,both
2024,2022,True,IA,45819,Oscar Insurance Company,,,115.0,60.0,,,161269.0,19040.0,20570.0,13503.0,180309.0,34073.0,0.1889700458657083,0.127550862223986,0.0033751063892231,0.5217391304347826,,8397.0,1008.0,27.0,1.0,1.0,1.0,17.0,both,431.41,409.6912037037037,263.39,27.0,4.0,both
2024,2022,True,IA,93078,Medica Insurance Company,,,368.0,186.0,,0.0,776536.0,52003.0,111015.0,43655.0,828539.0,154670.0,0.1866779958456994,0.142961820186057,0.0023792590676925,0.5054347826086957,,65762.0,10044.0,40.0,5.0,6.0,6.0,9.0,both,466.92,474.113237410072,265.72,40.0,7.0,both
2024,2022,True,IL,11574,"Oscar Health Plan, Inc.",,,63.0,45.0,,,46808.0,7794.0,7597.0,5386.0,54602.0,12983.0,0.2377751730705835,0.1623013160143565,0.0048524994223214,0.7142857142857143,,3099.0,640.0,36.0,2.0,2.0,2.0,36.0,both,407.445,402.4787,280.34,36.0,3.0,both
2024,2022,True,IL,20129,"Health Alliance Medical Plans, Inc.",,,227.0,102.0,17.0,,1434025.0,19724.0,167432.0,1788.0,1453749.0,169220.0,0.1164024876371368,0.1167566813688743,0.0013414490013,0.4493392070484581,,22416.0,215.0,12.0,2.0,1.0,1.0,0.0,both,601.99,569.8332291666667,357.81,12.0,8.0,both
2024,2022,True,IL,27833,Celtic Insurance Company,,,383.0,185.0,,,1465595.0,575585.0,273732.0,163794.0,2041180.0,437526.0,0.2143495429114531,0.1867719253954878,0.0008753765490507,0.4830287206266319,,105969.0,6717.0,29.0,2.0,1.0,1.0,17.0,both,413.405,410.8669540229885,258.49,29.0,6.0,both
2024,2022,True,IL,32355,"Molina Healthcare of Illinois, Inc.",,,25.0,,,,1417.0,638.0,389.0,376.0,2055.0,765.0,0.3722627737226277,0.2745236414961186,0.0326797385620915,,,268.0,119.0,7.0,2.0,1.0,1.0,7.0,both,398.08,397.89238095238096,357.71,7.0,3.0,both
2024,2022,True,IL,36096,Blue Cross Blue Shield of Illinois,,,814.0,253.0,41.0,16.0,14686160.0,645450.0,2230111.0,234488.0,15331610.0,2464599.0,0.1607527846064438,0.1518511986795731,0.0003302768523398,0.3108108108108108,0.3902439024390244,1705252.0,21496.0,108.0,4.0,4.0,23.0,15.0,both,493.545,514.5419444444444,274.28,108.0,13.0,both
2024,2022,True,IL,42529,"UnitedHealthcare of Illinois, Inc.",,,239.0,116.0,,,177262.0,54922.0,62212.0,38820.0,232184.0,101032.0,0.4351376494504358,0.3509607248028342,0.0023655871407078,0.4853556485355648,,26075.0,3433.0,10.0,1.0,2.0,1.0,10.0,both,407.21,403.65375,289.47,10.0,4.0,both
2024,2022,True,IL,53882,"Cigna HealthCare of Illinois, Inc.",,,64.0,26.0,,,400177.0,24515.0,97334.0,20921.0,424692.0,118255.0,0.2784488523447581,0.2432273718879395,0.000541203331783,0.40625,,23363.0,2175.0,25.0,1.0,2.0,2.0,10.0,both,438.11,433.9504,353.63,25.0,4.0,both
2024,2022,True,IL,54322,"MercyCare HMO, Inc.",,,,,,,52032.0,2601.0,5948.0,849.0,54633.0,6797.0,0.1244119854300514,0.1143142681426814,,,,10718.0,188.0,9.0,1.0,1.0,1.0,0.0,both,480.85,463.8355555555555,355.46,9.0,1.0,both
2024,2022,True,IL,65280,Medica Central Health Plan,,,,,,,30650.0,4087.0,6512.0,2194.0,34737.0,8706.0,0.2506261335175749,0.212463295269168,,,,4178.0,127.0,10.0,1.0,1.0,1.0,10.0,both,448.78,421.838,291.58,10.0,1.0,both
2024,2022,True,IL,72547,Aetna Life Insurance Company,,,,,,,,,,,,,,,,,,,,,,,,,left_only,,,,,,left_only
2024,2022,True,IL,85773,Quartz Health Benefit Plans Corporation,,,18.0,,,,70893.0,639.0,7481.0,295.0,71532.0,7776.0,0.108706592853548,0.1055252281607493,0.0023148148148148,,,2617.0,,13.0,1.0,1.0,1.0,8.0,both,574.95,539.5430769230769,350.27,13.0,1.0,both
2024,2022,True,IL,99129,Aetna Health Inc. (a PA corp.),,,,,,,,,,,,,,,,,,,,,,,,,left_only,,,,,,left_only
2024,2022,True,IN,17575,Anthem Ins Companies Inc(Anthem BCBS),,,167.0,40.0,,,187370.0,77280.0,52045.0,50016.0,264650.0,102061.0,0.3856451917627054,0.2777659177029407,0.001636276344539,0.2395209580838323,,27471.0,9752.0,10.0,2.0,1.0,2.0,6.0,both,394.865,424.8203125,310.09,10.0,11.0,both
2024,2022,True,IN,35755,US HEALTH AND LIFE INSURANCE COMPANY,,,25.0,15.0,,,11006.0,3054.0,3685.0,2436.0,14060.0,6121.0,0.435348506401138,0.3348173723423587,0.0040842999509884,0.6,,304.0,153.0,8.0,1.0,1.0,1.0,8.0,both,404.935,424.18465909090907,325.62,8.0,11.0,both
2024,2022,True,IN,54192,"CareSource Indiana, Inc.",,,113.0,19.0,32.0,12.0,3454952.0,243231.0,645757.0,171219.0,3698183.0,816976.0,0.220912810426093,0.1869076618141149,0.0001383149566205,0.168141592920354,0.375,330448.0,26991.0,13.0,2.0,1.0,1.0,2.0,both,402.93,420.4766515837104,272.86,13.0,17.0,both
2024,2022,True,IN,76179,Celtic Insurance Company,,,809.0,278.0,33.0,,2837226.0,209703.0,405541.0,71640.0,3046929.0,477181.0,0.1566104756625441,0.1429357407552306,0.001695373453679,0.3436341161928306,,212255.0,3871.0,25.0,2.0,1.0,1.0,11.0,both,434.34,443.5438352941177,305.26,25.0,17.0,both
2024,2022,True,IN,94419,Cigna Health and Life Insurance Company,,,,,,,,,,,,,,,,,,,,,,,,,left_only,,,,,,left_only
2024,2022,True,IN,96992,Aetna Health Inc. (a PA corp.),,,,,,,,,,,,,,,,,,,,,,,,,left_only,,,,,,left_only
2024,2022,True,KS,18558,"Blue Cross and Blue Shield of Kansas, Inc.",,,227.0,85.0,21.0,,1796316.0,41545.0,242993.0,50455.0,1837861.0,293448.0,0.1596682230048953,0.1352729697892798,0.0007735612442408,0.3744493392070485,,41573.0,10333.0,6.0,1.0,1.0,1.0,0.0,both,529.49,516.8185714285714,402.88,6.0,7.0,both
2024,2022,True,KS,32542,US Health and Life Insurance Company,,,23.0,15.0,,,17485.0,4057.0,5720.0,2949.0,21542.0,8669.0,0.4024231733358091,0.3271375464684015,0.0026531318491175,0.6521739130434783,,450.0,77.0,8.0,1.0,1.0,1.0,8.0,both,410.14,411.41875,330.32,8.0,1.0,both
2024,2022,True,KS,34368,Celtic Insurance Company,,,710.0,439.0,31.0,12.0,2648334.0,178790.0,385818.0,62815.0,2827124.0,448633.0,0.1586888300619286,0.1456832861716082,0.0015825853202952,0.6183098591549295,0.3870967741935484,174734.0,1128.0,25.0,2.0,1.0,1.0,25.0,both,458.1,451.0576571428571,332.14,25.0,7.0,both
2024,2022,True,KS,39520,Medica Insurance Company,,,78.0,35.0,0.0,0.0,116430.0,7870.0,24510.0,6400.0,124300.0,30910.0,0.2486725663716814,0.2105127544447307,0.0025234551924943,0.4487179487179487,,9209.0,1674.0,26.0,3.0,4.0,3.0,3.0,both,617.52,633.2025316455696,285.61,26.0,7.0,both
2024,2022,True,KS,43490,Oscar Insurance Company,,,35.0,21.0,,,56496.0,8629.0,7102.0,4796.0,65125.0,11898.0,0.1826948176583493,0.1257080147267063,0.0029416708690536,0.6,,3647.0,526.0,29.0,1.0,1.0,1.0,20.0,both,465.71,455.2848275862069,318.01,29.0,1.0,both
2024,2022,True,KS,84600,Aetna Life Insurance Company,,,,,,,,,,,,,,,,,,,,,,,,,left_only,,,,,,left_only
2024,2022,True,KS,94248,Blue Cross and Blue Shield of Kansas City,,,31.0,18.0,,,125691.0,4373.0,25771.0,3738.0,130064.0,29509.0,0.2268806126214786,0.2050345689031036,0.0010505269578772,0.5806451612903226,,15546.0,767.0,9.0,1.0,4.0,1.0,5.0,both,493.79,514.1833333333333,394.58,9.0,1.0,both
2024,2022,True,KS,94968,UnitedHealthcare Insurance Company,,,,,,,,,,,,,,,,,,,,,,,,,left_only,,,,,,left_only
2024,2022,True,LA,19636,"HMO Louisiana, Inc.",,,1428.0,490.0,116.0,47.0,3605654.0,557352.0,574165.0,31435.0,4163006.0,605600.0,0.1454718057096242,0.1592401822249167,0.0023579920739762,0.3431372549019608,0.4051724137931034,20053.0,1546.0,31.0,5.0,5.0,8.0,4.0,both,591.94,582.793698630137,396.95,31.0,8.0,both
2024,2022,True,LA,69842,UnitedHealthcare Insurance Company,,,53.0,20.0,,,42885.0,26157.0,14442.0,19948.0,69042.0,34390.0,0.498102604211929,0.336761105281567,0.0015411456818842,0.3773584905660377,,6327.0,1455.0,9.0,1.0,1.0,1.0,9.0,both,688.71,692.1540740740741,475.02,9.0,3.0,both
2024,2022,True,LA,90787,"Ambetter Health of Louisiana, Inc.",,,,,,,,,,,,,,,,,,,,,,,,,left_only,,,,,,left_only
2024,2022,True,LA,97176,Louisiana Health Service & Indemnity Company,,,95.0,32.0,,,328768.0,25080.0,41584.0,3107.0,353848.0,44691.0,0.1262999932174267,0.1264843293751216,0.0021257076368843,0.3368421052631579,,1466.0,31.0,5.0,2.0,1.0,1.0,0.0,both,930.39,846.6705,581.48,5.0,8.0,both
2024,2022,True,LA,98780,CHRISTUS Health Plan Louisiana,,,49.0,17.0,,,20583.0,7996.0,1615.0,3166.0,28579.0,4781.0,0.1672906679729871,0.0784628091143176,0.0102489019033674,0.3469387755102041,,2005.0,508.0,30.0,10.0,1.0,3.0,8.0,both,487.285,500.0976666666666,355.33,30.0,3.0,both
2024,2022,True,MI,15560,Blue Cross Blue Shield of Michigan Mutual Insurance Company,,,140.0,48.0,45.0,,1291509.0,255710.0,177498.0,53372.0,1547219.0,230870.0,0.149216109678074,0.1374345823374053,0.0006064018711829,0.3428571428571428,,78740.0,2934.0,8.0,3.0,1.0,2.0,0.0,both,497.955,499.3134920634921,273.5,8.0,16.0,both
2024,2022,True,MI,29698,Priority Health,,,394.0,18.0,42.0,,2980362.0,119331.0,197730.0,51816.0,3099693.0,249546.0,0.0805066824359702,0.0663442897205104,0.0015788672228767,0.0456852791878172,,92542.0,11207.0,40.0,1.0,7.0,6.0,39.0,both,380.885,391.9693333333333,237.71,40.0,15.0,both
2024,2022,True,MI,40047,"Molina Healthcare of Michigan, Inc.",,,167.0,49.0,18.0,,132379.0,10741.0,20063.0,5342.0,143120.0,25405.0,0.1775083845723868,0.1515572711683877,0.0065735091517417,0.2934131736526946,,12726.0,1399.0,7.0,3.0,1.0,1.0,1.0,both,334.26,344.00800000000004,315.91,7.0,5.0,both
2024,2022,True,MI,58594,"Meridian Health Plan of Michigan, Inc.",,,211.0,124.0,,,741382.0,125800.0,129724.0,41089.0,867182.0,170813.0,0.1969747988311565,0.1749759233431618,0.0012352689783564,0.5876777251184834,,71109.0,877.0,26.0,3.0,2.0,1.0,17.0,both,342.385,347.3591958041958,217.51,26.0,11.0,both
2024,2022,True,MI,60829,University of Michigan Health Plan,,,25.0,11.0,,,325878.0,19959.0,60035.0,14832.0,345837.0,74867.0,0.2164805963503037,0.1842253849600157,0.0003339254945436,0.44,,25261.0,1865.0,17.0,4.0,2.0,2.0,3.0,both,380.66,396.1959016393443,239.93,17.0,5.0,both
2024,2022,True,MI,71667,"UnitedHealthcare Community Plan, Inc.",,,66.0,25.0,,,77954.0,20069.0,25778.0,14470.0,98023.0,40248.0,0.4105975128286218,0.3306821971932165,0.0016398330351818,0.3787878787878788,,11073.0,1528.0,14.0,1.0,1.0,1.0,14.0,both,335.845,351.0202380952381,253.63,14.0,3.0,both
2024,2022,True,MI,74917,McLaren Health Plan Community,,,69.0,56.0,,,138807.0,7962.0,9983.0,6654.0,146769.0,16637.0,0.1133550000340671,0.0719200040343786,0.0041473823405662,0.8115942028985508,,3882.0,226.0,7.0,1.0,1.0,2.0,2.0,both,364.56,371.8383146067416,243.69,7.0,15.0,both
2024,2022,True,MI,77739,Oscar Insurance Company,,,49.0,22.0,,,28038.0,4115.0,3016.0,2650.0,32153.0,5666.0,0.1762199483718471,0.107568300164063,0.008648076244264,0.4489795918367347,,1568.0,214.0,28.0,1.0,1.0,1.0,18.0,both,375.82,351.38178571428574,235.0,28.0,1.0,both
2024,2022,True,MI,98185,Blue Care Network of Michigan,,,196.0,166.0,43.0,,3394251.0,119710.0,600034.0,89051.0,3513961.0,689085.0,0.1960992168097483,0.1767795015748688,0.0002844351567658,0.8469387755102041,,290694.0,5467.0,18.0,3.0,3.0,5.0,1.0,both,414.84,413.5849717514124,218.1,18.0,16.0,both
2024,2022,True,MO,32753,Healthy Alliance Life Co(Anthem BCBS),,,128.0,43.0,,,1613136.0,48102.0,354979.0,30872.0,1661238.0,385851.0,0.2322671405301347,0.2200552216304143,0.0003317342704826,0.3359375,,219702.0,11345.0,13.0,1.0,1.0,1.0,0.0,both,544.665,554.2070512820513,262.62,13.0,6.0,both
2024,2022,True,MO,34762,Blue Cross and Blue Shield of Kansas City,,,60.0,28.0,,,201892.0,6702.0,40451.0,5755.0,208594.0,46206.0,0.2215116446302386,0.2003595982010183,0.0012985326580963,0.4666666666666667,,25747.0,1334.0,11.0,1.0,3.0,2.0,4.0,both,550.9,570.4854545454546,439.89,11.0,3.0,both
2024,2022,True,MO,47840,Medica Central Insurance Company,,,82.0,35.0,,,231026.0,19812.0,47452.0,6501.0,250838.0,53953.0,0.2150910149179948,0.205396795165912,0.0015198413433914,0.4268292682926829,,34180.0,723.0,10.0,1.0,1.0,1.0,0.0,both,424.235,396.486,275.69,10.0,1.0,both
2024,2022,True,MO,48161,Aetna Life Insurance Company,,,17.0,,,,171086.0,12626.0,28555.0,6768.0,183712.0,35323.0,0.1922737763455844,0.1669043638871678,0.0004812728250714,,,5141.0,368.0,15.0,1.0,3.0,3.0,15.0,both,497.0,499.574,373.16,15.0,4.0,both
2024,2022,True,MO,53461,Medica Insurance Company,,,330.0,175.0,0.0,0.0,669658.0,33354.0,114296.0,23875.0,703012.0,138171.0,0.1965414530619676,0.1706781670643821,0.0023883448770002,0.5303030303030303,,38478.0,8054.0,29.0,3.0,4.0,4.0,5.0,both,427.755,443.3171875,225.62,29.0,9.0,both
2024,2022,True,MO,69512,Oscar Insurance Company,,,174.0,92.0,,,141734.0,27672.0,17164.0,16772.0,169406.0,33936.0,0.2003234832296376,0.1211000888989233,0.0051272984441301,0.5287356321839081,,9676.0,1406.0,29.0,1.0,1.0,1.0,20.0,both,447.79,453.3231034482759,311.24,29.0,2.0,both
2024,2022,True,MO,95426,UnitedHealthcare Insurance Company,,,,,,,,,,,,,,,,,,,,,,,,,left_only,,,,,,left_only
2024,2022,True,MO,96384,Cox Health Systems Insurance Company,,,,,,,5638.0,143.0,1005.0,143.0,5781.0,1148.0,0.1985815602836879,0.178254700248315,,,,113.0,,7.0,1.0,1.0,1.0,0.0,both,550.0,555.8571428571429,477.0,7.0,1.0,both
2024,2022,True,MO,99723,Celtic Insurance Company,,,1374.0,814.0,26.0,,5979736.0,382083.0,851074.0,124954.0,6361819.0,976028.0,0.1534196430297686,0.1423263501933864,0.0014077464990758,0.5924308588064047,,401134.0,2237.0,46.0,2.0,1.0,2.0,18.0,both,498.92,512.4703937007874,348.61,46.0,10.0,both
2024,2022,True,MS,14624,"Primewell Health Services of Mississippi, Inc.",,,,,,,25568.0,8406.0,4269.0,2897.0,33974.0,7166.0,0.2109260022370047,0.1669665206508135,,,,7468.0,1450.0,5.0,1.0,1.0,1.0,5.0,both,427.09,462.862,412.44,5.0,4.0,both
2024,2022,True,MS,56766,Cigna Health and Life Insurance Company,,,51.0,18.0,,,498924.0,41465.0,125555.0,37305.0,540389.0,162860.0,0.301375490618795,0.251651554144519,0.000313152400835,0.3529411764705882,,24683.0,1507.0,10.0,1.0,1.0,1.0,10.0,both,466.22,481.42575,412.57,10.0,4.0,both
2024,2022,True,MS,79975,"Molina Healthcare of Mississippi, Inc",,,134.0,39.0,,,126068.0,9568.0,18934.0,5459.0,135636.0,24393.0,0.1798416349641688,0.1501887870038392,0.0054933792481449,0.291044776119403,,10303.0,1342.0,9.0,3.0,1.0,1.0,1.0,both,495.84,508.3475925925926,436.99,9.0,6.0,both
2024,2022,True,MS,90714,Ambetter of Magnolia Inc.,,,653.0,355.0,,,6554752.0,375838.0,910311.0,164945.0,6930590.0,1075256.0,0.1551463872484161,0.1388780231502275,0.000607297238983,0.5436447166921899,,355499.0,10143.0,27.0,3.0,2.0,1.0,16.0,both,479.59,496.8416049382716,397.43,27.0,6.0,both
2024,2022,True,MS,97560,"UnitedHealthcare of Mississippi, Inc.",,,,,,,,,,,,,,,,,,,,,,,,,left_only,,,,,,left_only
2024,2022,True,MT,23603,PacificSource Health Plans,,,1977.0,1531.0,13.0,,410171.0,7252.0,15272.0,2667.0,417423.0,17939.0,0.0429755907077473,0.0372332514975461,0.1102068119739115,0.7744056651492159,,813.0,99.0,6.0,1.0,1.0,1.0,1.0,both,431.5,444.5416666666667,330.0,6.0,4.0,both
2024,2022,True,MT,30751,Blue Cross and Blue Shield of Montana,,,308.0,78.0,,,902193.0,27625.0,122466.0,7038.0,929818.0,129504.0,0.1392788696282498,0.1357425739281949,0.0023783049172226,0.2532467532467532,,10647.0,1422.0,37.0,2.0,2.0,7.0,3.0,both,421.18,441.9927027027027,262.72,37.0,4.0,both
2024,2022,True,MT,32225,Montana Health Cooperative,,,30.0,,,,90720.0,2326.0,2005.0,419.0,93046.0,2424.0,0.0260516303763729,0.0221009700176366,0.0123762376237623,,,6169.0,279.0,13.0,2.0,1.0,1.0,3.0,both,449.76,435.3557692307692,264.96,13.0,4.0,both
2024,2022,True,NC,11512,Blue Cross and Blue Shield of NC,,,1372.0,475.0,47.0,25.0,17691687.0,863428.0,3337685.0,196894.0,18555115.0,3534579.0,0.1904908161442276,0.1886583794976702,0.000388165040306,0.3462099125364432,0.5319148936170213,1171784.0,15500.0,143.0,6.0,6.0,13.0,81.0,both,478.88,496.8667272727273,221.64,143.0,16.0,both
2024,2022,True,NC,13591,CareSource North Carolina Co.,,,,,,,,,,,,,,,,,,,,,,,,,left_only,,,,,,left_only
2024,2022,True,NC,17414,"AmeriHealth Caritas North Carolina, Inc.",,,,,,,817.0,111.0,310.0,100.0,928.0,410.0,0.4418103448275862,0.379436964504284,,,,113.0,,6.0,1.0,1.0,1.0,6.0,both,535.7950000000001,548.1229999999999,325.22,6.0,5.0,both
2024,2022,True,NC,44007,Celtic Insurance Company,,,,,,,2856.0,5456.0,1193.0,705.0,8312.0,1898.0,0.228344562078922,0.4177170868347339,,,,694.0,42.0,3.0,1.0,1.0,1.0,3.0,both,969.485,932.0485416666668,660.94,3.0,16.0,both
2024,2022,True,NC,54332,"UnitedHealthcare of North Carolina, Inc",,,1229.0,568.0,,,1647443.0,180705.0,491960.0,136141.0,1828148.0,628101.0,0.3435722928340594,0.2986203468041079,0.0019566916785676,0.4621643612693246,,266707.0,11391.0,11.0,1.0,1.0,1.0,11.0,both,535.44,538.6460606060606,354.9,11.0,9.0,both
2024,2022,True,NC,61671,Aetna Health Inc. (a PA corp.),,,153.0,89.0,,,799637.0,637137.0,134490.0,599466.0,1436774.0,733956.0,0.510836081387887,0.1681888156751125,0.0002084593626865,0.5816993464052288,,62042.0,1904.0,5.0,1.0,1.0,1.0,5.0,both,543.75,541.51,333.72,5.0,14.0,both
2024,2022,True,NC,69803,"Oscar Health Plan of North Carolina, Inc",,,19.0,,,,11057.0,4182.0,1749.0,2975.0,15239.0,4724.0,0.3099940941006627,0.1581803382472641,0.0040220152413209,,,713.0,254.0,34.0,1.0,1.0,1.0,25.0,both,611.1600000000001,584.165294117647,405.43,34.0,1.0,both
2024,2022,True,NC,73943,"Cigna HealthCare of North Carolina, Inc.",,,97.0,21.0,,,746707.0,47471.0,121708.0,42492.0,794178.0,164200.0,0.2067546570164371,0.1629929811827129,0.0005907429963459,0.2164948453608247,,32635.0,2115.0,19.0,1.0,2.0,2.0,3.0,both,620.49,625.7159139784947,397.86,19.0,10.0,both
2024,2022,True,NC,77264,Ambetter of North Carolina Inc.,,,465.0,276.0,,,1118533.0,122349.0,190418.0,46146.0,1240882.0,236564.0,0.1906418176748474,0.1702390541897288,0.0019656414331851,0.5935483870967742,,96214.0,779.0,25.0,2.0,1.0,1.0,13.0,both,533.5,536.2335076923076,346.53,25.0,13.0,both
2024,2022,True,ND,37160,Blue Cross Blue Shield of North Dakota,,,109.0,43.0,,,690642.0,4444.0,77379.0,1078.0,695086.0,78457.0,0.1128738026661449,0.1120392330614124,0.0013892960475164,0.3944954128440367,,86.0,,8.0,2.0,2.0,1.0,0.0,both,486.745,423.4575,190.32,8.0,4.0,both
2024,2022,True,ND,73751,Medica Health Plans,,,17.0,,0.0,0.0,54794.0,1864.0,8656.0,1643.0,56658.0,10299.0,0.1817748596844223,0.1579735007482571,0.0016506456937566,,,4696.0,443.0,14.0,2.0,2.0,3.0,0.0,both,397.18,403.1365714285714,225.99,14.0,3.0,both
2024,2022,True,ND,89364,Sanford Health Plan,,,168.0,98.0,,,565568.0,12681.0,25790.0,5851.0,578249.0,31641.0,0.0547186419691171,0.045600175398891,0.0053095667014316,0.5833333333333334,,7824.0,156.0,16.0,2.0,2.0,2.0,0.0,both,356.34000000000003,368.9119642857143,158.24,16.0,4.0,both
2024,2022,True,NE,20305,Medica Insurance Company,,,781.0,405.0,,,1785628.0,75491.0,294260.0,64217.0,1861119.0,358477.0,0.1926136910106231,0.1647935628249557,0.0021786613925021,0.5185659411011524,,169741.0,17200.0,30.0,3.0,3.0,5.0,9.0,both,569.855,569.2694565217391,294.87,30.0,4.0,both
2024,2022,True,NE,26289,"Nebraska Total Care, Inc.",,,204.0,117.0,,,517970.0,49074.0,71525.0,15820.0,567044.0,87345.0,0.1540356656626293,0.1380871479043187,0.0023355658595225,0.5735294117647058,,33717.0,359.0,22.0,2.0,1.0,2.0,22.0,both,550.195,576.6322857142858,390.91,22.0,4.0,both
2024,2022,True,NE,29678,Blue Cross and Blue Shield of Nebraska,,,,,,,,,,,,,,,,,,,,,,,,,left_only,,,,,,left_only
2024,2022,True,NE,57424,Oscar Insurance Company,,,102.0,50.0,,,116419.0,6945.0,14715.0,5424.0,123364.0,20139.0,0.1632485976459907,0.1263968939777871,0.0050647996424847,0.4901960784313725,,8466.0,1527.0,28.0,1.0,1.0,1.0,28.0,both,646.115,659.4865178571429,409.88,28.0,4.0,both
2024,2022,True,NH,59025,Harvard Pilgrim Health Care of NE,,,63.0,35.0,,,149497.0,656.0,31314.0,645.0,150153.0,31959.0,0.2128429002417534,0.2094623972387405,0.0019712756969867,0.5555555555555556,,3116.0,49.0,11.0,1.0,1.0,1.0,11.0,both,378.58,368.39454545454544,221.72,11.0,1.0,both
2024,2022,True,NH,75841,Celtic Insurance Company,,,321.0,221.0,,,892450.0,49570.0,154238.0,27229.0,942020.0,181467.0,0.1926360374514341,0.1728253683679758,0.0017689166625336,0.6884735202492211,,62880.0,338.0,19.0,2.0,1.0,1.0,7.0,both,321.23,328.1952631578947,264.34,19.0,1.0,both
2024,2022,True,NH,96751,Matthew Thornton Hlth Plan(Anthem BCBS),,,75.0,36.0,,,1251436.0,39466.0,246037.0,21665.0,1290902.0,267702.0,0.2073759278396036,0.196603741621625,0.0002801622699867,0.48,,159486.0,8546.0,14.0,1.0,1.0,1.0,4.0,both,306.66,302.7892857142857,191.44,14.0,1.0,both
2024,2022,True,OH,28162,AultCare Insurance Company,,,56.0,36.0,,,223790.0,13924.0,42971.0,3398.0,237714.0,46369.0,0.1950621334881412,0.1920148353366995,0.0012077034225452,0.6428571428571429,,19855.0,626.0,39.0,1.0,3.0,3.0,6.0,both,459.77,497.2097894736842,259.8,39.0,3.0,both
2024,2022,True,OH,29276,Community Insurance Company(Anthem BCBS),,,389.0,94.0,,,1463787.0,121364.0,325920.0,81582.0,1585151.0,407502.0,0.257074562612647,0.2226553453473763,0.0009545965418574,0.2416452442159383,,193026.0,18158.0,17.0,1.0,1.0,1.0,0.0,both,478.44,486.9404844290657,233.17,17.0,17.0,both
2024,2022,True,OH,29341,Oscar Buckeye State Insurance Corp.,,,276.0,139.0,,,397995.0,51622.0,52812.0,25177.0,449617.0,77989.0,0.1734565196600662,0.1326951343609844,0.0035389606226519,0.5036231884057971,,23443.0,2793.0,51.0,2.0,2.0,1.0,37.0,both,409.56,415.0494117647059,253.45,51.0,2.0,both
2024,2022,True,OH,33931,"UnitedHealthcare of Ohio, Inc.",,,,,,,,,,,,,,,,,,,,,,,,,left_only,,,,,,left_only
2024,2022,True,OH,41047,Buckeye Community Health Plan,,,1178.0,872.0,,,2267859.0,210368.0,504400.0,112508.0,2478227.0,616908.0,0.2489311915333018,0.2224124162921945,0.0019095229758732,0.7402376910016978,,164583.0,2069.0,27.0,2.0,1.0,1.0,13.0,both,416.91,418.700582010582,302.57,27.0,14.0,both
2024,2022,True,OH,45845,Oscar Insurance Corporation of Ohio,,,335.0,172.0,,,591198.0,19615.0,65413.0,11121.0,610813.0,76534.0,0.1252985774697002,0.1106448262680185,0.0043771395719549,0.5134328358208955,,39458.0,1815.0,31.0,1.0,1.0,1.0,19.0,both,508.61,510.3045806451613,306.75,31.0,5.0,both
2024,2022,True,OH,52664,"Summa Insurance Company, Inc.",,,170.0,114.0,,,194475.0,20474.0,44158.0,12624.0,214949.0,56782.0,0.2641649879738915,0.2270626044478725,0.0029939065196717,0.6705882352941176,,3549.0,3549.0,17.0,1.0,1.0,1.0,9.0,both,373.3250000000001,374.04205882352943,224.65,17.0,2.0,both
2024,2022,True,OH,64353,"Molina Healthcare of Ohio, Inc.",,,546.0,191.0,15.0,,611173.0,41896.0,137574.0,17045.0,653069.0,154619.0,0.2367575248557197,0.2250982945908932,0.0035312607118142,0.3498168498168498,,88612.0,4359.0,7.0,3.0,1.0,1.0,1.0,both,403.345,412.39303571428576,318.9,7.0,16.0,both
2024,2022,True,OH,74313,Paramount Insurance Company,,,29.0,21.0,,,106069.0,4683.0,15017.0,2187.0,110752.0,17204.0,0.1553380525859578,0.1415776522829478,0.0016856544989537,0.7241379310344828,,6896.0,742.0,11.0,1.0,1.0,2.0,2.0,both,490.57,499.6913636363636,335.61,11.0,2.0,both
2024,2022,True,OH,77552,"CareSource Ohio, Inc.",,,533.0,227.0,25.0,,2238460.0,200578.0,444660.0,124019.0,2439038.0,568679.0,0.2331570889834434,0.1986454973508573,0.0009372598601319,0.425891181988743,,240439.0,17594.0,13.0,2.0,1.0,2.0,2.0,both,480.4,477.2398617511521,278.57,13.0,17.0,both
2024,2022,True,OH,84867,Aetna Health Inc. (a PA corp.),,,,,,,,,,,,,,,,,,,,,,,,,left_only,,,,,,left_only
2024,2022,True,OH,99969,Medical Health Insuring Corp. of Ohio,,,632.0,356.0,12.0,,1859204.0,74595.0,192874.0,72814.0,1933799.0,265688.0,0.137391735128625,0.1037400952235472,0.0023787299388756,0.5632911392405063,,358916.0,18464.0,100.0,1.0,5.0,10.0,60.0,both,468.28,465.8070833333333,209.71,100.0,17.0,both
2024,2022,True,OK,21333,Medica Insurance Company,,,160.0,66.0,,,397303.0,57102.0,87492.0,29031.0,454405.0,116523.0,0.2564298368195772,0.2202147982773852,0.0013731194699758,0.4125,,46703.0,10026.0,27.0,3.0,4.0,6.0,4.0,both,498.925,542.0806818181818,263.51,27.0,5.0,both
2024,2022,True,OK,45480,"UnitedHealthcare of Oklahoma, Inc.",,,135.0,53.0,,,71800.0,17706.0,21668.0,11353.0,89506.0,33021.0,0.3689249882689429,0.3017827298050139,0.0040883074407195,0.3925925925925926,,12144.0,1478.0,10.0,1.0,1.0,1.0,10.0,both,455.33,463.45200000000006,385.88,10.0,2.0,both
2024,2022,True,OK,58944,"Taro Health Plan of Oklahoma, Inc.",,,,,,,,,,,,,,,,,,,,,,,,,left_only,,,,,,left_only
2024,2022,True,OK,62505,Celtic Insurance Company,,,52.0,24.0,,,120901.0,41613.0,27634.0,8004.0,162514.0,35638.0,0.2192918763921877,0.2285671747959074,0.0014591166732139,0.4615384615384615,,12030.0,186.0,21.0,2.0,1.0,1.0,21.0,both,457.65,461.8547619047619,354.48,21.0,2.0,both
2024,2022,True,OK,87571,Blue Cross Blue Shield of Oklahoma,,,644.0,178.0,15.0,,7664353.0,286991.0,1144634.0,95272.0,7951344.0,1239906.0,0.1559366567463312,0.149345156727515,0.0005193942121418,0.2763975155279503,,66569.0,14156.0,56.0,2.0,2.0,10.0,15.0,both,522.97,522.6594642857143,368.83,56.0,5.0,both
2024,2022,True,OK,91908,Oscar Insurance Company,,,92.0,63.0,,,112573.0,18984.0,16348.0,7219.0,131557.0,23567.0,0.1791390803986104,0.1452213230525969,0.0039037637374294,0.6847826086956522,,6012.0,1065.0,27.0,1.0,1.0,1.0,18.0,both,483.0,461.0118518518518,326.66,27.0,1.0,both
2024,2022,True,OK,98905,CommunityCare HMO Inc.,,,88.0,59.0,,,189554.0,10243.0,18554.0,3331.0,199797.0,21885.0,0.1095361792219102,0.0978823976281165,0.0040210189627598,0.6704545454545454,,1782.0,120.0,7.0,1.0,1.0,1.0,4.0,both,477.32,418.2585714285714,250.5,7.0,2.0,both
2024,2022,True,OR,10091,PacificSource Health Plans,,,6904.0,1697.0,36.0,11.0,823528.0,19356.0,24602.0,4675.0,842884.0,29277.0,0.0347343169404093,0.0298739083552714,0.2358165112545684,0.2457995365005793,0.3055555555555556,2433.0,184.0,9.0,2.0,1.0,1.0,0.0,both,494.0,452.73015873015873,229.0,9.0,7.0,both
2024,2022,True,OR,39424,"Moda Health Plan, Inc.",,,172.0,53.0,15.0,,1005743.0,51937.0,150744.0,24791.0,1057680.0,175535.0,0.1659622948339762,0.1498832206637282,0.0009798615660694,0.3081395348837209,,61198.0,2409.0,22.0,3.0,2.0,2.0,5.0,both,488.5,485.4387755102041,336.0,22.0,7.0,both
2024,2022,True,OR,56707,Providence Health Plan,,,394.0,242.0,152.0,,523527.0,50177.0,18702.0,25639.0,573704.0,44341.0,0.0772889852606919,0.0357230859153396,0.0088856814235132,0.6142131979695431,,18534.0,2259.0,11.0,9.0,3.0,3.0,0.0,both,457.5,468.8,308.0,11.0,7.0,both
2024,2022,True,OR,63474,BridgeSpan Health Company,,,12.0,,,,16345.0,865.0,2305.0,721.0,17210.0,3026.0,0.1758280069726903,0.1410217191801774,0.0039656311962987,,,,,3.0,1.0,1.0,1.0,0.0,both,541.19,535.5371428571428,364.24,3.0,7.0,both
2024,2022,True,OR,71287,Kaiser Foundation Healthplan of the NW,,,76.0,39.0,,,15922.0,3828.0,1164.0,654.0,19750.0,1818.0,0.0920506329113924,0.073106393669137,0.0418041804180418,0.5131578947368421,,93.0,30.0,10.0,1.0,1.0,1.0,0.0,both,427.0,399.96,313.0,10.0,5.0,both
2024,2022,True,OR,77969,Regence BlueCross BlueShield of Oregon,,,199.0,31.0,41.0,,363786.0,40277.0,42026.0,32031.0,404063.0,74057.0,0.1832808250198607,0.1155239618896823,0.0026871193810173,0.1557788944723618,,,155.0,27.0,4.0,3.0,3.0,7.0,both,465.99,470.7872897196261,308.71,27.0,7.0,both
2024,2022,True,SC,26065,Blue Cross and Blue Shield of South Carolina,,,3055.0,1081.0,67.0,13.0,9840399.0,218255.0,2127428.0,198620.0,10058654.0,2326048.0,0.2312484354268473,0.2161932661470332,0.0013133864821362,0.3538461538461538,0.1940298507462686,560631.0,8417.0,25.0,4.0,3.0,3.0,4.0,both,492.65,464.39561124694376,194.51,25.0,46.0,both
2024,2022,True,SC,33764,"UnitedHealthcare of South Carolina, Inc.",,,,,,,,,,,,,,,,,,,,,,,,,left_only,,,,,,left_only
2024,2022,True,SC,42326,"MOLINA HEALTHCARE OF SOUTH CAROLINA, INC",,,535.0,236.0,,,102995.0,8523.0,17230.0,3446.0,111518.0,20676.0,0.1854050467189153,0.1672896742560318,0.0258754111046624,0.4411214953271028,,9747.0,898.0,7.0,3.0,1.0,1.0,1.0,both,488.74,490.4635548172757,355.67,7.0,43.0,both
2024,2022,True,SC,73033,"Cigna HealthCare of South Carolina, Inc.",,,,,,,,,,,,,,,,,,,,,,,,,left_only,,,,,,left_only
2024,2022,True,SC,73107,Select Health of South Carolina,,,,,,,,,,,,,,,,,,,,,,,,,left_only,,,,,,left_only
2024,2022,True,SC,79222,"Absolute Total Care, Inc",,,641.0,405.0,,,1518301.0,165395.0,269843.0,57667.0,1683696.0,327510.0,0.1945184878980528,0.1777269461062068,0.0019571921468046,0.6318252730109204,,118297.0,884.0,28.0,3.0,1.0,1.0,15.0,both,445.01,448.4292942176871,246.89,28.0,42.0,both
2024,2022,True,SD,31195,Sanford Health Plan,,,253.0,165.0,,,859370.0,19026.0,41849.0,5954.0,878396.0,47803.0,0.0544207851584023,0.0486973015115724,0.0052925548605736,0.6521739130434783,,19146.0,298.0,16.0,2.0,2.0,2.0,0.0,both,469.95,486.0052083333333,223.52,16.0,4.0,both
2024,2022,True,SD,50305,Wellmark of South Dakota,,,,,,,,,,,,,,,,,,,,,,,,,left_only,,,,,,left_only
2024,2022,True,SD,60536,"Avera Health Plans, Inc.",,,130.0,51.0,,,432992.0,5810.0,13424.0,1682.0,438802.0,15106.0,0.034425549564496,0.0310028822703421,0.0086058519793459,0.3923076923076923,,8084.0,493.0,17.0,2.0,1.0,2.0,6.0,both,479.965,532.7638461538462,255.14,17.0,4.0,both
2024,2022,True,TN,14002,BlueCross BlueShield of Tennessee,,,129.0,55.0,,,3680920.0,209318.0,634727.0,146299.0,3890238.0,781026.0,0.2007656086851241,0.1724370537800332,0.0001651673567845,0.4263565891472868,,198574.0,17920.0,83.0,1.0,2.0,8.0,29.0,both,553.76,556.2534939759037,322.52,83.0,8.0,both
2024,2022,True,TN,23552,Oscar Insurance Company,,,104.0,44.0,,,113202.0,11976.0,16916.0,7415.0,125178.0,24331.0,0.1943712153892856,0.1494319888341195,0.0042743824750318,0.4230769230769231,,6862.0,693.0,16.0,1.0,1.0,1.0,4.0,both,457.845,471.4240625,298.5,16.0,2.0,both
2024,2022,True,TN,31663,US Health and Life Insurance Company,,,,,,,,,,,,,,,,,,,,,,,,,left_only,,,,,,left_only
2024,2022,True,TN,69443,UnitedHealthcare Insurance Company,,,621.0,254.0,,,631225.0,69478.0,195488.0,45515.0,700703.0,241003.0,0.3439445813704237,0.3096962255930928,0.0025767314099824,0.4090177133655394,,85695.0,6958.0,10.0,1.0,1.0,1.0,3.0,both,519.435,522.6418333333334,332.45,10.0,6.0,both
2024,2022,True,TN,70111,Celtic Insurance Company,,,731.0,413.0,,,1947548.0,355576.0,320566.0,67817.0,2303124.0,388383.0,0.1686331261364998,0.1645997942027616,0.0018821627105202,0.5649794801641587,,152803.0,1663.0,25.0,2.0,1.0,1.0,14.0,both,454.59,452.2082857142857,319.93,25.0,7.0,both
2024,2022,True,TN,99248,Cigna Health and Life Insurance Company,,,793.0,235.0,13.0,,4953035.0,155479.0,884137.0,132011.0,5108514.0,1016148.0,0.1989126387830198,0.1785040889071044,0.0007803981309809,0.296343001261034,,228551.0,7594.0,12.0,1.0,1.0,1.0,4.0,both,457.425,469.8902777777778,383.94,12.0,6.0,both
2024,2022,True,TX,17933,"Moda Health Plan, Inc.",,,,,,,17056.0,4847.0,4377.0,2300.0,21903.0,6677.0,0.3048440852851207,0.256625234521576,,,,1246.0,201.0,7.0,1.0,1.0,1.0,7.0,both,487.0,487.1428571428572,399.0,7.0,1.0,both
2024,2022,True,TX,20069,Oscar Insurance Company,,,2827.0,1355.0,33.0,25.0,4277370.0,510262.0,498535.0,247796.0,4787632.0,746331.0,0.1558872945957417,0.1165517596092926,0.003787863561878,0.4793066855323664,0.7575757575757576,239158.0,35704.0,68.0,2.0,2.0,2.0,55.0,both,448.585,432.5555392156863,260.09,68.0,5.0,both
2024,2022,True,TX,27248,"Community Health Choice, Inc.",,,661.0,183.0,16.0,12.0,3902036.0,466378.0,586369.0,132706.0,4368414.0,719075.0,0.164607795872827,0.1502725756502503,0.0009192365191391,0.2768532526475037,0.75,94376.0,8693.0,9.0,1.0,4.0,2.0,3.0,both,453.32,444.32814814814816,334.23,9.0,3.0,both
2024,2022,True,TX,29418,Celtic Insurance Company,,,2261.0,1362.0,660.0,586.0,12532905.0,1424157.0,1763710.0,460334.0,13957062.0,2224044.0,0.1593490091252729,0.1407263519511238,0.0010166165777295,0.6023883237505528,0.8878787878787879,926231.0,15453.0,86.0,3.0,1.0,2.0,42.0,both,523.03,538.514446511628,383.41,86.0,21.0,both
2024,2022,True,TX,33602,Blue Cross Blue Shield of Texas,,,4657.0,2350.0,69.0,13.0,13580083.0,812557.0,2666196.0,206762.0,14392640.0,2872958.0,0.1996129966427285,0.1963313479011873,0.0016209774037768,0.5046167060339274,0.1884057971014492,160786.0,18354.0,298.0,3.0,2.0,30.0,52.0,both,477.035,481.95577181208057,298.21,298.0,26.0,both
2024,2022,True,TX,34826,"Imperial Insurance Companies, Inc.",,,,,,,,,,,,,,,,,,,,,,,,,left_only,,,,,,left_only
2024,2022,True,TX,40220,"UnitedHealthcare of Texas, Inc.",,,2328.0,931.0,15.0,,2041995.0,613808.0,615246.0,401734.0,2655803.0,1016980.0,0.3829274987640273,0.3012965261912982,0.0022891305630395,0.399914089347079,,358661.0,66267.0,13.0,1.0,2.0,1.0,13.0,both,441.7,424.1407692307693,291.32,13.0,5.0,both
2024,2022,True,TX,40788,Scott and White Health Plan,,,893.0,518.0,13.0,,2426299.0,141709.0,325281.0,40974.0,2568008.0,366255.0,0.1426222192454229,0.1340646804041876,0.0024381919700754,0.58006718924972,,531922.0,82669.0,9.0,1.0,1.0,1.0,1.0,both,462.44,444.9724074074074,367.11,9.0,6.0,both
2024,2022,True,TX,45786,"Molina Healthcare of Texas, Inc.",,,4151.0,2779.0,70.0,28.0,479698.0,76141.0,83574.0,27596.0,555839.0,111170.0,0.2000039579806382,0.1742221147471951,0.0373392102185841,0.6694772344013491,0.4,39724.0,6211.0,9.0,3.0,1.0,1.0,2.0,both,473.66,475.1648148148148,432.16,9.0,9.0,both
2024,2022,True,TX,57125,US HEALTH AND LIFE INSURANCE COMPANY,,,,,,,,,,,,,,,,,,,,,,,,,left_only,,,,,,left_only
2024,2022,True,TX,58840,Aetna Health Inc.  (a TX corp.),,,86.0,36.0,,,287625.0,412864.0,98052.0,384260.0,700489.0,482312.0,0.6885361511743939,0.3409022164276402,0.0001783078173464,0.4186046511627907,,10734.0,1204.0,20.0,1.0,4.0,4.0,20.0,both,441.84,447.1875,327.65,20.0,4.0,both
2024,2022,True,TX,66252,CHRISTUS Health Plan,,,203.0,57.0,,,260434.0,41194.0,17943.0,10088.0,301628.0,28031.0,0.0929323537602609,0.0688965342466805,0.0072419820912561,0.2807881773399014,,13936.0,3745.0,88.0,11.0,1.0,8.0,26.0,both,449.25,436.46886363636366,259.6,88.0,8.0,both
2024,2022,True,TX,71837,"Sendero Health Plans, Inc.",,,26.0,,,,288610.0,365.0,83908.0,152.0,288975.0,84060.0,0.2908902154165585,0.2907314368871487,0.000309302878896,,,43027.0,22.0,5.0,1.0,1.0,1.0,1.0,both,427.2,486.148,395.18,5.0,2.0,both
2024,2022,True,TX,76589,"Cigna HealthCare of Texas, Inc.",,,,,,,,,,,,,,,,,,,,,,,,,left_only,,,,,,left_only
2024,2022,True,TX,87226,Superior Health Plan,,,210.0,128.0,85.0,82.0,2238445.0,996000.0,407805.0,386482.0,3234445.0,794287.0,0.245571342224091,0.1821822738552879,0.0002643880612423,0.6095238095238096,0.9647058823529412,247635.0,13268.0,23.0,5.0,2.0,5.0,23.0,both,502.43,529.2590361445783,392.52,23.0,21.0,both
2024,2022,True,UT,18167,Molina Healthcare of Utah,,,135.0,92.0,,,49408.0,3897.0,7988.0,1915.0,53305.0,9903.0,0.1857799455960979,0.1616742227979274,0.0136322326567706,0.6814814814814815,,4425.0,637.0,7.0,3.0,1.0,1.0,1.0,both,457.71,501.57457142857146,442.3,7.0,5.0,both
2024,2022,True,UT,22013,Regence BlueCross BlueShield of Utah,,,138.0,27.0,,,323213.0,41526.0,47527.0,31863.0,364739.0,79390.0,0.2176624929058861,0.1470454468106171,0.0017382541881849,0.1956521739130435,,,109.0,12.0,3.0,2.0,2.0,7.0,both,418.64,420.28625000000005,288.81,12.0,5.0,both
2024,2022,True,UT,34541,BridgeSpan Health Company,,,,,,,1889.0,534.0,710.0,500.0,2423.0,1210.0,0.4993809327280231,0.3758602435150873,,,,,,4.0,1.0,1.0,1.0,2.0,both,446.295,448.3835,321.48,4.0,5.0,both
2024,2022,True,UT,38927,Aetna Health of Utah Inc.,,,,,,,,,,,,,,,,,,,,,,,,,left_only,,,,,,left_only
2024,2022,True,UT,42261,University of Utah Health Insurance Plans,,,532.0,189.0,15.0,,535566.0,9219.0,112076.0,6421.0,544785.0,118497.0,0.217511495360555,0.2092664582889877,0.0044895651366701,0.3552631578947368,,56837.0,338.0,17.0,2.0,2.0,2.0,3.0,both,527.53,523.0675609756098,330.93,17.0,6.0,both
2024,2022,True,UT,68781,"SelectHealth, Inc.",,,3884.0,1455.0,25.0,12.0,9304836.0,332699.0,1366766.0,167379.0,9637535.0,1534145.0,0.1591843765029128,0.1468877044152094,0.0025317033266086,0.3746138002059732,0.48,736981.0,39838.0,34.0,3.0,3.0,3.0,15.0,both,383.51,409.4548936170213,252.65,34.0,6.0,both
2024,2022,True,UT,81808,Cigna Health and Life Insurance Company,,,18.0,,,,85312.0,6372.0,18141.0,5778.0,91684.0,23919.0,0.2608852144321801,0.2126430045011252,0.0007525398218989,,,3948.0,294.0,11.0,2.0,1.0,1.0,4.0,both,502.13,478.99969696969697,387.55,11.0,3.0,both
2024,2022,True,UT,98113,"Imperial Health Plan of the Southwest, Inc.",,,,,,,,,,,,,,,,,,,,,,,,,left_only,,,,,,left_only
2024,2022,True,WI,14630,Chorus Community Health Plans,,,285.0,127.0,12.0,,182301.0,6882.0,16826.0,2487.0,189183.0,19313.0,0.1020863396816838,0.0922979029187991,0.0147568994977476,0.4456140350877193,,2228.0,83.0,8.0,1.0,1.0,1.0,1.0,both,431.73,431.33,286.39,8.0,5.0,both
2024,2022,True,WI,20173,HealthPartners Insurance Company,,,11.0,,,,313587.0,6360.0,19972.0,833.0,319947.0,20805.0,0.0650263949966713,0.0636888646531903,0.0005287190579187,,,21676.0,603.0,17.0,1.0,2.0,2.0,5.0,both,466.24,446.5436,289.8,17.0,6.0,both
2024,2022,True,WI,37833,Quartz Health Benefit Plans Corporation,,,150.0,31.0,,,626070.0,5160.0,86327.0,862.0,631230.0,87189.0,0.1381255643743168,0.1378871372210775,0.0017204005092385,0.2066666666666666,,19269.0,111.0,88.0,3.0,3.0,5.0,76.0,both,490.49,478.1161515151515,254.9,88.0,11.0,both
2024,2022,True,WI,38166,"Security Health Plan of Wisconsin, Inc.",,,140.0,92.0,,,728690.0,36261.0,65095.0,14471.0,764951.0,79566.0,0.1040145055042741,0.089331540161111,0.0017595455345247,0.6571428571428571,,94906.0,3952.0,30.0,3.0,3.0,3.0,14.0,both,455.58,450.15808333333337,216.52,30.0,9.0,both
2024,2022,True,WI,38345,Dean Health Plan,,,215.0,111.0,,,1099434.0,40255.0,127692.0,12753.0,1139689.0,140445.0,0.1232309866990029,0.1161433974208547,0.0015308483748086,0.5162790697674419,,128275.0,2356.0,54.0,3.0,3.0,6.0,2.0,both,431.67,423.6365441176471,221.8,54.0,8.0,both
2024,2022,True,WI,52697,"Molina Healthcare of Wisconsin, Inc.",,,258.0,90.0,,,104458.0,5575.0,13822.0,2984.0,110033.0,16806.0,0.1527359973826034,0.1323211242796147,0.0153516601213852,0.3488372093023256,,7481.0,659.0,7.0,3.0,1.0,1.0,1.0,both,473.17,482.921746031746,407.97,7.0,9.0,both
2024,2022,True,WI,57845,Medica Community Health Plan,,,153.0,103.0,0.0,0.0,445056.0,13496.0,54813.0,9268.0,458552.0,64081.0,0.1397464191629302,0.1231597821397756,0.002387603189713,0.673202614379085,,29668.0,3179.0,16.0,2.0,2.0,3.0,2.0,both,523.1800000000001,522.1341666666667,241.1,16.0,7.0,both
2024,2022,True,WI,58326,"MercyCare HMO, Inc.",,,26.0,16.0,,,224919.0,8177.0,22765.0,1829.0,233096.0,24594.0,0.1055101760647973,0.10121421489514,0.0010571684150605,0.6153846153846154,,48727.0,972.0,9.0,1.0,1.0,1.0,0.0,both,376.54,364.75666666666666,277.23,9.0,1.0,both
2024,2022,True,WI,79475,Compcare Health Serv Ins Co(Anthem BCBS),,,60.0,33.0,,,255744.0,43874.0,68701.0,27985.0,299618.0,96686.0,0.3226975682368883,0.2686319131631631,0.000620565542064,0.55,,45650.0,5761.0,8.0,1.0,1.0,1.0,0.0,both,371.03,375.3559375,304.88,8.0,4.0,both
2024,2022,True,WI,80180,"UnitedHealthcare of Wisconsin, Inc.",,,,,,,,,,,,,,,,,,,,,,,,,left_only,,,,,,left_only
2024,2022,True,WI,81413,Network Health Plan,,,18.0,,,,242187.0,7682.0,35043.0,4754.0,249869.0,39797.0,0.1592714582441199,0.1446939761424023,0.0004522953991506,,,15868.0,965.0,18.0,2.0,2.0,2.0,2.0,both,472.93,528.3341666666666,295.95,18.0,4.0,both
2024,2022,True,WI,86584,"Aspirus Health Plan, Inc.",,,14.0,,,,471398.0,18019.0,61292.0,9218.0,489417.0,70510.0,0.1440693723348392,0.130021765047794,0.0001985533966813,,,69220.0,1816.0,12.0,2.0,1.0,1.0,0.0,both,440.9,455.02309523809527,250.35,12.0,7.0,both
2024,2022,True,WI,87416,Common Ground Healthcare Cooperative,,,262.0,83.0,,,2820526.0,95695.0,465910.0,40104.0,2916221.0,506014.0,0.1735170276875449,0.1651855008604777,0.0005177722355507,0.3167938931297709,,234661.0,7420.0,55.0,3.0,1.0,2.0,46.0,both,447.465,433.4993142857143,228.09,55.0,8.0,both
2024,2022,True,WI,94529,Group Health Cooperative of South Central Wisconsin,,,,,,,206749.0,7463.0,15174.0,1840.0,214212.0,17014.0,0.0794259892069538,0.0733933416848449,,,,29571.0,525.0,34.0,2.0,2.0,2.0,7.0,both,439.53,432.13284313725495,273.42,34.0,5.0,both
2024,2022,True,WV,31274,Highmark Blue Cross Blue Shield West Virginia,,,48.0,22.0,,,531328.0,13286.0,52289.0,1673.0,544614.0,53962.0,0.0990830202675656,0.0984119037581305,0.0008895148437789,0.4583333333333333,,1555.0,,11.0,6.0,1.0,1.0,3.0,both,858.66,792.5532231404959,425.56,11.0,11.0,both
2024,2022,True,WV,50328,CareSource West Virginia Co.,,,13.0,,,,430096.0,43040.0,87511.0,29354.0,473136.0,116865.0,0.2470008623313381,0.2034685279565492,0.0001112394643391,,,37406.0,5595.0,11.0,2.0,1.0,1.0,0.0,both,767.12,765.065041322314,505.72,11.0,11.0,both
2024,2022,True,WY,11269,Blue Cross Blue Shield of Wyoming,,,982.0,678.0,,,821613.0,18226.0,89175.0,7450.0,839839.0,96625.0,0.1150518135023498,0.1085365007613073,0.010163001293661,0.6904276985743381,,138985.0,626.0,14.0,2.0,1.0,1.0,2.0,both,652.575,653.6628571428571,477.61,14.0,3.0,both
2024,2022,True,WY,38576,Montana Health Cooperative,,,100.0,19.0,,,135389.0,19872.0,13268.0,1947.0,155261.0,15215.0,0.0979962772363955,0.0979990988928199,0.0065724613867893,0.19,,8123.0,1192.0,7.0,1.0,1.0,1.0,3.0,both,644.21,639.6,532.93,7.0,3.0,both
2025,2023,True,AK,38344,Premera Blue Cross Blue Shield of Alaska,,,252.0,125.0,,,732654.0,44793.0,186285.0,23449.0,777447.0,209734.0,0.2697727304883806,0.2542605377163026,0.0012015219277751,0.496031746031746,,66830.0,7044.0,9.0,4.0,1.0,1.0,3.0,both,715.68,677.8225925925925,513.79,9.0,3.0,both
2025,2023,True,AK,73836,"Moda Health Plan, Inc.",,,,,,,,,,,,,,,,,,,,,,,,,left_only,,,,,,left_only
2025,2023,True,AL,46944,Blue Cross and Blue Shield of Alabama,,,1730.0,806.0,80.0,0.0,13033751.0,240263.0,4533017.0,216318.0,13274014.0,4749335.0,0.3577919233775103,0.3477906705444963,0.0003642615229289,0.4658959537572254,0.0,933590.0,41635.0,12.0,12.0,2.0,2.0,4.0,both,567.49,552.6862878787879,296.33,12.0,13.0,both
2025,2023,True,AL,53932,Celtic Insurance Company,,,218.0,73.0,0.0,0.0,714117.0,265380.0,121096.0,52917.0,979497.0,174013.0,0.1776554701035327,0.1695744534859133,0.0012527799647152,0.3348623853211009,,56606.0,1973.0,18.0,2.0,1.0,1.0,18.0,both,543.74,537.9929861111111,384.62,18.0,8.0,both
2025,2023,True,AL,69461,UnitedHealthcare Insurance Company,,,597.0,174.0,,,770887.0,273505.0,320530.0,187474.0,1044392.0,508004.0,0.4864112325640181,0.4157937544672565,0.001175187596948,0.2914572864321608,,99411.0,17175.0,14.0,1.0,1.0,1.0,1.0,both,656.26,624.0699107142857,449.07,14.0,8.0,both
2025,2023,True,AR,13262,"HMO Partners, Inc.",,,1164.0,398.0,,,1360502.0,27333.0,239109.0,9200.0,1387835.0,248309.0,0.178918243162912,0.1757505685401418,0.0046877076545755,0.3419243986254295,,32985.0,360.0,4.0,1.0,1.0,1.0,2.0,both,520.845,526.7975,425.46,4.0,7.0,both
2025,2023,True,AR,37903,"QualChoice Life & Health Insurance Company, Inc.",,,392.0,105.0,0.0,0.0,1893336.0,105320.0,234093.0,13001.0,1998656.0,247094.0,0.1236300794133657,0.1236404948725424,0.0015864407877164,0.2678571428571428,,91859.0,748.0,5.0,1.0,1.0,1.0,4.0,both,459.21,492.972,415.54,5.0,7.0,both
2025,2023,True,AR,48772,"USAble HMO, Inc.",,,,,,,,,,,,,,,,,,,,,,,,,left_only,,,,,,left_only
2025,2023,True,AR,62141,Celtic Insurance Company,,,1574.0,541.0,,,6001878.0,310451.0,745529.0,34395.0,6312329.0,779924.0,0.1235556638445176,0.1242159537398127,0.0020181453577528,0.343710292249047,,311355.0,1718.0,23.0,2.0,1.0,1.0,4.0,both,435.56,440.0434782608696,353.52,23.0,7.0,both
2025,2023,True,AR,70525,"QCA Health Plan, Inc.",,,413.0,133.0,0.0,0.0,1871499.0,101098.0,229346.0,11600.0,1972597.0,240946.0,0.1221465915237628,0.1225466858384642,0.0017140770131066,0.3220338983050847,,90610.0,782.0,7.0,1.0,1.0,1.0,5.0,both,460.86,473.9142857142857,395.33,7.0,7.0,both
2025,2023,True,AR,75293,USAble Mutual Insurance Company,,,7480.0,2341.0,23.0,12.0,5906543.0,39719.0,959814.0,14822.0,5946262.0,974636.0,0.1639073421251872,0.1625001290941249,0.007674660078224,0.3129679144385027,0.5217391304347826,224047.0,186.0,12.0,1.0,1.0,1.0,3.0,both,451.55,466.3375,372.26,12.0,7.0,both
2025,2023,True,AZ,13877,"Oscar Health Plan, Inc.",,,3100.0,1582.0,27.0,,149097.0,14391.0,25984.0,10046.0,163488.0,36030.0,0.2203831473869641,0.1742758070249569,0.0860394116014432,0.5103225806451613,,2706.0,897.0,21.0,1.0,1.0,1.0,4.0,both,411.12,424.3373809523809,273.94,21.0,2.0,both
2025,2023,True,AZ,23435,Banner Health and Aetna Health Plan Inc.,,,278.0,128.0,,0.0,1912839.0,462111.0,422220.0,302572.0,2374950.0,724792.0,0.3051820038316596,0.220729502064732,0.0003835583174207,0.460431654676259,,129003.0,9653.0,9.0,1.0,1.0,1.0,5.0,both,473.01,492.9661111111112,274.41,9.0,6.0,both
2025,2023,True,AZ,40702,"UnitedHealthcare of Arizona, Inc.",,,2220.0,922.0,17.0,,1711443.0,162376.0,678094.0,104289.0,1873819.0,782383.0,0.4175339240342851,0.3962118516363092,0.0028374849658031,0.4153153153153153,,231713.0,15179.0,20.0,1.0,1.0,1.0,7.0,both,392.56,403.9081666666667,289.7,20.0,3.0,both
2025,2023,True,AZ,53901,"Blue Cross and Blue Shield of Arizona, Inc.",,,2209.0,1038.0,50.0,14.0,1370518.0,46614.0,222893.0,42504.0,1417132.0,265397.0,0.1872775436586006,0.1626341281179816,0.0083233796915564,0.469895880488909,0.28,273935.0,5028.0,137.0,2.0,4.0,13.0,53.0,both,634.23,640.104251497006,302.07,137.0,7.0,both
2025,2023,True,AZ,68445,"Antidote Health Plan of Arizona, Inc.",,,,,,,,,,,,,,,,,,,,,,,,,left_only,,,,,,left_only
2025,2023,True,AZ,85533,"Imperial Insurance Companies, Inc.",,,0.0,0.0,0.0,0.0,145.0,138.0,0.0,0.0,283.0,0.0,0.0,0.0,,,,0.0,,5.0,2.0,1.0,1.0,5.0,both,469.51,489.432,385.15,5.0,1.0,both
2025,2023,True,AZ,91450,"Health Net of Arizona, Inc.",,,578.0,359.0,19.0,,3589419.0,397207.0,468270.0,135845.0,3986626.0,604115.0,0.1515354086387838,0.130458439095575,0.0009567714756296,0.6211072664359861,,328481.0,9562.0,39.0,3.0,2.0,2.0,17.0,both,425.47,453.6575141242938,294.76,39.0,5.0,both
2025,2023,True,AZ,97667,"Cigna HealthCare of Arizona, Inc",,,31.0,15.0,,0.0,232830.0,17563.0,36044.0,15986.0,250393.0,52030.0,0.207793348855599,0.1548082291800884,0.0005958101095521,0.4838709677419355,,10446.0,777.0,18.0,1.0,1.0,1.0,6.0,both,459.21,528.8553703703703,379.98,18.0,3.0,both
2025,2023,True,DE,64004,Celtic Insurance Company,,,,,,,,,,,,,,,,,,,,,,,,,left_only,,,,,,left_only
2025,2023,True,DE,67190,Aetna Health Inc. (a PA corp.),,,,,0.0,0.0,60919.0,11323.0,13615.0,8975.0,72242.0,22590.0,0.3126989839705434,0.2234934913573762,,,,2346.0,1420.0,9.0,1.0,1.0,1.0,9.0,both,548.97,523.4488888888889,403.18,9.0,1.0,both
2025,2023,True,DE,72760,"AmeriHealth Caritas VIP Next, Inc.",,,0.0,0.0,0.0,0.0,3427.0,261.0,1709.0,201.0,3688.0,1910.0,0.5178958785249458,0.4986868981616574,0.0,,,954.0,22.0,4.0,1.0,1.0,1.0,4.0,both,497.785,493.635,404.78,4.0,1.0,both
2025,2023,True,DE,76168,Highmark BCBSD Inc.,,,196.0,58.0,,,1063273.0,29837.0,146665.0,9747.0,1093110.0,156412.0,0.1430889846401551,0.1379372936207352,0.001253100785106,0.2959183673469387,,2366.0,441.0,17.0,8.0,1.0,1.0,6.0,both,556.33,558.1288235294118,318.89,17.0,1.0,both
2025,2023,True,FL,16842,Blue Cross and Blue Shield of Florida,,,2677.0,1183.0,97.0,33.0,21253164.0,806300.0,3923703.0,58649.0,22059464.0,3982352.0,0.1805280490949372,0.1846173586201094,0.0006722158161809,0.4419125887187149,0.3402061855670103,1287641.0,108102.0,34.0,2.0,2.0,2.0,12.0,both,688.05,752.1199584076054,351.71,34.0,67.0,both
2025,2023,True,FL,18628,Aetna Health Inc. (a FL corp.),,,988.0,381.0,21.0,,11920740.0,497117.0,2654415.0,203060.0,12417857.0,2857475.0,0.2301101550774823,0.2226719985504255,0.0003457598054226,0.3856275303643725,,813705.0,2450.0,35.0,1.0,5.0,5.0,35.0,both,500.19,501.44308270676686,347.95,35.0,19.0,both
2025,2023,True,FL,19898,"AvMed, Inc.",,,27.0,19.0,,,473890.0,61054.0,147403.0,29055.0,534944.0,176458.0,0.3298625650535383,0.3110489776108379,0.0001530109147785,0.7037037037037037,,26821.0,1081.0,88.0,2.0,2.0,5.0,74.0,both,632.51,653.2306735751296,359.92,88.0,22.0,both
2025,2023,True,FL,30252,"Health Options, Inc.",,,2937.0,1130.0,79.0,21.0,39268216.0,399597.0,9940136.0,26805.0,39667813.0,9966941.0,0.2512601589606162,0.2531343924562297,0.0002946741633165,0.3847463398025196,0.2658227848101265,2509277.0,55642.0,75.0,3.0,2.0,6.0,31.0,both,540.38,577.7726531728665,358.15,75.0,59.0,both
2025,2023,True,FL,36194,"Health First Commercial Plans, Inc.",,,412.0,178.0,,,1826300.0,88711.0,352972.0,52502.0,1915011.0,405474.0,0.2117345540051728,0.1932716421179433,0.001016094743436,0.4320388349514563,,118941.0,10004.0,26.0,4.0,2.0,3.0,5.0,both,464.06,460.97243478260873,212.57,26.0,5.0,both
2025,2023,True,FL,40572,Oscar Insurance Company of Florida,,,221043.0,99456.0,571.0,92.0,16627306.0,1325715.0,2806266.0,591442.0,17953021.0,3397708.0,0.1892555019013234,0.1687745447157825,0.0650565027954138,0.4499396045113394,0.1611208406304728,299257.0,30126.0,52.0,2.0,1.0,2.0,8.0,both,486.83,470.393275862069,259.95,52.0,29.0,both
2025,2023,True,FL,44228,Simply Healthcare Plans Inc dba Wellpoint Florida Inc,,,,,,,,,,,,,,,,,,,,,,,,,left_only,,,,,,left_only
2025,2023,True,FL,48121,Cigna Health and Life Insurance Company,,,1144.0,309.0,14.0,,4657948.0,216738.0,948441.0,183523.0,4874686.0,1131964.0,0.2322127004693225,0.2036177733199254,0.0010106328469809,0.2701048951048951,,193152.0,9430.0,24.0,1.0,1.0,1.0,7.0,both,499.5750000000001,525.4131944444445,394.18,24.0,12.0,both
2025,2023,True,FL,49004,Centene Venture Company Florida,,,,,,,,,,,,,,,,,,,,,,,,,left_only,,,,,,left_only
2025,2023,True,FL,54172,"Molina Healthcare of Florida, Inc",,,732.0,212.0,,0.0,760653.0,67089.0,244390.0,34575.0,827742.0,278965.0,0.3370192644567993,0.3212897339522752,0.002623985087735,0.2896174863387978,,248895.0,28754.0,9.0,3.0,2.0,2.0,4.0,both,508.915,516.9493877551021,354.8,9.0,12.0,both
2025,2023,True,FL,56503,"Florida Health Care Plan, Inc.",,,667.0,157.0,24.0,13.0,2900945.0,90485.0,405810.0,67416.0,2991430.0,473226.0,0.1581939072617443,0.1398888982728042,0.0014094745428188,0.2353823088455772,0.5416666666666666,34753.0,2751.0,45.0,45.0,1.0,1.0,9.0,both,519.9,539.5964888888889,268.07,45.0,5.0,both
2025,2023,True,FL,66966,Capital Health Plan,,,147.0,56.0,,,404627.0,27882.0,31671.0,16444.0,432509.0,48115.0,0.1112462399626366,0.0782720876263818,0.0030551802972046,0.3809523809523809,,12793.0,654.0,6.0,1.0,1.0,1.0,4.0,both,520.8199999999999,543.565925925926,344.77,6.0,9.0,both
2025,2023,True,FL,67926,"AmeriHealth Caritas Florida, Inc.",,,0.0,0.0,0.0,0.0,25325.0,11984.0,13650.0,10137.0,37309.0,23787.0,0.6375673430003485,0.5389930898321816,0.0,,,6054.0,336.0,4.0,1.0,1.0,1.0,4.0,both,473.71,466.55,336.31,4.0,3.0,both
2025,2023,True,FL,68398,"UnitedHealthcare of Florida, Inc.",,,2728.0,752.0,21.0,,2285558.0,495233.0,740703.0,320593.0,2780791.0,1061296.0,0.381652558570565,0.3240797214509542,0.0025704421763579,0.2756598240469208,,356627.0,56457.0,20.0,1.0,2.0,1.0,4.0,both,547.555,555.4764285714286,378.65,20.0,21.0,both
2025,2023,True,FL,86382,Sunshine State Health Plan,,,1053.0,373.0,,,5463460.0,2137897.0,922681.0,258470.0,7601357.0,1181151.0,0.1553868605302974,0.1688821735676659,0.0008915032878946,0.3542260208926875,,419938.0,9588.0,22.0,3.0,3.0,3.0,12.0,both,488.38,499.84703448275854,347.01,22.0,42.0,both
2025,2023,True,HI,18350,Hawaii Medical Service Association,,,82.0,38.0,,0.0,673684.0,4033.0,162934.0,812.0,677717.0,163746.0,0.2416141250699038,0.2418552318297599,0.0005007755914648,0.4634146341463415,,14814.0,41.0,7.0,1.0,3.0,1.0,0.0,both,439.16,414.7971428571428,177.45,7.0,1.0,both
2025,2023,True,HI,60612,"Kaiser Foundation Health Plan, Inc.",,,21.0,,0.0,0.0,13130.0,1878.0,660.0,466.0,15008.0,1126.0,0.0750266524520255,0.0502665651180502,0.0186500888099467,,,88.0,17.0,15.0,1.0,1.0,1.0,4.0,both,482.2,471.29533333333336,329.12,15.0,1.0,both
2025,2023,True,IA,25896,"Wellmark Health Plan of Iowa, Inc.",,,308.0,128.0,,,4366324.0,174461.0,753627.0,140207.0,4540785.0,893834.0,0.1968456995871859,0.1725998803570234,0.0003445829986328,0.4155844155844156,,206753.0,9777.0,12.0,1.0,2.0,2.0,8.0,both,448.02,436.5564,345.69,12.0,7.0,both
2025,2023,True,IA,45819,Oscar Insurance Company,,,2102.0,916.0,,,181038.0,26921.0,32239.0,19446.0,207959.0,51685.0,0.2485345669098235,0.178078635424607,0.0406694398761729,0.4357754519505233,,3519.0,526.0,16.0,1.0,1.0,1.0,4.0,both,424.59,409.5196875,260.6,16.0,4.0,both
2025,2023,True,IA,48286,"Iowa Total Care, Inc.",,,,,,,,,,,,,,,,,,,,,,,,,left_only,,,,,,left_only
2025,2023,True,IA,56610,"UnitedHealthcare Plan of the River Valley, Inc.",,,,,,,,,,,,,,,,,,,,,,,,,left_only,,,,,,left_only
2025,2023,True,IA,93078,Medica Insurance Company,,,281.0,126.0,,,607254.0,45024.0,111316.0,39551.0,652278.0,150867.0,0.2312924857192792,0.1833104434058894,0.0018625676920731,0.4483985765124555,,58257.0,11560.0,44.0,5.0,6.0,6.0,22.0,both,509.51,517.661048951049,276.77,44.0,7.0,both
2025,2023,True,IL,11574,"Oscar Health Plan, Inc.",,,722.0,238.0,11.0,0.0,49013.0,10823.0,10211.0,7445.0,59836.0,17656.0,0.2950732000802192,0.2083324832187378,0.0408926144086995,0.3296398891966759,0.0,1261.0,174.0,29.0,2.0,2.0,2.0,8.0,both,384.55,387.3650847457627,287.58,29.0,3.0,both
2025,2023,True,IL,20129,"Health Alliance Medical Plans, Inc.",,,221.0,88.0,18.0,,1507897.0,33400.0,187861.0,1734.0,1541297.0,189595.0,0.1230100363525005,0.1245847693841157,0.0011656425538648,0.3981900452488687,,25722.0,385.0,14.0,2.0,1.0,1.0,4.0,both,630.79,613.4219642857142,348.25,14.0,8.0,both
2025,2023,True,IL,27833,Celtic Insurance Company,,,314.0,140.0,,,1681947.0,362141.0,230759.0,68350.0,2044088.0,299109.0,0.1463288273303302,0.1371975454636798,0.0010497845267109,0.445859872611465,,85662.0,5454.0,36.0,2.0,1.0,1.0,13.0,both,442.49,448.98837962962966,275.72,36.0,6.0,both
2025,2023,True,IL,32355,"Molina Healthcare of Illinois, Inc.",,,34.0,13.0,,,91489.0,10178.0,31949.0,4677.0,101667.0,36626.0,0.3602545565424375,0.3492113806031326,0.0009283022989133,0.3823529411764705,,22505.0,1599.0,6.0,2.0,1.0,1.0,2.0,both,409.425,409.5838888888889,392.57,6.0,3.0,both
2025,2023,True,IL,36096,Blue Cross Blue Shield of Illinois,,,2232.0,694.0,84.0,41.0,10556396.0,401870.0,2169193.0,145788.0,10958266.0,2314981.0,0.2112543170607466,0.2054861337145745,0.0009641547813999,0.3109318996415771,0.4880952380952381,115642.0,11290.0,209.0,4.0,4.0,23.0,101.0,both,543.06,557.3701913875598,294.48,209.0,13.0,both
2025,2023,True,IL,42529,"UnitedHealthcare of Illinois, Inc.",,,691.0,271.0,,,486710.0,93250.0,181665.0,68012.0,579960.0,249677.0,0.4305072763638871,0.373251011896201,0.0027675757078144,0.3921852387843705,,69310.0,6967.0,17.0,1.0,2.0,1.0,7.0,both,464.8,519.6173529411765,333.81,17.0,6.0,both
2025,2023,True,IL,53882,"Cigna HealthCare of Illinois, Inc.",,,53.0,24.0,,0.0,347240.0,25748.0,90407.0,23722.0,372988.0,114129.0,0.3059857153581348,0.260358829627923,0.0004643867903863,0.4528301886792453,,13255.0,1226.0,33.0,1.0,2.0,2.0,10.0,both,432.68,443.8821951219512,352.98,33.0,4.0,both
2025,2023,True,IL,54322,"MercyCare HMO, Inc.",,,,,0.0,0.0,67263.0,2660.0,7524.0,1052.0,69923.0,8576.0,0.1226491998341032,0.1118594175103697,,,,15200.0,172.0,8.0,1.0,1.0,1.0,4.0,both,514.44,483.03875,375.42,8.0,1.0,both
2025,2023,True,IL,72547,Aetna Life Insurance Company,,,,,,,,,,,,,,,,,,,,,,,,,left_only,,,,,,left_only
2025,2023,True,IL,85773,Quartz Health Benefit Plans Corporation,,,18.0,,0.0,0.0,71597.0,1282.0,4921.0,763.0,72879.0,5684.0,0.0779922885879334,0.0687319301088034,0.0031667839549612,,,2391.0,,18.0,1.0,1.0,1.0,14.0,both,643.76,605.4383333333333,387.15,18.0,1.0,both
2025,2023,True,IL,99129,Aetna Health Inc. (a PA corp.),,,53.0,26.0,,,167244.0,18091.0,33764.0,11389.0,185335.0,45153.0,0.2436291040548196,0.2018846714979311,0.0011737869023099,0.490566037735849,,4258.0,1017.0,9.0,1.0,1.0,1.0,9.0,both,445.77,427.0961111111111,342.04,9.0,2.0,both
2025,2023,True,IN,17575,Anthem Ins Companies Inc(Anthem BCBS),,,829.0,353.0,,,765012.0,263765.0,77614.0,134069.0,1028777.0,211683.0,0.2057617928861162,0.1014546177053431,0.0039162332355456,0.4258142340168878,,131117.0,35851.0,21.0,2.0,2.0,1.0,11.0,both,405.65,417.4769963369964,310.35,21.0,13.0,both
2025,2023,True,IN,35065,Coordinated Care Corporation Indiana,,,,,,,,,,,,,,,,,,,,,,,,,left_only,,,,,,left_only
2025,2023,True,IN,54192,"CareSource Indiana, Inc.",,,100.0,30.0,83.0,83.0,2965521.0,227135.0,576156.0,173340.0,3192656.0,749496.0,0.23475626562962,0.1942849165458615,0.000133422993585,0.3,1.0,377463.0,32580.0,13.0,2.0,1.0,1.0,2.0,both,438.91,466.3313574660633,302.23,13.0,17.0,both
2025,2023,True,IN,72850,UnitedHealthcare Insurance Company,,,,,,,,,,,,,,,,,,,,,,,,,left_only,,,,,,left_only
2025,2023,True,IN,94419,Cigna Health and Life Insurance Company,,,51.0,23.0,0.0,0.0,349189.0,82273.0,97127.0,69467.0,431462.0,166594.0,0.3861151155837594,0.2781502280999688,0.0003061334741947,0.4509803921568627,,23184.0,3303.0,16.0,1.0,1.0,1.0,16.0,both,373.16,389.856875,324.44,16.0,3.0,both
2025,2023,True,IN,96992,Aetna Health Inc. (a PA corp.),,,,,,,,,,,,,,,,,,,,,,,,,left_only,,,,,,left_only
2025,2023,True,KS,18558,"Blue Cross and Blue Shield of Kansas, Inc.",,,207.0,97.0,57.0,21.0,1239867.0,53941.0,145732.0,34390.0,1293808.0,180122.0,0.1392184930066903,0.1175384133943398,0.0011492210834878,0.4685990338164251,0.3684210526315789,18736.0,5892.0,10.0,2.0,1.0,1.0,4.0,both,590.9749999999999,566.6211428571429,426.19,10.0,7.0,both
2025,2023,True,KS,34368,Celtic Insurance Company,,,1343.0,639.0,27.0,20.0,3613719.0,284439.0,487012.0,64522.0,3898158.0,551534.0,0.1414857991902842,0.1347675344983935,0.0024350266710665,0.4758004467609829,0.7407407407407407,233604.0,1569.0,28.0,3.0,2.0,1.0,11.0,both,495.75,490.775,338.07,28.0,7.0,both
2025,2023,True,KS,39520,Medica Insurance Company,,,53.0,20.0,0.0,0.0,70039.0,4449.0,15020.0,3688.0,74488.0,18708.0,0.2511545483836322,0.2144519482002884,0.002833012614924,0.3773584905660377,,6407.0,722.0,15.0,2.0,2.0,2.0,8.0,both,636.33,665.8333333333334,315.72,15.0,6.0,both
2025,2023,True,KS,43490,Oscar Insurance Company,,,403.0,220.0,,0.0,37896.0,3876.0,7449.0,2065.0,41772.0,9514.0,0.2277602221583836,0.1965642811906269,0.0423586293882699,0.5459057071960298,,489.0,137.0,15.0,1.0,1.0,1.0,4.0,both,440.52,428.1766666666666,307.46,15.0,1.0,both
2025,2023,True,KS,84600,Aetna Life Insurance Company,,,,,,,,,,,,,,,,,,,,,,,,,left_only,,,,,,left_only
2025,2023,True,KS,94248,Blue Cross and Blue Shield of Kansas City,,,27.0,12.0,,,111483.0,2526.0,23072.0,2105.0,114009.0,25177.0,0.2208334429738003,0.2069553205421454,0.00107240735592,0.4444444444444444,,12904.0,440.0,12.0,1.0,4.0,1.0,3.0,both,587.005,597.4125,399.8,12.0,1.0,both
2025,2023,True,KS,94968,UnitedHealthcare Insurance Company,,,691.0,271.0,,,321820.0,91731.0,115457.0,66332.0,413551.0,181789.0,0.4395806079540371,0.3587626623578397,0.0038011100781675,0.3921852387843705,,29326.0,6691.0,14.0,1.0,1.0,1.0,14.0,both,477.59,460.36047619047616,332.49,14.0,3.0,both
2025,2023,True,LA,19636,"HMO Louisiana, Inc.",,,1696.0,586.0,145.0,46.0,4538750.0,517687.0,755465.0,11182.0,5056437.0,766647.0,0.151618026685589,0.1664478105205177,0.0022122306615691,0.3455188679245283,0.3172413793103448,3082.0,428.0,36.0,5.0,5.0,8.0,5.0,both,591.115,583.5318867924528,408.49,36.0,8.0,both
2025,2023,True,LA,69842,UnitedHealthcare Insurance Company,,,143.0,33.0,,0.0,182887.0,103550.0,75075.0,76869.0,286437.0,151944.0,0.5304621958755329,0.4104993793982076,0.0009411362080766,0.2307692307692307,,27422.0,5339.0,12.0,1.0,1.0,1.0,4.0,both,698.6500000000001,677.3885416666667,502.85,12.0,4.0,both
2025,2023,True,LA,90787,"Ambetter Health of Louisiana, Inc.",,,,,,,,,,,,,,,,,,,,,,,,,left_only,,,,,,left_only
2025,2023,True,LA,97176,Louisiana Health Service & Indemnity Company,,,213.0,75.0,20.0,,594185.0,48828.0,79444.0,4077.0,643013.0,83521.0,0.1298900644310457,0.1337024664035611,0.0025502568216376,0.352112676056338,,182.0,67.0,8.0,2.0,1.0,1.0,3.0,both,712.2950000000001,663.8842187500001,449.17,8.0,8.0,both
2025,2023,True,LA,98780,CHRISTUS Health Plan Louisiana,,,260.0,27.0,0.0,0.0,81774.0,40491.0,14107.0,21756.0,122265.0,35863.0,0.293321882795567,0.1725120453934013,0.0072498117837325,0.1038461538461538,,1066.0,113.0,39.0,13.0,1.0,3.0,9.0,both,539.0,544.0766666666667,379.11,39.0,3.0,both
2025,2023,True,MI,15560,Blue Cross Blue Shield of Michigan Mutual Insurance Company,,,175.0,69.0,289.0,53.0,1423397.0,265331.0,207020.0,58308.0,1688728.0,265328.0,0.1571170727316655,0.1454408011257576,0.0006595609962009,0.3942857142857143,0.1833910034602076,102170.0,4521.0,9.0,3.0,1.0,2.0,1.0,both,517.77,513.0088111888111,263.23,9.0,16.0,both
2025,2023,True,MI,29698,Priority Health,,,125.0,30.0,32.0,,3354862.0,97330.0,225909.0,39528.0,3452192.0,265437.0,0.0768894082368535,0.0673377921357122,0.0004709215369372,0.24,,97468.0,8731.0,59.0,1.0,7.0,7.0,54.0,both,392.31,408.9860153256705,256.95,59.0,15.0,both
2025,2023,True,MI,40047,"Molina Healthcare of Michigan, Inc.",,,116.0,52.0,,0.0,516902.0,32309.0,127780.0,18054.0,549211.0,145834.0,0.2655336473595758,0.247203531810672,0.0007954249352002,0.4482758620689655,,85343.0,5093.0,6.0,2.0,1.0,1.0,2.0,both,350.345,352.8313888888889,329.95,6.0,6.0,both
2025,2023,True,MI,40356,HAP CareSource,,,,,,,,,,,,,,,,,,,,,,,,,left_only,,,,,,left_only
2025,2023,True,MI,58594,"Meridian Health Plan of Michigan, Inc.",,,341.0,135.0,,,1250223.0,191490.0,231404.0,45713.0,1441713.0,277117.0,0.1922137068889577,0.1850901799119037,0.0012305271780511,0.3958944281524926,,132457.0,1306.0,27.0,3.0,2.0,1.0,19.0,both,397.76,401.31016835016834,232.08,27.0,11.0,both
2025,2023,True,MI,60829,University of Michigan Health Plan,,,35.0,11.0,0.0,0.0,406649.0,30464.0,74036.0,23330.0,437113.0,97366.0,0.2227478935652794,0.1820636470272889,0.0003594683975925,0.3142857142857143,,31953.0,2533.0,39.0,2.0,1.0,3.0,29.0,both,408.94,377.69626373626375,256.21,39.0,7.0,both
2025,2023,True,MI,71667,"UnitedHealthcare Community Plan, Inc.",,,198.0,47.0,0.0,0.0,197757.0,60995.0,76422.0,41314.0,258752.0,117736.0,0.4550148404650012,0.3864439691136091,0.0016817286131684,0.2373737373737373,,30776.0,6682.0,17.0,1.0,2.0,1.0,6.0,both,359.45,360.2104705882353,271.11,17.0,5.0,both
2025,2023,True,MI,74917,McLaren Health Plan Community,,,27.0,20.0,0.0,0.0,142038.0,8321.0,22744.0,7867.0,150359.0,30611.0,0.2035860839723595,0.1601261634210563,0.0008820358694586,0.7407407407407407,,3495.0,130.0,13.0,1.0,1.0,2.0,6.0,both,435.04,428.83,258.9,13.0,15.0,both
2025,2023,True,MI,77739,Oscar Insurance Company,,,305.0,155.0,,,19725.0,2750.0,3811.0,1683.0,22475.0,5494.0,0.2444493882091212,0.1932065906210393,0.0555151073898798,0.5081967213114754,,200.0,38.0,18.0,1.0,1.0,1.0,4.0,both,351.895,342.30833333333334,233.48,18.0,1.0,both
2025,2023,True,MI,98185,Blue Care Network of Michigan,,,123.0,109.0,39.0,,3039317.0,101602.0,553611.0,76650.0,3140919.0,630261.0,0.2006613351060629,0.1821498053674559,0.0001951572443797,0.8861788617886179,,269553.0,3040.0,34.0,4.0,5.0,5.0,16.0,both,397.18,425.6341694915254,236.12,34.0,16.0,both
2025,2023,True,MO,32753,Healthy Alliance Life Co(Anthem BCBS),,,185.0,74.0,0.0,0.0,2591355.0,148594.0,184969.0,74158.0,2739949.0,259127.0,0.0945736581228336,0.0713792591134753,0.0007139356377374,0.4,,327843.0,26184.0,15.0,1.0,2.0,1.0,4.0,both,560.105,559.3346666666667,249.08,15.0,6.0,both
2025,2023,True,MO,34762,Blue Cross and Blue Shield of Kansas City,,,38.0,,,0.0,164345.0,3609.0,33913.0,2934.0,167954.0,36847.0,0.2193874513259583,0.2063524901883233,0.0010312915569788,,,17235.0,645.0,16.0,1.0,4.0,3.0,5.0,both,660.63,660.973125,428.34,16.0,3.0,both
2025,2023,True,MO,47840,Medica Central Insurance Company,,,39.0,15.0,0.0,0.0,164918.0,13616.0,26150.0,5198.0,178534.0,31348.0,0.1755856027423347,0.1585636498138468,0.0012440985070817,0.3846153846153846,,23495.0,989.0,17.0,1.0,1.0,1.0,8.0,both,491.35,438.2529411764706,274.23,17.0,1.0,both
2025,2023,True,MO,48161,Aetna Life Insurance Company,,,71.0,31.0,0.0,0.0,694487.0,53222.0,132463.0,27793.0,747709.0,160256.0,0.2143293714533327,0.1907350317572539,0.0004430411341853,0.4366197183098591,,33861.0,4965.0,27.0,1.0,3.0,3.0,12.0,both,520.04,522.8817777777778,367.0,27.0,5.0,both
2025,2023,True,MO,53461,Medica Insurance Company,,,220.0,97.0,0.0,0.0,423618.0,22519.0,88018.0,18017.0,446137.0,106035.0,0.2376736294008342,0.2077768177933893,0.0020747866270571,0.4409090909090909,,40014.0,6024.0,29.0,3.0,3.0,4.0,16.0,both,518.245,526.5058139534884,262.4,29.0,8.0,both
2025,2023,True,MO,69512,Oscar Insurance Company,,,974.0,479.0,13.0,0.0,88515.0,13446.0,19243.0,7979.0,101961.0,27222.0,0.2669844352252332,0.2173981810992487,0.0357798839174197,0.4917864476386037,0.0,1555.0,251.0,15.0,1.0,1.0,1.0,4.0,both,448.19,445.603,319.32,15.0,2.0,both
2025,2023,True,MO,95426,UnitedHealthcare Insurance Company,,,589.0,176.0,,,468826.0,107192.0,124591.0,75538.0,576018.0,200129.0,0.3474353232017055,0.2657510462303711,0.0029431016994038,0.298811544991511,,78839.0,9223.0,14.0,1.0,1.0,1.0,14.0,both,489.525,483.31625,359.2,14.0,4.0,both
2025,2023,True,MO,96384,Cox Health Systems Insurance Company,,,,0.0,,0.0,7205.0,212.0,1079.0,212.0,7417.0,1291.0,0.1740595928272886,0.1497571131158917,,,,331.0,,9.0,1.0,1.0,1.0,5.0,both,537.0,528.3333333333334,424.0,9.0,1.0,both
2025,2023,True,MO,99723,Celtic Insurance Company,,,0.0,0.0,0.0,0.0,5605715.0,384767.0,749839.0,86237.0,5990482.0,836076.0,0.1395674004195322,0.1337633111922386,0.0,,,347839.0,2681.0,34.0,3.0,2.0,2.0,15.0,both,572.055,577.9334516129032,374.26,34.0,10.0,both
2025,2023,True,MS,14624,"Primewell Health Services of Mississippi, Inc.",,,61.0,42.0,0.0,0.0,105044.0,4776.0,17122.0,1380.0,109820.0,18502.0,0.1684756874886177,0.1629983625909142,0.0032969408712571,0.6885245901639344,,32607.0,162.0,8.0,1.0,1.0,1.0,3.0,both,446.965,481.6275,414.77,8.0,6.0,both
2025,2023,True,MS,56766,Cigna Health and Life Insurance Company,,,95.0,38.0,0.0,0.0,783392.0,49273.0,200728.0,43656.0,832665.0,244384.0,0.2934961839395195,0.2562293206976839,0.0003887324865784,0.4,,33290.0,2007.0,15.0,1.0,1.0,1.0,5.0,both,478.49,504.4496,412.47,15.0,5.0,both
2025,2023,True,MS,79975,"Molina Healthcare of Mississippi, Inc",,,28.0,12.0,0.0,0.0,254307.0,12989.0,58905.0,8221.0,267296.0,67126.0,0.2511298335927212,0.2316294871946112,0.0004171260018472,0.4285714285714285,,35890.0,2492.0,8.0,2.0,1.0,1.0,3.0,both,550.75,544.6847916666667,480.79,8.0,6.0,both
2025,2023,True,MS,90714,Ambetter of Magnolia Inc.,,,953.0,425.0,0.0,0.0,8387542.0,508654.0,1146839.0,169379.0,8896196.0,1316218.0,0.1479529003182933,0.1367312378286749,0.0007240441932871,0.4459601259181532,,444329.0,11151.0,25.0,3.0,2.0,1.0,6.0,both,490.495,509.4214666666667,393.26,25.0,6.0,both
2025,2023,True,MS,97560,"UnitedHealthcare of Mississippi, Inc.",,,64.0,21.0,,0.0,145357.0,23495.0,46398.0,16308.0,168852.0,62706.0,0.3713666406083434,0.319200313710382,0.0010206359837974,0.328125,,22210.0,1731.0,16.0,1.0,1.0,1.0,16.0,both,560.87,585.9705,430.72,16.0,5.0,both
2025,2023,True,MT,23603,PacificSource Health Plans,,,977.0,226.0,0.0,0.0,164025.0,6791.0,4831.0,5257.0,170816.0,10088.0,0.0590576995129261,0.0294528273129096,0.096847739888977,0.2313203684749232,,753.0,19.0,9.0,1.0,1.0,1.0,3.0,both,545.5,517.75,381.0,9.0,4.0,both
2025,2023,True,MT,30751,Blue Cross and Blue Shield of Montana,,,232.0,61.0,,,237510.0,16284.0,93689.0,4549.0,253794.0,98238.0,0.3870777086928769,0.3944633910151151,0.0023616115963272,0.2629310344827586,,439.0,441.0,65.0,2.0,2.0,7.0,28.0,both,463.41,478.2849230769231,278.18,65.0,4.0,both
2025,2023,True,MT,32225,Montana Health Cooperative,,,1419.0,320.0,27.0,,694579.0,62472.0,39839.0,26119.0,757051.0,65958.0,0.0871249096824388,0.0573570464986704,0.0215136905303374,0.2255109231853418,,33204.0,4011.0,23.0,3.0,3.0,2.0,12.0,both,467.175,455.7764864864865,244.24,23.0,4.0,both
2025,2023,True,NC,11512,Blue Cross and Blue Shield of NC,,,1861.0,665.0,77.0,41.0,18257563.0,828734.0,3451238.0,280629.0,19086297.0,3731867.0,0.1955259839035303,0.1890305951566482,0.0004986780075495,0.3573347662547018,0.5324675324675324,1483453.0,16305.0,182.0,6.0,6.0,13.0,138.0,both,509.925,531.7605142857143,236.12,182.0,16.0,both
2025,2023,True,NC,13591,CareSource North Carolina Co.,,,0.0,0.0,0.0,0.0,7190.0,3515.0,2433.0,2458.0,10705.0,4891.0,0.4568893040635217,0.3383866481223922,0.0,,,1027.0,138.0,15.0,2.0,1.0,1.0,15.0,both,629.68,592.1046666666666,438.97,15.0,1.0,both
2025,2023,True,NC,17414,"AmeriHealth Caritas North Carolina, Inc.",,,48.0,34.0,0.0,0.0,207490.0,41250.0,81208.0,25649.0,248740.0,106857.0,0.4295931494733456,0.391382717239385,0.0004491984614952,0.7083333333333334,,59219.0,5348.0,4.0,1.0,1.0,1.0,3.0,both,446.02,462.1775,291.08,4.0,5.0,both
2025,2023,True,NC,44007,Celtic Insurance Company,,,,0.0,0.0,0.0,3145.0,5861.0,1140.0,721.0,9006.0,1861.0,0.2066400177659338,0.3624801271860095,,,,732.0,41.0,6.0,1.0,1.0,1.0,3.0,both,963.055,947.0426041666666,721.01,6.0,16.0,both
2025,2023,True,NC,54332,"UnitedHealthcare of North Carolina, Inc",,,1513.0,625.0,,,1461941.0,175986.0,436437.0,133832.0,1637927.0,570269.0,0.3481650891645354,0.2985325673197482,0.0026531338719095,0.4130865829477858,,273083.0,14150.0,18.0,1.0,1.0,1.0,7.0,both,620.77,627.6061111111111,404.05,18.0,9.0,both
2025,2023,True,NC,61671,Aetna Health Inc. (a PA corp.),,,658.0,295.0,,,8579391.0,657842.0,1330377.0,363435.0,9237233.0,1693812.0,0.1833678981573811,0.1550666008811115,0.0003884728647571,0.4483282674772036,,573008.0,18988.0,9.0,1.0,1.0,1.0,4.0,both,506.605,495.685873015873,303.71,9.0,14.0,both
2025,2023,True,NC,69803,"Oscar Health Plan of North Carolina, Inc",,,71.0,26.0,0.0,0.0,5363.0,2178.0,1223.0,1667.0,7541.0,2890.0,0.3832382973080493,0.2280440052209584,0.0245674740484429,0.3661971830985915,,81.0,12.0,21.0,1.0,1.0,1.0,4.0,both,641.49,600.6409523809523,410.69,21.0,1.0,both
2025,2023,True,NC,73943,"Cigna HealthCare of North Carolina, Inc.",,,140.0,33.0,,0.0,1043043.0,69455.0,178998.0,59680.0,1112498.0,238678.0,0.214542408166127,0.171611333377435,0.0005865643251577,0.2357142857142857,,52347.0,2567.0,16.0,1.0,1.0,1.0,6.0,both,606.185,628.1948863636363,378.63,16.0,11.0,both
2025,2023,True,NC,77264,Ambetter of North Carolina Inc.,,,1202.0,493.0,,,3494752.0,729910.0,535759.0,112710.0,4224662.0,648469.0,0.1534960666675819,0.1533038682000897,0.0018535967023866,0.4101497504159734,,276614.0,4787.0,45.0,3.0,2.0,2.0,28.0,both,519.9449999999999,521.4765,344.89,45.0,13.0,both
2025,2023,True,ND,37160,Blue Cross Blue Shield of North Dakota,,,141.0,48.0,,,606207.0,5146.0,89205.0,18673.0,611353.0,107878.0,0.1764577911615711,0.1471527052640434,0.0013070320176495,0.3404255319148936,,21061.0,52.0,13.0,3.0,3.0,2.0,5.0,both,501.62,441.31916666666666,194.84,13.0,4.0,both
2025,2023,True,ND,73751,Medica Health Plans,,,29.0,14.0,0.0,0.0,53942.0,2440.0,10572.0,2304.0,56382.0,12876.0,0.2283707566244546,0.1959882837121352,0.0022522522522522,0.4827586206896552,,5771.0,1022.0,25.0,3.0,3.0,4.0,19.0,both,418.4,419.902,210.6,25.0,3.0,both
2025,2023,True,ND,89364,Sanford Health Plan,,,135.0,86.0,,,420859.0,16963.0,20447.0,8488.0,437822.0,28935.0,0.066088501719877,0.048583967552078,0.0046656298600311,0.6370370370370371,,9313.0,326.0,24.0,2.0,2.0,2.0,10.0,both,410.39,404.8867857142857,167.55,24.0,4.0,both
2025,2023,True,NE,20305,Medica Insurance Company,,,903.0,406.0,16.0,,1463354.0,48870.0,258233.0,38378.0,1512224.0,296611.0,0.1961422381869352,0.1764665282631543,0.0030443914757038,0.4496124031007752,,139913.0,9798.0,39.0,3.0,3.0,5.0,17.0,both,584.625,592.7781355932204,310.4,39.0,4.0,both
2025,2023,True,NE,26289,"Nebraska Total Care, Inc.",,,552.0,267.0,12.0,,1472850.0,101892.0,180442.0,24760.0,1574742.0,205202.0,0.1303083298724489,0.1225121363343178,0.0026900322608941,0.483695652173913,,88531.0,636.0,31.0,3.0,2.0,1.0,20.0,both,556.865,566.5288709677419,376.9,31.0,4.0,both
2025,2023,True,NE,29678,Blue Cross and Blue Shield of Nebraska,,,802.0,193.0,13.0,,520183.0,23088.0,87307.0,22918.0,543271.0,110225.0,0.2028913746546383,0.1678390105020733,0.0072760263098208,0.240648379052369,,17315.0,1014.0,78.0,6.0,3.0,4.0,78.0,both,584.74,587.2274725274725,419.42,78.0,4.0,both
2025,2023,True,NE,57424,Oscar Insurance Company,,,801.0,464.0,,,23767.0,1230.0,4349.0,1009.0,24997.0,5358.0,0.2143457214865783,0.1829848108722177,0.1494960806270996,0.5792759051186017,,861.0,27.0,16.0,1.0,1.0,1.0,4.0,both,683.075,692.37484375,456.96,16.0,4.0,both
2025,2023,True,NE,73102,UnitedHealthcare Insurance Company,,,,,,,,,,,,,,,,,,,,,,,,,left_only,,,,,,left_only
2025,2023,True,NH,13219,"Boston Medical Center Health Plan, Inc.",,,,,,,,,,,,,,,,,,,,,,,,,left_only,,,,,,left_only
2025,2023,True,NH,59025,Harvard Pilgrim Health Care of NE,,,43.0,23.0,,0.0,110436.0,309.0,28102.0,255.0,110745.0,28357.0,0.2560567068490677,0.2544641240175305,0.0015163804351659,0.5348837209302325,,2219.0,29.0,14.0,1.0,2.0,1.0,12.0,both,423.46,413.6692857142857,338.2,14.0,1.0,both
2025,2023,True,NH,75841,Celtic Insurance Company,,,424.0,304.0,0.0,0.0,724455.0,30886.0,87720.0,9542.0,755341.0,97262.0,0.1287656833138939,0.1210841253079901,0.0043593592564413,0.7169811320754716,,50143.0,323.0,22.0,3.0,2.0,1.0,9.0,both,361.445,358.04,294.11,22.0,1.0,both
2025,2023,True,NH,96751,Matthew Thornton Hlth Plan(Anthem BCBS),,,244.0,89.0,0.0,0.0,1899917.0,56515.0,377477.0,36565.0,1956432.0,414042.0,0.2116311734831571,0.1986807844763745,0.0005893121953811,0.3647540983606557,,245988.0,15348.0,19.0,1.0,2.0,1.0,6.0,both,322.81,311.2663157894737,200.77,19.0,1.0,both
2025,2023,True,OH,28162,AultCare Insurance Company,,,74.0,32.0,,,263962.0,17977.0,51849.0,5550.0,281939.0,57399.0,0.2035865914258048,0.1964260007122237,0.0012892210665691,0.4324324324324324,,173149.0,19941.0,42.0,1.0,3.0,3.0,3.0,both,469.755,504.6881730769231,265.82,42.0,3.0,both
2025,2023,True,OH,29276,Community Insurance Company(Anthem BCBS),,,793.0,259.0,,,3309316.0,248466.0,731789.0,164768.0,3557782.0,896557.0,0.2519988577152844,0.2211299857734951,0.0008844947950883,0.3266078184110971,,454382.0,30394.0,17.0,1.0,1.0,1.0,4.0,both,507.23,508.419446366782,241.55,17.0,17.0,both
2025,2023,True,OH,29341,Oscar Buckeye State Insurance Corp.,,,1745.0,777.0,34.0,,130353.0,19534.0,24643.0,9503.0,149887.0,34146.0,0.2278116180856245,0.1890481998879964,0.0511040824693961,0.4452722063037249,,1753.0,510.0,41.0,2.0,2.0,1.0,4.0,both,428.02,417.3158536585366,274.53,41.0,2.0,both
2025,2023,True,OH,31981,Antidote Health Plan of Ohio,,,,,,,,,,,,,,,,,,,,,,,,,left_only,,,,,,left_only
2025,2023,True,OH,33931,"UnitedHealthcare of Ohio, Inc.",,,342.0,161.0,,,345239.0,103121.0,125776.0,69116.0,448360.0,194892.0,0.4346774913016326,0.3643157348966948,0.0017548180530755,0.4707602339181286,,48967.0,9073.0,16.0,1.0,2.0,1.0,16.0,both,433.545,434.2869791666667,343.7,16.0,6.0,both
2025,2023,True,OH,41047,Buckeye Community Health Plan,,,604.0,391.0,,,2964447.0,283165.0,427746.0,81292.0,3247612.0,509038.0,0.1567422463028218,0.1442920045458731,0.0011865518880712,0.6473509933774835,,205435.0,2760.0,30.0,3.0,2.0,1.0,10.0,both,450.77,450.3568333333333,318.69,30.0,14.0,both
2025,2023,True,OH,45845,Oscar Insurance Corporation of Ohio,,,1758.0,788.0,42.0,,152068.0,6136.0,14491.0,3808.0,158204.0,18299.0,0.1156671133473237,0.0952928952836888,0.09607082354227,0.4482366325369738,,8844.0,169.0,27.0,1.0,1.0,1.0,4.0,both,542.14,532.629037037037,324.83,27.0,5.0,both
2025,2023,True,OH,52664,"Summa Insurance Company, Inc.",,,244.0,168.0,,,231936.0,16567.0,57441.0,10856.0,248503.0,68297.0,0.2748337042208746,0.2476588369205298,0.0035726313015212,0.6885245901639344,,3997.0,3997.0,20.0,1.0,1.0,1.0,3.0,both,409.55,411.55725,244.22,20.0,2.0,both
2025,2023,True,OH,64353,"Molina Healthcare of Ohio, Inc.",,,516.0,153.0,,,1220402.0,97895.0,294198.0,41889.0,1318297.0,336087.0,0.2549402752187102,0.2410664682620972,0.0015353167483419,0.2965116279069767,,183616.0,12051.0,6.0,2.0,1.0,1.0,2.0,both,480.32,481.6829166666666,380.82,6.0,16.0,both
2025,2023,True,OH,74313,Paramount Insurance Company,,,29.0,21.0,0.0,0.0,143428.0,7634.0,22062.0,3611.0,151062.0,25673.0,0.1699500867193602,0.1538193379256491,0.0011295913995247,0.7241379310344828,,9448.0,1308.0,17.0,1.0,1.0,2.0,6.0,both,516.31,508.9029411764706,333.02,17.0,2.0,both
2025,2023,True,OH,77552,"CareSource Ohio, Inc.",,,257.0,111.0,59.0,23.0,2082858.0,194848.0,445243.0,129875.0,2277706.0,575118.0,0.252498786059307,0.2137654127165654,0.000446864817307,0.4319066147859922,0.3898305084745763,253605.0,22130.0,12.0,2.0,1.0,1.0,2.0,both,516.94,520.9411764705883,293.66,12.0,17.0,both
2025,2023,True,OH,84867,Aetna Health Inc. (a PA corp.),,,,,,,,,,,,,,,,,,,,,,,,,left_only,,,,,,left_only
2025,2023,True,OH,99969,Medical Health Insuring Corp. of Ohio,,,1017.0,541.0,22.0,,1725912.0,82156.0,227431.0,73123.0,1808068.0,300554.0,0.1662293674795417,0.131774389424258,0.0033837513391936,0.5319567354965585,,223291.0,6829.0,107.0,1.0,4.0,8.0,37.0,both,480.06,493.7285121107267,225.58,107.0,17.0,both
2025,2023,True,OK,21333,Medica Insurance Company,,,130.0,66.0,,,359100.0,45931.0,85961.0,22780.0,405031.0,108741.0,0.2684757463009004,0.2393790030632135,0.0011955012368839,0.5076923076923077,,40031.0,8775.0,26.0,3.0,4.0,4.0,13.0,both,529.14,579.8255555555556,281.67,26.0,5.0,both
2025,2023,True,OK,45480,"UnitedHealthcare of Oklahoma, Inc.",,,166.0,47.0,0.0,0.0,136956.0,43352.0,44938.0,27809.0,180308.0,72747.0,0.40345963573441,0.3281199801396068,0.0022818810397679,0.2831325301204819,,22517.0,3931.0,15.0,1.0,1.0,1.0,6.0,both,592.7,547.832,446.51,15.0,2.0,both
2025,2023,True,OK,58944,"Taro Health Plan of Oklahoma, Inc.",,,,,,,,,,,,,,,,,,,,,,,,,left_only,,,,,,left_only
2025,2023,True,OK,62505,Celtic Insurance Company,,,279.0,97.0,,0.0,803944.0,245712.0,170942.0,34432.0,1049656.0,205374.0,0.1956583871287355,0.2126292378573632,0.0013584971807531,0.3476702508960573,,71014.0,1352.0,21.0,2.0,1.0,1.0,8.0,both,495.025,497.2660714285714,358.61,21.0,4.0,both
2025,2023,True,OK,87571,Blue Cross Blue Shield of Oklahoma,,,1581.0,376.0,59.0,22.0,8359015.0,531826.0,1960087.0,184436.0,8890841.0,2144523.0,0.241205865676824,0.2344877955117917,0.0007372268798236,0.2378241619228336,0.3728813559322034,90314.0,17266.0,84.0,3.0,3.0,12.0,28.0,both,569.365,584.9548809523809,417.24,84.0,5.0,both
2025,2023,True,OK,91908,Oscar Insurance Company,,,1974.0,776.0,11.0,,238001.0,78489.0,51193.0,22549.0,316490.0,73742.0,0.2329994628582261,0.2150957348918702,0.0267690054514388,0.3931104356636271,,2173.0,1858.0,15.0,1.0,1.0,1.0,4.0,both,433.15,425.1526666666667,310.61,15.0,1.0,both
2025,2023,True,OK,98905,CommunityCare HMO Inc.,,,142.0,69.0,0.0,0.0,164431.0,9055.0,16854.0,2661.0,173486.0,19515.0,0.1124874629653113,0.1024989205198533,0.0072764540097361,0.4859154929577465,,1432.0,99.0,12.0,1.0,1.0,1.0,5.0,both,531.0,467.19666666666666,268.39,12.0,2.0,both
2025,2023,True,OR,10091,PacificSource Health Plans,,,4055.0,946.0,,0.0,452760.0,7239.0,9756.0,2309.0,459999.0,12065.0,0.0262283178876475,0.0215478399151868,0.3360961458765023,0.233292231812577,,1848.0,96.0,10.0,2.0,2.0,1.0,1.0,both,489.0,495.3,258.0,10.0,7.0,both
2025,2023,True,OR,39424,"Moda Health Plan, Inc.",,,149.0,48.0,15.0,,954353.0,43464.0,143470.0,22853.0,997817.0,166323.0,0.1666868774534809,0.1503322145998388,0.0008958472370026,0.3221476510067114,,54925.0,1282.0,24.0,3.0,2.0,2.0,2.0,both,519.0,517.7850467289719,362.0,24.0,7.0,both
2025,2023,True,OR,56707,Providence Health Plan,,,513.0,391.0,,,502058.0,42474.0,19130.0,24351.0,544532.0,43481.0,0.0798502200054358,0.0381031673631333,0.0117982567098272,0.7621832358674464,,15121.0,1887.0,11.0,9.0,3.0,3.0,0.0,both,487.0,504.34,326.0,11.0,7.0,both
2025,2023,True,OR,63474,BridgeSpan Health Company,,,,,0.0,0.0,9708.0,244.0,866.0,199.0,9952.0,1065.0,0.1070136655948553,0.0892047795632468,,,,0.0,,3.0,1.0,1.0,1.0,0.0,both,535.81,547.0247619047619,382.23,3.0,7.0,both
2025,2023,True,OR,71287,Kaiser Foundation Healthplan of the NW,,,51.0,22.0,0.0,0.0,10670.0,2562.0,779.0,438.0,13232.0,1217.0,0.0919740024183796,0.0730084348641049,0.0419063270336894,0.4313725490196078,,62.0,20.0,11.0,1.0,1.0,1.0,1.0,both,454.0,424.8181818181818,325.0,11.0,5.0,both
2025,2023,True,OR,77969,Regence BlueCross BlueShield of Oregon,,,616.0,88.0,47.0,,389009.0,21092.0,36721.0,16632.0,410101.0,53353.0,0.1300972199531335,0.0943962736080656,0.0115457425074503,0.1428571428571428,,,288.0,18.0,3.0,2.0,2.0,0.0,both,478.39,490.6843333333333,321.19,18.0,7.0,both
2025,2023,True,SC,26065,Blue Cross and Blue Shield of South Carolina,,,3022.0,1231.0,302.0,107.0,11459827.0,282455.0,2183048.0,276191.0,11742282.0,2459239.0,0.2094345034466043,0.1904957203978733,0.0012288354242918,0.4073461283917935,0.3543046357615894,221320.0,9625.0,38.0,8.0,5.0,6.0,17.0,both,529.54,499.3366631578948,217.53,38.0,46.0,both
2025,2023,True,SC,33764,"UnitedHealthcare of South Carolina, Inc.",,,,,,,,,,,,,,,,,,,,,,,,,left_only,,,,,,left_only
2025,2023,True,SC,33863,InStil Health Insurance Company,,,,,,,,,,,,,,,,,,,,,,,,,left_only,,,,,,left_only
2025,2023,True,SC,42326,"MOLINA HEALTHCARE OF SOUTH CAROLINA, INC",,,331.0,151.0,,,869323.0,61349.0,217809.0,23078.0,930672.0,240887.0,0.258831253116028,0.2505501407417036,0.0013740882654522,0.4561933534743202,,137569.0,5957.0,6.0,2.0,1.0,1.0,2.0,both,512.925,517.7564728682171,394.03,6.0,43.0,both
2025,2023,True,SC,73107,Select Health of South Carolina,,,,,0.0,0.0,61346.0,14395.0,26256.0,8199.0,75741.0,34455.0,0.4549055333306928,0.4279985655136439,,,,15496.0,1458.0,4.0,1.0,1.0,1.0,4.0,both,453.99,467.8783823529412,294.91,4.0,17.0,both
2025,2023,True,SC,79222,"Absolute Total Care, Inc",,,755.0,380.0,,,4035452.0,537978.0,594074.0,99449.0,4573430.0,693523.0,0.1516417655895028,0.1472137445817717,0.0010886445006149,0.5033112582781457,,262923.0,2943.0,26.0,3.0,2.0,1.0,8.0,both,488.315,494.0421655518395,291.42,26.0,46.0,both
2025,2023,True,SD,31195,Sanford Health Plan,,,258.0,169.0,,,621978.0,29414.0,31344.0,11168.0,651392.0,42512.0,0.0652633130280998,0.0503940653849493,0.0060688746706812,0.6550387596899225,,14346.0,416.0,24.0,2.0,2.0,2.0,10.0,both,536.485,570.895,268.9,24.0,4.0,both
2025,2023,True,SD,50305,Wellmark of South Dakota,,,42.0,20.0,,0.0,291888.0,9603.0,45145.0,5082.0,301491.0,50227.0,0.1665953544218567,0.1546654881324343,0.0008362036354948,0.4761904761904761,,14862.0,232.0,7.0,1.0,1.0,1.0,7.0,both,682.16,636.2385714285714,541.23,7.0,1.0,both
2025,2023,True,SD,60536,"Avera Health Plans, Inc.",,,223.0,122.0,,0.0,433953.0,5894.0,6325.0,4240.0,439847.0,10565.0,0.0240197159466814,0.0145753111512076,0.0211074301940369,0.547085201793722,,114.0,39.0,33.0,2.0,2.0,3.0,25.0,both,571.0799999999999,587.9501515151514,282.34,33.0,4.0,both
2025,2023,True,TN,14002,BlueCross BlueShield of Tennessee,,,463.0,154.0,,0.0,4493833.0,714910.0,939798.0,465429.0,5208743.0,1405227.0,0.2697823639983773,0.2091306018714981,0.0003294841331685,0.3326133909287257,,172362.0,54830.0,188.0,1.0,3.0,8.0,115.0,both,530.39,539.9323936170213,338.25,188.0,8.0,both
2025,2023,True,TN,23552,Oscar Insurance Company,,,1776.0,911.0,12.0,,107782.0,11033.0,23249.0,8280.0,118815.0,31529.0,0.2653621175777469,0.2157039208773264,0.0563290938501062,0.5129504504504504,,2222.0,312.0,21.0,1.0,1.0,1.0,4.0,both,498.505,497.52476190476193,308.62,21.0,2.0,both
2025,2023,True,TN,29854,"Alliant Health Plans, Inc.",,,,,,,,,,,,,,,,,,,,,,,,,left_only,,,,,,left_only
2025,2023,True,TN,69443,UnitedHealthcare Insurance Company,,,1109.0,423.0,,0.0,1096200.0,150528.0,333027.0,102716.0,1246728.0,435743.0,0.3495092754794951,0.3038013136288998,0.0025450781768152,0.3814247069431921,,139158.0,18887.0,16.0,1.0,1.0,1.0,5.0,both,542.0,570.5847916666667,368.43,16.0,6.0,both
2025,2023,True,TN,70111,Celtic Insurance Company,,,1746.0,810.0,,,5341073.0,1084829.0,817958.0,210474.0,6425902.0,1028432.0,0.1600447688122228,0.1531448830600143,0.0016977301367518,0.4639175257731959,,357822.0,6969.0,35.0,3.0,2.0,2.0,19.0,both,481.31,471.744331797235,323.39,35.0,8.0,both
2025,2023,True,TN,99248,Cigna Health and Life Insurance Company,,,806.0,342.0,,,4427893.0,160624.0,829096.0,135420.0,4588517.0,964516.0,0.2102021197698515,0.1872439103654943,0.0008356522857059,0.4243176178660049,,193551.0,7856.0,19.0,1.0,1.0,1.0,7.0,both,491.31,515.6701754385965,415.44,19.0,6.0,both
2025,2023,True,TX,11718,"Community Health Choice Texas, Inc.",,,,,,,,,,,,,,,,,,,,,,,,,left_only,,,,,,left_only
2025,2023,True,TX,17933,"Moda Health Plan, Inc.",,,26.0,20.0,0.0,0.0,93409.0,17699.0,23838.0,8518.0,111108.0,32356.0,0.2912121539403103,0.2552002483700714,0.0008035603906539,0.7692307692307693,,7246.0,832.0,10.0,1.0,1.0,1.0,3.0,both,456.5,446.0,321.0,10.0,1.0,both
2025,2023,True,TX,20069,Oscar Insurance Company,,,23598.0,12338.0,87.0,24.0,1845992.0,288306.0,337877.0,141585.0,2134298.0,479462.0,0.224646230282744,0.1830327542047853,0.0492176647992958,0.5228409187219256,0.2758620689655172,41452.0,8571.0,32.0,2.0,2.0,2.0,8.0,both,464.765,463.5098611111111,335.67,32.0,8.0,both
2025,2023,True,TX,27248,"Community Health Choice, Inc.",,,1223.0,291.0,21.0,14.0,6915555.0,817983.0,1238096.0,310676.0,7733538.0,1548772.0,0.2002669412111248,0.1790306056419188,0.0007896578708809,0.2379394930498773,0.6666666666666666,1072877.0,30380.0,13.0,1.0,4.0,2.0,7.0,both,477.1,461.6204651162791,322.81,13.0,4.0,both
2025,2023,True,TX,29418,Celtic Insurance Company,,,3183.0,1861.0,109.0,65.0,17855127.0,2050341.0,2094669.0,327537.0,19905468.0,2422206.0,0.1216854584880898,0.1173147074226915,0.0013140913696027,0.5846685516808042,0.5963302752293578,1098930.0,20480.0,14.0,2.0,1.0,1.0,5.0,both,524.0550000000001,525.243598901099,418.23,14.0,26.0,both
2025,2023,True,TX,33602,Blue Cross Blue Shield of Texas,,,10968.0,6208.0,134.0,35.0,39937122.0,1431847.0,9593132.0,398979.0,41368969.0,9992111.0,0.2415363795989211,0.2402058916513814,0.0010976659486669,0.5660102115244348,0.2611940298507462,342598.0,30583.0,591.0,3.0,2.0,35.0,270.0,both,460.28,478.2506429780034,277.21,591.0,27.0,both
2025,2023,True,TX,34826,"Imperial Insurance Companies, Inc.",,,0.0,0.0,0.0,0.0,38.0,15.0,0.0,0.0,53.0,0.0,0.0,0.0,,,,,0.0,6.0,2.0,1.0,1.0,6.0,both,483.145,471.51,373.09,6.0,1.0,both
2025,2023,True,TX,40220,"UnitedHealthcare of Texas, Inc.",,,4765.0,1651.0,26.0,,4410706.0,1340598.0,1371536.0,833698.0,5751304.0,2205234.0,0.3834320008123375,0.3109561145086523,0.0021607684263892,0.3464847848898216,,771139.0,164969.0,18.0,1.0,2.0,1.0,5.0,both,492.59,487.7448015873016,334.76,18.0,14.0,both
2025,2023,True,TX,40788,Scott and White Health Plan,,,1095.0,710.0,29.0,20.0,5211245.0,812527.0,993379.0,154637.0,6023772.0,1148016.0,0.190580918401294,0.1906222025638786,0.0009538194589622,0.6484018264840182,0.6896551724137931,923669.0,344052.0,9.0,1.0,1.0,1.0,0.0,both,458.48,464.95299145299145,348.86,9.0,13.0,both
2025,2023,True,TX,45786,"Molina Healthcare of Texas, Inc.",,,3607.0,1314.0,39.0,14.0,1357022.0,94555.0,368184.0,39660.0,1451577.0,407844.0,0.2809661492294242,0.2713176352336218,0.0088440678298565,0.364291655115054,0.358974358974359,230557.0,9230.0,7.0,3.0,1.0,1.0,2.0,both,516.7,520.1505194805194,438.77,7.0,11.0,both
2025,2023,True,TX,47501,Wellpoint Insurance Company,,,,,,,,,,,,,,,,,,,,,,,,,left_only,,,,,,left_only
2025,2023,True,TX,58840,Aetna Health Inc.  (a TX corp.),,,1811.0,386.0,71.0,14.0,8083776.0,1077549.0,2209984.0,472069.0,9161325.0,2682053.0,0.2927581981863977,0.2733851111163892,0.0006752290129986,0.2131419105466593,0.1971830985915492,242531.0,19686.0,48.0,1.0,6.0,6.0,36.0,both,478.92,484.76362499999993,287.23,48.0,10.0,both
2025,2023,True,TX,63251,Community First Insurance Plans,,,16.0,,1797.0,714.0,92909.0,9466.0,23797.0,6284.0,102375.0,30081.0,0.2938315018315018,0.2561323445521962,0.000531897210864,,0.3973288814691152,483.0,1314.0,4.0,2.0,1.0,1.0,2.0,both,535.9,529.0375,504.09,4.0,1.0,both
2025,2023,True,TX,66252,CHRISTUS Health Plan,,,596.0,76.0,0.0,0.0,788742.0,152736.0,115734.0,50425.0,941478.0,166159.0,0.1764873953507145,0.1467323915805168,0.0035869257759134,0.1275167785234899,,14378.0,1014.0,140.0,14.0,1.0,10.0,74.0,both,476.905,466.6745714285714,274.49,140.0,10.0,both
2025,2023,True,TX,71837,"Sendero Health Plans, Inc.",,,12.0,,,,253415.0,345.0,71030.0,126.0,253760.0,71156.0,0.280406683480454,0.2802912219087268,0.0001686435437629,,,34508.0,,9.0,1.0,1.0,1.0,4.0,both,425.66,490.2088888888889,369.81,9.0,1.0,both
2025,2023,True,TX,76589,"Cigna HealthCare of Texas, Inc.",,,969.0,572.0,,,6310040.0,357905.0,1396626.0,325084.0,6667945.0,1721710.0,0.2582069888098957,0.2213339376612509,0.0005628125526366,0.5902992776057792,,233164.0,20868.0,18.0,1.0,1.0,1.0,18.0,both,423.67,422.4670833333333,303.84,18.0,4.0,both
2025,2023,True,TX,87226,Superior Health Plan,,,1253.0,721.0,23.0,11.0,6424284.0,3857892.0,983317.0,603360.0,10282176.0,1586677.0,0.154313347680491,0.1530625047086959,0.0007897007393439,0.5754189944134078,0.4782608695652174,585059.0,35815.0,28.0,5.0,2.0,5.0,10.0,both,512.415,507.81232876712335,374.57,28.0,26.0,both
2025,2023,True,UT,18167,Molina Healthcare of Utah,,,37.0,27.0,0.0,0.0,55255.0,3152.0,15592.0,1993.0,58407.0,17585.0,0.3010769257109593,0.2821826079087865,0.0021040659653113,0.7297297297297297,,9493.0,564.0,6.0,2.0,1.0,1.0,2.0,both,596.21,610.2513333333334,564.9,6.0,5.0,both
2025,2023,True,UT,22013,Regence BlueCross BlueShield of Utah,,,487.0,60.0,11.0,,357406.0,47325.0,49031.0,35255.0,404731.0,84286.0,0.2082519006451198,0.1371857215603543,0.0057779465154355,0.1232032854209445,,,147.0,13.0,3.0,2.0,2.0,5.0,both,471.835,469.2851785714286,311.62,13.0,5.0,both
2025,2023,True,UT,34541,BridgeSpan Health Company,,,,0.0,,,2237.0,110.0,618.0,94.0,2347.0,712.0,0.3033659991478483,0.276262852033974,,,,0.0,0.0,4.0,2.0,1.0,1.0,3.0,both,473.67,476.08150000000006,339.1,4.0,5.0,both
2025,2023,True,UT,38927,Aetna Health of Utah Inc.,,,,,,,,,,,,,,,,,,,,,,,,,left_only,,,,,,left_only
2025,2023,True,UT,42261,University of Utah Health Insurance Plans,,,448.0,183.0,,,569517.0,6209.0,107936.0,4955.0,575726.0,112891.0,0.1960845957973063,0.1895219984653662,0.0039684297242472,0.4084821428571428,,37017.0,272.0,16.0,2.0,2.0,2.0,11.0,both,535.975,564.6164285714286,376.11,16.0,5.0,both
2025,2023,True,UT,68781,"SelectHealth, Inc.",,,4440.0,1428.0,44.0,23.0,7757055.0,247105.0,1444289.0,131363.0,8004160.0,1575652.0,0.1968541358493583,0.1861903776626567,0.0028178811057263,0.3216216216216216,0.5227272727272727,562008.0,29089.0,44.0,2.0,3.0,3.0,19.0,both,513.2,539.1472222222222,309.5,44.0,6.0,both
2025,2023,True,UT,98113,"Imperial Health Plan of the Southwest, Inc.",,,,,,,,,,,,,,,,,,,,,,,,,left_only,,,,,,left_only
2025,2023,True,WI,14630,Chorus Community Health Plans,,,320.0,154.0,,,209169.0,7922.0,18276.0,3205.0,217091.0,21481.0,0.0989492885471991,0.0873743241111254,0.0148968856198501,0.48125,,1619.0,122.0,12.0,1.0,1.0,1.0,4.0,both,441.505,438.3131666666667,286.36,12.0,5.0,both
2025,2023,True,WI,20173,HealthPartners Insurance Company,,,13.0,,,0.0,363667.0,7958.0,24127.0,823.0,371625.0,24950.0,0.0671375714766229,0.0663436605465989,0.0005210420841683,,,20948.0,769.0,26.0,1.0,3.0,3.0,14.0,both,463.85,451.0361904761905,276.53,26.0,6.0,both
2025,2023,True,WI,37833,Quartz Health Benefit Plans Corporation,,,160.0,25.0,,,603804.0,7407.0,48608.0,4174.0,611211.0,52782.0,0.0863564301035158,0.0805029446641625,0.0030313364404531,0.15625,,17774.0,97.0,144.0,4.0,2.0,3.0,133.0,both,542.06,538.1374166666667,288.77,144.0,12.0,both
2025,2023,True,WI,38166,"Security Health Plan of Wisconsin, Inc.",,,140.0,92.0,,0.0,1021773.0,46116.0,182583.0,20354.0,1067889.0,202937.0,0.190035668501127,0.178692331858446,0.0006898692697733,0.6571428571428571,,39672.0,1835.0,32.0,4.0,4.0,4.0,17.0,both,510.18,519.2509868421052,221.2,32.0,9.0,both
2025,2023,True,WI,38345,Dean Health Plan,,,144.0,73.0,0.0,0.0,1097330.0,40351.0,113095.0,14636.0,1137681.0,127731.0,0.1122731240127944,0.1030638003153108,0.0011273692369119,0.5069444444444444,,1210425.0,3520.0,104.0,3.0,3.0,6.0,54.0,both,447.2,436.7560975609756,211.88,104.0,8.0,both
2025,2023,True,WI,52697,"Molina Healthcare of Wisconsin, Inc.",,,127.0,72.0,,0.0,214084.0,7204.0,49047.0,4606.0,221288.0,53653.0,0.2424577925599219,0.2291016610302498,0.0023670624196223,0.5669291338582677,,29327.0,1297.0,6.0,2.0,1.0,1.0,2.0,both,571.4100000000001,581.9196296296296,468.68,6.0,9.0,both
2025,2023,True,WI,57845,Medica Community Health Plan,,,135.0,77.0,,0.0,432320.0,11615.0,60354.0,7472.0,443935.0,67826.0,0.152783628233863,0.1396049222797927,0.001990387167163,0.5703703703703704,,33638.0,2329.0,27.0,3.0,3.0,4.0,15.0,both,521.9300000000001,531.7592222222222,243.19,27.0,7.0,both
2025,2023,True,WI,58326,"MercyCare HMO, Inc.",,,18.0,12.0,,,212377.0,7290.0,18094.0,2270.0,219667.0,20364.0,0.0927039564431616,0.0851975496404977,0.0008839127872716,0.6666666666666666,,47190.0,412.0,8.0,1.0,1.0,1.0,4.0,both,416.27,392.9225,302.12,8.0,1.0,both
2025,2023,True,WI,79475,Compcare Health Serv Ins Co(Anthem BCBS),,,158.0,66.0,0.0,0.0,1063009.0,101102.0,81887.0,62444.0,1164111.0,144331.0,0.123983881262182,0.0770332142060885,0.0010947059190333,0.4177215189873418,,168048.0,16132.0,65.0,1.0,2.0,5.0,57.0,both,459.5,477.56703846153846,329.32,65.0,16.0,both
2025,2023,True,WI,80180,"UnitedHealthcare of Wisconsin, Inc.",,,,,,,,,,,,,,,,,,,,,,,,,left_only,,,,,,left_only
2025,2023,True,WI,81413,Network Health Plan,,,20.0,,0.0,0.0,241528.0,7454.0,36552.0,4804.0,248982.0,41356.0,0.1661003606686427,0.1513364910072538,0.0004836057645807,,,7453.0,179.0,20.0,4.0,2.0,2.0,4.0,both,497.7000000000001,541.312,326.08,20.0,4.0,both
2025,2023,True,WI,86584,"Aspirus Health Plan, Inc.",,,36.0,11.0,,,430766.0,13460.0,48665.0,6569.0,444226.0,55234.0,0.1243376119362666,0.1129731687273368,0.0006517724589926,0.3055555555555556,,66331.0,1367.0,14.0,2.0,1.0,1.0,2.0,both,495.67,497.6578571428572,261.19,14.0,7.0,both
2025,2023,True,WI,87416,Common Ground Healthcare Cooperative,,,310.0,104.0,,,2954348.0,91286.0,475594.0,37091.0,3045634.0,512685.0,0.168334409190336,0.1609810354095049,0.0006046597813472,0.3354838709677419,,284460.0,8760.0,37.0,3.0,1.0,2.0,3.0,both,459.38,474.2733451957295,237.83,37.0,8.0,both
2025,2023,True,WI,94529,Group Health Cooperative of South Central Wisconsin,,,27.0,,0.0,0.0,243212.0,5762.0,20516.0,1562.0,248974.0,22078.0,0.0886759260003052,0.084354390408368,0.0012229368602228,,,41841.0,457.0,42.0,2.0,2.0,3.0,10.0,both,458.36,455.0226190476191,272.3,42.0,5.0,both
2025,2023,True,WV,31274,Highmark Blue Cross Blue Shield West Virginia,,,77.0,19.0,,0.0,778251.0,19096.0,83283.0,3033.0,797347.0,86316.0,0.1082539973186078,0.1070130330703076,0.0008920709949487,0.2467532467532467,,1666.0,429.0,13.0,8.0,1.0,1.0,13.0,both,827.61,791.6558741258741,432.16,13.0,11.0,both
2025,2023,True,WV,50328,CareSource West Virginia Co.,,,,0.0,0.0,0.0,439920.0,57827.0,105810.0,45871.0,497747.0,151681.0,0.3047351365251824,0.2405210038188761,,,,40157.0,10523.0,13.0,2.0,1.0,1.0,2.0,both,824.47,814.9823776223776,568.35,13.0,11.0,both
2025,2023,True,WY,11269,Blue Cross Blue Shield of Wyoming,,,536.0,307.0,,0.0,976451.0,14022.0,187139.0,5257.0,990473.0,192396.0,0.1942465872366031,0.1916522180836519,0.0027859207052121,0.5727611940298507,,127768.0,372.0,18.0,2.0,1.0,1.0,4.0,both,769.48,770.4907407407408,586.01,18.0,3.0,both
2025,2023,True,WY,38576,Montana Health Cooperative,,,1095.0,259.0,,0.0,522287.0,50762.0,43501.0,18419.0,573049.0,61920.0,0.1080535870405497,0.0832894557972915,0.0176841085271317,0.2365296803652968,,26444.0,4073.0,7.0,1.0,1.0,1.0,3.0,both,708.39,683.8614285714286,572.59,7.0,3.0,both
2025,2023,True,WY,49714,UnitedHealthcare Insurance Company,,,,,,,,,,,,,,,,,,,,,,,,,left_only,,,,,,left_only
2026,2024,True,AK,38344,Premera Blue Cross Blue Shield of Alaska,,,187.0,89.0,,,777414.0,41736.0,210082.0,21282.0,819150.0,231364.0,0.2824439968259781,0.2702318198540289,0.000808250203143,0.4759358288770053,,82360.0,5613.0,9.0,4.0,1.0,1.0,1.0,both,832.2,791.7033333333334,613.96,9.0,3.0,both
2026,2024,True,AK,73836,"Moda Health Plan, Inc.",,,35.0,17.0,0.0,0.0,168684.0,35374.0,29231.0,66671.0,204058.0,95902.0,0.4699742230150251,0.1732885158046999,0.0003649558924735,0.4857142857142857,,14089.0,1290.0,7.0,5.0,1.0,1.0,0.0,both,767.0,709.2380952380952,512.0,7.0,3.0,both
2026,2024,True,AL,17091,Oscar Insurance Company,,,,,,,,,,,,,,,,,,,,,,,,,left_only,,,,,,left_only
2026,2024,True,AL,46944,Blue Cross and Blue Shield of Alabama,,,5200.0,2608.0,13.0,0.0,10704172.0,204199.0,2038603.0,181561.0,10908371.0,2220164.0,0.2035284645159208,0.1904493873977361,0.0023421693172216,0.5015384615384615,0.0,869832.0,40988.0,12.0,12.0,2.0,2.0,0.0,both,581.675,574.6811363636364,303.22,12.0,13.0,both
2026,2024,True,AL,53932,Celtic Insurance Company,,,377.0,,,0.0,1644320.0,551207.0,352236.0,85607.0,2195527.0,437843.0,0.1994250127645891,0.2142137783399824,0.0008610392309572,,,183344.0,2811.0,18.0,2.0,1.0,1.0,3.0,both,574.8900000000001,587.5417676767677,402.67,18.0,11.0,both
2026,2024,True,AL,69461,UnitedHealthcare Insurance Company,,,2741.0,1054.0,,,6010107.0,1396975.0,1073259.0,794119.0,7407082.0,1867378.0,0.2521071050651255,0.1785756892514559,0.0014678335077311,0.3845311929952572,,687930.0,117361.0,14.0,2.0,1.0,1.0,6.0,both,557.97,546.2685714285714,351.11,14.0,12.0,both
2026,2024,True,AR,13262,"HMO Partners, Inc.",,,1247.0,363.0,,0.0,1506621.0,24373.0,248827.0,8584.0,1530994.0,257411.0,0.1681332519918432,0.1651556695413113,0.0048443928192656,0.2910986367281475,,32070.0,196.0,5.0,1.0,1.0,1.0,2.0,both,443.47,453.946,376.41,5.0,7.0,both
2026,2024,True,AR,37903,"QualChoice Life & Health Insurance Company, Inc.",,,397.0,0.0,0.0,0.0,1680519.0,124177.0,262731.0,10461.0,1804696.0,273192.0,0.1513784038973877,0.1563392023535586,0.0014531904301736,0.0,,183566.0,1327.0,5.0,1.0,1.0,1.0,0.0,both,463.58,499.882,427.05,5.0,7.0,both
2026,2024,True,AR,48772,"USAble HMO, Inc.",,,686.0,220.0,0.0,0.0,766146.0,8685.0,123118.0,3345.0,774831.0,126463.0,0.1632136556229681,0.160697830439629,0.0054245115172026,0.3206997084548105,,20813.0,42.0,5.0,1.0,1.0,1.0,5.0,both,435.12,455.422,374.33,5.0,7.0,both
2026,2024,True,AR,62141,Celtic Insurance Company,,,1813.0,0.0,0.0,0.0,8079882.0,576856.0,1297980.0,51904.0,8656738.0,1349884.0,0.1559344871012614,0.1606434351392755,0.0013430783682153,0.0,,778344.0,5462.0,22.0,2.0,1.0,1.0,3.0,both,453.825,461.2436363636364,381.32,22.0,7.0,both
2026,2024,True,AR,70525,"QCA Health Plan, Inc.",,,346.0,0.0,0.0,0.0,1593974.0,121950.0,245717.0,11076.0,1715924.0,256793.0,0.1496528983801147,0.1541537063967166,0.0013473887528086,0.0,,175655.0,1294.0,7.0,1.0,1.0,1.0,0.0,both,459.73,473.4914285714286,400.43,7.0,7.0,both
2026,2024,True,AR,75293,USAble Mutual Insurance Company,,,7600.0,2400.0,35.0,13.0,4295266.0,19729.0,669702.0,7106.0,4314995.0,676808.0,0.1568502396874156,0.1559163041357625,0.0112291816881597,0.3157894736842105,0.3714285714285714,179074.0,36.0,8.0,1.0,1.0,1.0,1.0,both,488.58,487.6275,386.07,8.0,7.0,both
2026,2024,True,AZ,13877,"Oscar Health Plan, Inc.",,,4434.0,918.0,152.0,50.0,292877.0,51923.0,82246.0,37208.0,344800.0,119454.0,0.3464443155452436,0.2808209589691235,0.0371188909538399,0.2070365358592693,0.3289473684210526,13850.0,2311.0,13.0,1.0,1.0,1.0,0.0,both,373.57,379.4007692307692,236.62,13.0,3.0,both
2026,2024,True,AZ,40702,"UnitedHealthcare of Arizona, Inc.",,,2607.0,993.0,33.0,,2715431.0,393847.0,646181.0,236835.0,3109278.0,883016.0,0.2839939046942731,0.237966274967031,0.0029523813838027,0.380897583429229,,280840.0,34574.0,15.0,2.0,1.0,1.0,4.0,both,433.21,448.4645,293.19,15.0,4.0,both
2026,2024,True,AZ,53901,"Blue Cross and Blue Shield of Arizona, Inc.",,,4769.0,1806.0,180.0,36.0,1522332.0,82443.0,233016.0,77924.0,1604775.0,310940.0,0.19375924973906,0.1530651658113998,0.0153373641216955,0.3786957433424198,0.2,183125.0,6117.0,131.0,2.0,5.0,13.0,6.0,both,596.77,605.4326086956521,286.56,131.0,7.0,both
2026,2024,True,AZ,68445,"Antidote Health Plan of Arizona, Inc.",,,,,,,,,,,,,,,,,,,,,,,,,left_only,,,,,,left_only
2026,2024,True,AZ,85533,"Imperial Insurance Companies, Inc.",,,,,0.0,0.0,2393.0,1324.0,793.0,603.0,3717.0,1396.0,0.3755716976055959,0.3313832010029252,,,,26.0,22.0,5.0,2.0,1.0,1.0,0.0,both,528.03,562.0336,346.0,5.0,5.0,both
2026,2024,True,AZ,91450,"Health Net of Arizona, Inc.",,,502.0,14.0,,0.0,3202241.0,378567.0,596289.0,97626.0,3580808.0,693915.0,0.1937872681249595,0.1862099073742419,0.0007234315442093,0.0278884462151394,,438869.0,25486.0,29.0,3.0,2.0,2.0,3.0,both,441.21,464.8897122302158,320.96,29.0,5.0,both
2026,2024,True,AZ,97667,"Cigna HealthCare of Arizona, Inc",,,39.0,22.0,,,139645.0,9833.0,22637.0,9371.0,149478.0,32008.0,0.2141318454889682,0.1621039063339181,0.0012184453886528,0.5641025641025641,,4253.0,438.0,12.0,1.0,1.0,1.0,0.0,both,645.505,617.3774999999999,437.81,12.0,2.0,both
2026,2024,True,DE,64004,Celtic Insurance Company,,,,0.0,0.0,0.0,24728.0,2695.0,6979.0,882.0,27423.0,7861.0,0.2866571855741531,0.2822306696861857,,,,337.0,23.0,24.0,2.0,1.0,1.0,24.0,both,585.825,581.4870833333333,484.21,24.0,1.0,both
2026,2024,True,DE,72760,"AmeriHealth Caritas VIP Next, Inc.",,,31.0,14.0,0.0,0.0,165638.0,16445.0,46346.0,7506.0,182083.0,53852.0,0.2957552325038581,0.2798029437689419,0.0005756517863774,0.4516129032258064,,33608.0,5779.0,6.0,1.0,1.0,1.0,2.0,both,484.14,474.28,383.57,6.0,1.0,both
2026,2024,True,DE,76168,Highmark BCBSD Inc.,,,222.0,68.0,,,2042140.0,46365.0,387306.0,18805.0,2088505.0,406111.0,0.1944505758904096,0.1896569285161644,0.0005466485763744,0.3063063063063063,,1013.0,2504.0,18.0,8.0,1.0,1.0,2.0,both,573.21,568.2316666666667,345.19,18.0,1.0,both
2026,2024,True,FL,13887,Community Care Network Inc,,,,,,,,,,,,,,,,,,,,,,,,,left_only,,,,,,left_only
2026,2024,True,FL,16842,Blue Cross and Blue Shield of Florida,,,3012.0,1433.0,170.0,78.0,22220889.0,1031825.0,4251990.0,248604.0,23252714.0,4500594.0,0.1935513420067868,0.1913510301050511,0.0006692449929942,0.4757636122177955,0.4588235294117647,1320681.0,112051.0,28.0,2.0,2.0,2.0,15.0,both,783.375,840.1260285714285,393.2,28.0,67.0,both
2026,2024,True,FL,19898,"AvMed, Inc.",,,25.0,,0.0,0.0,431996.0,37292.0,118089.0,16682.0,469288.0,134771.0,0.2871818584749663,0.2733566977472013,0.0001854998478901,,,6700.0,843.0,83.0,2.0,1.0,5.0,0.0,both,630.91,666.6414285714286,427.99,83.0,22.0,both
2026,2024,True,FL,21525,Oscar Health Maintenance Organization of Florida,,,,,,,,,,,,,,,,,,,,,,,,,left_only,,,,,,left_only
2026,2024,True,FL,30252,"Health Options, Inc.",,,3129.0,1402.0,153.0,77.0,42561091.0,474833.0,10507969.0,83200.0,43035924.0,10591169.0,0.2461006530265273,0.2468914389436116,0.0002954348098873,0.4480664749121125,0.5032679738562091,2534988.0,56382.0,60.0,3.0,2.0,7.0,34.0,both,609.655,654.943411764706,415.29,60.0,61.0,both
2026,2024,True,FL,36194,"Health First Commercial Plans, Inc.",,,403.0,255.0,37.0,,2123475.0,158074.0,475722.0,101847.0,2281549.0,577569.0,0.2531477518124748,0.2240299509059442,0.0006977521300485,0.6327543424317618,,185022.0,32666.0,19.0,4.0,2.0,3.0,0.0,both,502.915,481.2960625,230.88,19.0,10.0,both
2026,2024,True,FL,44228,Simply Healthcare Plans Inc dba Wellpoint Florida Inc,,,,,,,,,,,,,,,,,,,,,,,,,left_only,,,,,,left_only
2026,2024,True,FL,48121,Cigna Health and Life Insurance Company,,,1210.0,389.0,15.0,,4620013.0,157117.0,926080.0,134858.0,4777130.0,1060938.0,0.2220869015496752,0.2004496524143979,0.0011405001988806,0.3214876033057851,,161971.0,5594.0,13.0,1.0,1.0,1.0,0.0,both,524.975,539.010641025641,370.61,13.0,12.0,both
2026,2024,True,FL,49004,Centene Venture Company Florida,,,,,,,,,,,,,,,,,,,,,,,,,left_only,,,,,,left_only
2026,2024,True,FL,54172,"Molina Healthcare of Florida, Inc",,,82.0,19.0,0.0,0.0,1447710.0,161927.0,341296.0,72623.0,1609637.0,413919.0,0.2571505252426478,0.2357488723570328,0.0001981063927966,0.2317073170731707,,237745.0,20605.0,10.0,3.0,2.0,2.0,1.0,both,522.64,541.6451818181819,366.51,10.0,12.0,both
2026,2024,True,FL,56503,"Florida Health Care Plan, Inc.",,,1024.0,281.0,36.0,19.0,3536806.0,90389.0,602771.0,68552.0,3627195.0,671323.0,0.1850804823010618,0.1704280641912505,0.001525346219331,0.2744140625,0.5277777777777778,67381.0,201.0,35.0,35.0,1.0,1.0,4.0,both,530.45,541.3176,286.67,35.0,5.0,both
2026,2024,True,FL,66966,Capital Health Plan,,,257.0,87.0,,,540104.0,19667.0,35255.0,4356.0,559771.0,39611.0,0.0707628655289395,0.0652744656584657,0.0064880967408043,0.3385214007782101,,17487.0,978.0,6.0,1.0,1.0,1.0,4.0,both,518.775,552.9083333333333,363.21,6.0,9.0,both
2026,2024,True,FL,67926,"AmeriHealth Caritas Florida, Inc.",,,,,0.0,0.0,79451.0,12571.0,20441.0,7584.0,92022.0,28025.0,0.3045467388233248,0.2572780707605945,,,,13607.0,4788.0,6.0,1.0,1.0,1.0,2.0,both,493.095,508.9238888888888,368.98,6.0,3.0,both
2026,2024,True,FL,68398,"UnitedHealthcare of Florida, Inc.",,,3373.0,882.0,18.0,,3564380.0,1012085.0,719832.0,473962.0,4576465.0,1193794.0,0.2608550486019231,0.2019515315426525,0.0028254455961413,0.2614882893566558,,422214.0,79970.0,16.0,2.0,2.0,1.0,7.0,both,577.715,576.0656628787879,403.61,16.0,33.0,both
2026,2024,True,FL,79850,"Cigna HealthCare of Florida, Inc.",,,,,,,,,,,,,,,,,,,,,,,,,left_only,,,,,,left_only
2026,2024,True,FL,86382,Sunshine State Health Plan,,,437.0,,,0.0,1271365.0,476090.0,256694.0,87510.0,1747455.0,344204.0,0.1969744571390965,0.2019042525159965,0.001269595937293,,,5199.0,1194.0,20.0,3.0,3.0,3.0,0.0,both,501.795,515.6947552447552,349.56,20.0,42.0,both
2026,2024,True,HI,18350,Hawaii Medical Service Association,,,104.0,52.0,0.0,0.0,723658.0,3861.0,198069.0,883.0,727519.0,198952.0,0.2734663974411664,0.2737052585613646,0.0005227391531625,0.5,,15825.0,16.0,7.0,1.0,3.0,1.0,0.0,both,488.06,465.0542857142856,211.88,7.0,1.0,both
2026,2024,True,HI,60612,"Kaiser Foundation Health Plan, Inc.",,,33.0,16.0,0.0,0.0,11489.0,1650.0,584.0,371.0,13139.0,955.0,0.0726843747621584,0.0508312298720515,0.0345549738219895,0.4848484848484848,,82.0,11.0,11.0,1.0,1.0,1.0,0.0,both,480.35,477.380909090909,359.82,11.0,1.0,both
2026,2024,True,IA,25896,"Wellmark Health Plan of Iowa, Inc.",,,674.0,221.0,,,3945784.0,140278.0,704036.0,108660.0,4086062.0,812696.0,0.198894681480604,0.1784274050480208,0.0008293383995983,0.327893175074184,,184653.0,9183.0,12.0,1.0,2.0,2.0,0.0,both,411.45,402.8064,310.55,12.0,7.0,both
2026,2024,True,IA,45819,Oscar Insurance Company,,,7284.0,2167.0,144.0,40.0,467434.0,187918.0,117430.0,107872.0,655352.0,225302.0,0.34378776596394,0.2512226324999893,0.0323299393702674,0.2975013728720483,0.2777777777777778,26987.0,6107.0,26.0,1.0,1.0,2.0,13.0,both,433.99,419.5848351648352,257.11,26.0,7.0,both
2026,2024,True,IA,48286,"Iowa Total Care, Inc.",,,,,,,,,,,,,,,,,,,,,,,,,left_only,,,,,,left_only
2026,2024,True,IA,56610,"UnitedHealthcare Plan of the River Valley, Inc.",,,,,,,,,,,,,,,,,,,,,,,,,left_only,,,,,,left_only
2026,2024,True,IA,74980,"Avera Health Plans, Inc.",,,,,,,,,,,,,,,,,,,,,,,,,left_only,,,,,,left_only
2026,2024,True,IA,93078,Medica Insurance Company,,,195.0,98.0,,,420450.0,41057.0,89569.0,37883.0,461507.0,127452.0,0.2761648252355869,0.2130312760137947,0.0015299877600979,0.5025641025641026,,47257.0,10017.0,47.0,5.0,6.0,12.0,17.0,both,551.21,552.8938036809816,328.13,47.0,7.0,both
2026,2024,True,IN,17575,Anthem Ins Companies Inc(Anthem BCBS),,,1174.0,359.0,,0.0,2552004.0,1001953.0,267110.0,540076.0,3553957.0,807186.0,0.227123175660257,0.1046667638451977,0.0014544355328263,0.3057921635434412,,128899.0,112585.0,14.0,2.0,2.0,1.0,0.0,both,386.845,409.5417410714286,274.85,14.0,16.0,both
2026,2024,True,IN,35065,Coordinated Care Corporation Indiana,,,,,,,,,,,,,,,,,,,,,,,,,left_only,,,,,,left_only
2026,2024,True,IN,54192,"CareSource Indiana, Inc.",,,5621.0,935.0,436.0,111.0,3524662.0,221570.0,638511.0,161542.0,3746232.0,800053.0,0.2135620538183433,0.1811552426871002,0.0070257845417741,0.1663405088062622,0.2545871559633027,345100.0,29802.0,21.0,2.0,1.0,1.0,8.0,both,456.0,504.05775910364144,319.13,21.0,17.0,both
2026,2024,True,IN,72850,UnitedHealthcare Insurance Company,,,,,,,,,,,,,,,,,,,,,,,,,left_only,,,,,,left_only
2026,2024,True,IN,94419,Cigna Health and Life Insurance Company,,,67.0,33.0,,0.0,384617.0,44826.0,75221.0,42338.0,429443.0,117559.0,0.2737476219195562,0.1955737785901299,0.0005699265900526,0.4925373134328358,,12241.0,865.0,12.0,1.0,1.0,1.0,1.0,both,426.58,440.6025,377.75,12.0,3.0,both
2026,2024,True,KS,18558,"Blue Cross and Blue Shield of Kansas, Inc.",,,174.0,96.0,12.0,,1042704.0,58174.0,134229.0,37482.0,1100878.0,171711.0,0.1559764115551405,0.1287316438797587,0.0010133305379387,0.5517241379310345,,17057.0,5031.0,9.0,2.0,1.0,1.0,0.0,both,645.52,621.7998412698413,491.64,9.0,7.0,both
2026,2024,True,KS,34368,Celtic Insurance Company,,,1121.0,20.0,17.0,0.0,3865491.0,337936.0,734165.0,65340.0,4203427.0,799505.0,0.1902031366311345,0.1899280065585458,0.0014021175602403,0.0178412132024977,0.0,497637.0,6359.0,24.0,2.0,1.0,1.0,3.0,both,540.94,554.9202976190476,377.86,24.0,7.0,both
2026,2024,True,KS,39520,Medica Insurance Company,,,27.0,12.0,,,56889.0,3416.0,14017.0,2987.0,60305.0,17004.0,0.2819666694303955,0.2463920968904357,0.0015878616796047,0.4444444444444444,,5073.0,711.0,14.0,2.0,2.0,3.0,3.0,both,614.45,623.4578947368421,412.74,14.0,3.0,both
2026,2024,True,KS,43490,Oscar Insurance Company,,,4096.0,1440.0,80.0,15.0,296092.0,84629.0,77239.0,46238.0,380721.0,123477.0,0.3243241113571355,0.2608614889966632,0.0331721697158175,0.3515625,0.1875,16794.0,3343.0,12.0,1.0,1.0,1.0,0.0,both,462.06,452.58166666666665,302.49,12.0,4.0,both
2026,2024,True,KS,94248,Blue Cross and Blue Shield of Kansas City,,,44.0,17.0,0.0,0.0,102463.0,2334.0,20939.0,1923.0,104797.0,22862.0,0.2181550998597288,0.2043566946117135,0.0019245910244073,0.3863636363636363,,7936.0,350.0,11.0,1.0,4.0,1.0,0.0,both,565.11,540.7581818181818,381.94,11.0,1.0,both
2026,2024,True,KS,94968,UnitedHealthcare Insurance Company,,,915.0,288.0,,0.0,935058.0,210209.0,167716.0,130303.0,1145267.0,298019.0,0.2602179229821517,0.179364274729482,0.0030702740429301,0.3147540983606557,,118329.0,34376.0,12.0,2.0,1.0,1.0,6.0,both,542.7750000000001,519.8040277777777,370.11,12.0,6.0,both
2026,2024,True,LA,19636,"HMO Louisiana, Inc.",,,1813.0,602.0,247.0,56.0,5472870.0,556952.0,993016.0,9504.0,6029822.0,1002520.0,0.1662602975676562,0.1814433743173143,0.0018084427243346,0.332046332046332,0.2267206477732793,2272.0,624.0,31.0,5.0,5.0,8.0,1.0,both,623.87,599.0020689655172,407.17,31.0,8.0,both
2026,2024,True,LA,38246,"AmeriHealth Caritas Louisiana, Inc.",,,,,,,,,,,,,,,,,,,,,,,,,left_only,,,,,,left_only
2026,2024,True,LA,69842,UnitedHealthcare Insurance Company,,,521.0,182.0,,,1031551.0,521755.0,248739.0,301175.0,1553306.0,549914.0,0.3540281180913484,0.2411310735000014,0.000947420869445,0.3493282149712092,,109602.0,25412.0,12.0,2.0,1.0,1.0,7.0,both,694.5799999999999,650.7218333333333,491.6,12.0,5.0,both
2026,2024,True,LA,90787,"Ambetter Health of Louisiana, Inc.",,,289.0,,,0.0,1704183.0,406869.0,326106.0,111146.0,2111052.0,437252.0,0.2071251679257545,0.1913562099844911,0.0006609460905839,,,7378.0,1825.0,22.0,2.0,1.0,1.0,22.0,both,559.685,571.5012121212121,440.19,22.0,3.0,both
2026,2024,True,LA,97176,Louisiana Health Service & Indemnity Company,,,364.0,117.0,41.0,,992770.0,80498.0,147920.0,8666.0,1073268.0,156586.0,0.1458964582937346,0.1489972501183557,0.0023246011776276,0.3214285714285714,,314.0,226.0,9.0,2.0,1.0,1.0,1.0,both,747.5,685.8534722222222,470.44,9.0,8.0,both
2026,2024,True,LA,98780,CHRISTUS Health Plan Louisiana,,,1566.0,641.0,0.0,0.0,154775.0,84097.0,22585.0,44261.0,238872.0,66846.0,0.2798402491711041,0.1459214989500888,0.0234269814199802,0.4093231162196679,,3312.0,3253.0,27.0,9.0,1.0,3.0,3.0,both,577.07,579.0996296296297,403.83,27.0,3.0,both
2026,2024,True,MI,15560,Blue Cross Blue Shield of Michigan Mutual Insurance Company,,,203.0,95.0,78.0,,1807844.0,434890.0,236257.0,74902.0,2242734.0,311159.0,0.1387409295975358,0.1306843953349957,0.0006523995770651,0.4679802955665024,,110220.0,6489.0,9.0,3.0,1.0,2.0,1.0,both,542.77,530.878041958042,271.5,9.0,16.0,both
2026,2024,True,MI,29698,Priority Health,,,130.0,28.0,,0.0,4106893.0,113292.0,324164.0,44180.0,4220185.0,368344.0,0.0872814817359902,0.0789316887486477,0.0003529309558456,0.2153846153846154,,141732.0,12661.0,49.0,1.0,6.0,6.0,44.0,both,430.33,445.32562814070354,281.74,49.0,15.0,both
2026,2024,True,MI,40356,HAP CareSource,,,,,,,,,,,,,,,,,,,,,,,,,left_only,,,,,,left_only
2026,2024,True,MI,58594,"Meridian Health Plan of Michigan, Inc.",,,844.0,,,0.0,3404769.0,788871.0,941541.0,117882.0,4193640.0,1059423.0,0.2526261195524651,0.2765359412048218,0.0007966600687355,,,366059.0,5725.0,27.0,3.0,2.0,1.0,3.0,both,409.495,416.0201851851852,264.12,27.0,12.0,both
2026,2024,True,MI,71667,"UnitedHealthcare Community Plan, Inc.",,,671.0,159.0,0.0,0.0,780202.0,330437.0,204912.0,190513.0,1110639.0,395425.0,0.3560337787525919,0.2626396753661231,0.0016969083897072,0.2369597615499254,,103245.0,27624.0,16.0,2.0,2.0,1.0,8.0,both,397.02,398.598625,297.57,16.0,5.0,both
2026,2024,True,MI,74917,McLaren Health Plan Community,,,17.0,15.0,0.0,0.0,100136.0,8797.0,19916.0,7988.0,108933.0,27904.0,0.2561574545821743,0.1988895102660381,0.0006092316513761,0.8823529411764706,,2029.0,139.0,12.0,1.0,1.0,2.0,0.0,both,523.56,510.2616666666667,302.75,12.0,15.0,both
2026,2024,True,MI,77739,Oscar Insurance Company,,,596.0,183.0,46.0,11.0,54216.0,9741.0,14778.0,5953.0,63957.0,20731.0,0.3241396563315978,0.2725763612217795,0.0287492161497274,0.3070469798657718,0.2391304347826087,2546.0,525.0,12.0,1.0,1.0,1.0,0.0,both,364.685,350.9141666666667,240.79,12.0,1.0,both
2026,2024,True,MI,98185,Blue Care Network of Michigan,,,210.0,180.0,65.0,,3398397.0,125642.0,630298.0,96908.0,3524039.0,727206.0,0.2063558320438565,0.1854692079824693,0.0002887764952434,0.8571428571428571,,302329.0,4105.0,27.0,4.0,5.0,8.0,0.0,both,433.98,454.1266165413534,261.3,27.0,16.0,both
2026,2024,True,MO,32753,Healthy Alliance Life Co(Anthem BCBS),,,270.0,98.0,0.0,0.0,3941746.0,307614.0,295802.0,131639.0,4249360.0,427441.0,0.1005895005365513,0.0750433944754431,0.0006316661246815,0.362962962962963,,228345.0,33039.0,12.0,1.0,2.0,1.0,1.0,both,574.425,573.8190277777778,261.45,12.0,6.0,both
2026,2024,True,MO,34762,Blue Cross and Blue Shield of Kansas City,,,91.0,30.0,0.0,0.0,152989.0,3260.0,31697.0,2865.0,156249.0,34562.0,0.2211982156685802,0.2071848302819157,0.0026329494820901,0.3296703296703296,,14734.0,596.0,15.0,1.0,4.0,3.0,0.0,both,626.45,628.1813333333333,413.34,15.0,3.0,both
2026,2024,True,MO,47840,Medica Central Insurance Company,,,20.0,,0.0,0.0,62815.0,1388.0,13403.0,1129.0,64203.0,14532.0,0.2263445633381617,0.2133726020854891,0.0013762730525736,,,14790.0,393.0,14.0,1.0,1.0,1.0,0.0,both,579.685,518.6178571428571,295.1,14.0,1.0,both
2026,2024,True,MO,53461,Medica Insurance Company,,,208.0,100.0,0.0,0.0,406622.0,15692.0,95180.0,12444.0,422314.0,107624.0,0.2548435524278143,0.2340748901928572,0.0019326544265219,0.4807692307692308,,39580.0,3028.0,30.0,3.0,3.0,3.0,6.0,both,500.995,515.1695555555556,252.94,30.0,8.0,both
2026,2024,True,MO,69512,Oscar Insurance Company,,,5920.0,1884.0,53.0,13.0,544633.0,123605.0,133294.0,56006.0,668238.0,189300.0,0.2832823036103903,0.2447409540002166,0.0312731114632857,0.3182432432432432,0.2452830188679245,30077.0,9712.0,12.0,1.0,1.0,1.0,0.0,both,503.92,499.545625,334.06,12.0,4.0,both
2026,2024,True,MO,95426,UnitedHealthcare Insurance Company,,,1119.0,386.0,,0.0,1070569.0,388139.0,203531.0,244949.0,1458708.0,448480.0,0.3074501545203015,0.1901147894250627,0.0024950945415626,0.3449508489722967,,138799.0,32677.0,13.0,2.0,1.0,1.0,8.0,both,558.47,573.7085714285714,379.93,13.0,7.0,both
2026,2024,True,MO,96384,Cox Health Systems Insurance Company,,,24.0,11.0,0.0,0.0,99299.0,3676.0,14549.0,3672.0,102975.0,18221.0,0.1769458606457878,0.146517084764197,0.001317161516931,0.4583333333333333,,1140.0,11.0,8.0,1.0,1.0,1.0,4.0,both,514.0,519.625,429.0,8.0,1.0,both
2026,2024,True,MO,99723,Celtic Insurance Company,,,,0.0,0.0,0.0,5919313.0,590539.0,1113385.0,137813.0,6509852.0,1251198.0,0.1922006829033901,0.1880936182965827,,,,760709.0,7081.0,28.0,2.0,1.0,1.0,3.0,both,566.405,569.8076785714286,363.31,28.0,10.0,both
2026,2024,True,MS,20635,"Oscar Health Plan, Inc.",,,,,,,,,,,,,,,,,,,,,,,,,left_only,,,,,,left_only
2026,2024,True,MS,56766,Cigna Health and Life Insurance Company,,,257.0,125.0,,,2495922.0,113128.0,691183.0,103807.0,2609050.0,794990.0,0.3047047776010425,0.2769249199293888,0.0003232745065975,0.4863813229571984,,88385.0,3654.0,12.0,1.0,1.0,1.0,1.0,both,487.31,528.3546666666666,416.72,12.0,5.0,both
2026,2024,True,MS,79975,"Molina Healthcare of Mississippi, Inc",,,87.0,54.0,0.0,0.0,687896.0,69473.0,142847.0,31219.0,757369.0,174066.0,0.2298298451613414,0.2076578436275251,0.0004998104167384,0.6206896551724138,,103795.0,9355.0,9.0,2.0,1.0,1.0,1.0,both,528.4549999999999,540.2007407407408,462.83,9.0,6.0,both
2026,2024,True,MS,90714,Ambetter of Magnolia Inc.,,,1147.0,0.0,0.0,0.0,11374142.0,852494.0,1824195.0,196741.0,12226636.0,2020936.0,0.1652896185017694,0.1603808885100959,0.0005675587945387,0.0,,1280186.0,40470.0,23.0,3.0,2.0,1.0,3.0,both,514.875,540.2957971014494,456.06,23.0,6.0,both
2026,2024,True,MS,97560,"UnitedHealthcare of Mississippi, Inc.",,,196.0,61.0,0.0,0.0,314752.0,50616.0,67514.0,30602.0,365368.0,98116.0,0.2685402115127762,0.2144990341602277,0.001997635451914,0.3112244897959184,,33820.0,2745.0,13.0,2.0,1.0,1.0,6.0,both,566.525,587.2046153846154,462.67,13.0,6.0,both
2026,2024,True,MT,23603,PacificSource Health Plans,,,39.0,,,0.0,41.0,316.0,,49.0,357.0,49.0,0.1372549019607843,,0.7959183673469388,,,0.0,,9.0,1.0,1.0,1.0,0.0,both,560.0,532.6666666666666,394.0,9.0,4.0,both
2026,2024,True,MT,30751,Blue Cross and Blue Shield of Montana,,,336.0,104.0,16.0,,1143888.0,80885.0,142689.0,18878.0,1224773.0,161567.0,0.131915873390416,0.1247403591960052,0.0020796325982409,0.3095238095238095,,43421.0,2083.0,61.0,2.0,2.0,7.0,0.0,both,490.81,506.6798360655738,275.59,61.0,4.0,both
2026,2024,True,MT,32225,Montana Health Cooperative,,,1163.0,279.0,16.0,,868851.0,59430.0,91410.0,22338.0,928281.0,113748.0,0.1225361716980095,0.1052079125189474,0.0102243555930653,0.2398968185726569,,77741.0,7684.0,21.0,3.0,3.0,2.0,0.0,both,520.29,487.9252173913043,272.36,21.0,4.0,both
2026,2024,True,NC,11512,Blue Cross and Blue Shield of NC,,,2160.0,779.0,88.0,44.0,16183703.0,776255.0,3116071.0,101642.0,16959958.0,3217713.0,0.1897241137035834,0.1925437583722341,0.0006712842319995,0.3606481481481481,0.5,1417157.0,16988.0,146.0,5.0,5.0,14.0,40.0,both,491.2,501.0428464419476,256.99,146.0,16.0,both
2026,2024,True,NC,13591,CareSource North Carolina Co.,,,728.0,95.0,,0.0,158212.0,49496.0,44782.0,32072.0,207708.0,76854.0,0.3700098214801548,0.2830505903471291,0.0094725063106669,0.1304945054945055,,22787.0,3984.0,14.0,2.0,1.0,1.0,6.0,both,586.31,585.5878571428572,452.2,14.0,1.0,both
2026,2024,True,NC,17414,"AmeriHealth Caritas North Carolina, Inc.",,,74.0,47.0,0.0,0.0,387771.0,68313.0,109227.0,30381.0,456084.0,139608.0,0.3061015076170179,0.2816791353659763,0.0005300555842072,0.6351351351351351,,75026.0,30039.0,6.0,1.0,1.0,1.0,2.0,both,444.025,451.06666666666666,306.19,6.0,5.0,both
2026,2024,True,NC,54332,"UnitedHealthcare of North Carolina, Inc",,,1407.0,526.0,,,1601659.0,261882.0,339054.0,176928.0,1863541.0,515982.0,0.2768825585270192,0.2116892547040287,0.0027268393083479,0.3738450604122246,,198225.0,16008.0,15.0,2.0,1.0,1.0,6.0,both,606.75,589.3327407407407,380.25,15.0,9.0,both
2026,2024,True,NC,69803,"Oscar Health Plan of North Carolina, Inc",,,875.0,320.0,34.0,12.0,81081.0,26311.0,17549.0,15993.0,107392.0,33542.0,0.312332389749702,0.2164378831045497,0.0260866972750581,0.3657142857142857,0.3529411764705882,5977.0,675.0,13.0,1.0,1.0,1.0,0.0,both,504.78,509.7325641025641,285.03,13.0,3.0,both
2026,2024,True,NC,73943,"Cigna HealthCare of North Carolina, Inc.",,,150.0,39.0,,,1009831.0,69246.0,162599.0,64396.0,1079077.0,226995.0,0.2103603357313704,0.1610160512006464,0.0006608075067732,0.26,,37765.0,2466.0,11.0,1.0,1.0,1.0,0.0,both,636.04,635.6662937062937,397.86,11.0,13.0,both
2026,2024,True,NC,77264,Ambetter of North Carolina Inc.,,,1238.0,,,0.0,4295438.0,850630.0,924286.0,158416.0,5146068.0,1082702.0,0.2103940328810268,0.2151785219574814,0.0011434355898483,,,520332.0,12770.0,45.0,3.0,2.0,2.0,6.0,both,519.5,519.867186440678,372.3,45.0,13.0,both
2026,2024,True,ND,37160,Blue Cross Blue Shield of North Dakota,,,177.0,79.0,0.0,0.0,717367.0,7251.0,96964.0,12362.0,724618.0,109326.0,0.1508739777372353,0.1351665186717537,0.0016190110312277,0.4463276836158192,,9356.0,121.0,14.0,3.0,3.0,3.0,2.0,both,520.22,467.0104347826087,200.88,14.0,4.0,both
2026,2024,True,ND,73751,Medica Health Plans,,,40.0,15.0,0.0,0.0,72125.0,2662.0,15098.0,2463.0,74787.0,17561.0,0.2348135371120649,0.2093310225303292,0.0022777746142019,0.375,,7183.0,705.0,27.0,3.0,3.0,4.0,5.0,both,432.32,439.01135593220334,200.36,27.0,3.0,both
2026,2024,True,ND,89364,Sanford Health Plan,,,147.0,96.0,,,642746.0,20854.0,28533.0,10773.0,663600.0,39306.0,0.0592314647377938,0.0443923416092826,0.0037398870401465,0.6530612244897959,,15923.0,458.0,26.0,2.0,2.0,2.0,2.0,both,427.49,416.51010989010985,183.07,26.0,4.0,both
2026,2024,True,NE,13484,Celtic Insurance Company,,,,,,,,,,,,,,,,,,,,,,,,,left_only,,,,,,left_only
2026,2024,True,NE,20305,Medica Insurance Company,,,720.0,355.0,11.0,,1322366.0,45007.0,281819.0,37200.0,1367373.0,319019.0,0.2333079562050735,0.2131172459062014,0.0022569188669013,0.4930555555555556,,144473.0,9973.0,32.0,3.0,3.0,5.0,8.0,both,640.71,658.2359595959596,435.55,32.0,4.0,both
2026,2024,True,NE,29678,Blue Cross and Blue Shield of Nebraska,,,870.0,198.0,17.0,,590006.0,18822.0,91925.0,18718.0,608828.0,110643.0,0.1817311293173112,0.1558035003033867,0.0078631273555489,0.2275862068965517,,22458.0,508.0,29.0,6.0,3.0,5.0,0.0,both,646.575,669.4027083333333,462.95,29.0,4.0,both
2026,2024,True,NE,57424,Oscar Insurance Company,,,950.0,437.0,16.0,,46889.0,2288.0,10186.0,2044.0,49177.0,12230.0,0.24869349492649,0.2172364520463221,0.0776778413736713,0.46,,2732.0,119.0,13.0,1.0,1.0,1.0,0.0,both,643.425,646.4057692307692,398.96,13.0,4.0,both
2026,2024,True,NE,73102,UnitedHealthcare Insurance Company,,,,,,,,,,,,,,,,,,,,,,,,,left_only,,,,,,left_only
2026,2024,True,NH,13219,"Boston Medical Center Health Plan, Inc.",,,,,,,,,,,,,,,,,,,,,,,,,left_only,,,,,,left_only
2026,2024,True,NH,59025,Harvard Pilgrim Health Care of NE,,,84.0,28.0,0.0,0.0,117211.0,39.0,33754.0,39.0,117250.0,33793.0,0.2882132196162046,0.2879763844690344,0.002485721895067,0.3333333333333333,,1094.0,,13.0,1.0,2.0,1.0,13.0,both,395.95,389.6807692307693,316.22,13.0,1.0,both
2026,2024,True,NH,75841,Celtic Insurance Company,,,31.0,18.0,,,759938.0,30063.0,133926.0,8997.0,790001.0,142923.0,0.1809149608671381,0.1762327979387792,0.0002169000090958,0.5806451612903226,,7064.0,337.0,20.0,2.0,1.0,1.0,3.0,both,368.51,360.337,288.46,20.0,1.0,both
2026,2024,True,NH,96751,Matthew Thornton Hlth Plan(Anthem BCBS),,,396.0,166.0,0.0,0.0,2199992.0,47282.0,153654.0,25338.0,2247274.0,178992.0,0.0796484985809474,0.0698429812472045,0.0022123893805309,0.4191919191919191,,111543.0,3938.0,14.0,1.0,2.0,1.0,0.0,both,329.485,313.20642857142855,221.03,14.0,1.0,both
2026,2024,True,OH,29276,Community Insurance Company(Anthem BCBS),,,841.0,225.0,,0.0,3535080.0,306758.0,294314.0,195583.0,3841838.0,489897.0,0.1275163086002064,0.0832552587211604,0.0017166873853075,0.267538644470868,,203230.0,30164.0,14.0,1.0,2.0,1.0,0.0,both,526.44,542.5744957983193,266.99,14.0,17.0,both
2026,2024,True,OH,29341,Oscar Buckeye State Insurance Corp.,,,18709.0,4700.0,394.0,101.0,1276642.0,633889.0,337922.0,356571.0,1910531.0,694493.0,0.363507841537248,0.2646959758491417,0.0269390764197767,0.2512159923031696,0.2563451776649746,72925.0,17367.0,14.0,1.0,1.0,1.0,0.0,both,433.84,426.0378571428572,275.47,14.0,5.0,both
2026,2024,True,OH,31981,Antidote Health Plan of Ohio,,,,,,,,,,,,,,,,,,,,,,,,,left_only,,,,,,left_only
2026,2024,True,OH,33931,"UnitedHealthcare of Ohio, Inc.",,,944.0,330.0,21.0,,895840.0,339753.0,208089.0,201832.0,1235593.0,409921.0,0.3317605392714267,0.2322836667262011,0.0023028827505787,0.3495762711864407,,119234.0,35357.0,16.0,2.0,2.0,1.0,7.0,both,475.365,480.1633125,388.21,16.0,10.0,both
2026,2024,True,OH,41047,Buckeye Community Health Plan,,,333.0,198.0,,,3673782.0,407347.0,714834.0,105758.0,4081129.0,820592.0,0.2010698510142659,0.1945771414852596,0.000405804589857,0.5945945945945946,,423584.0,3784.0,24.0,2.0,1.0,1.0,3.0,both,482.305,479.2101666666667,372.65,24.0,15.0,both
2026,2024,True,OH,45845,Oscar Insurance Corporation of Ohio,,,8186.0,2789.0,255.0,67.0,610423.0,28712.0,121739.0,19484.0,639135.0,141223.0,0.2209595781798837,0.1994338352257369,0.057965062348201,0.3407036403615929,0.2627450980392157,46603.0,1169.0,15.0,1.0,1.0,1.0,0.0,both,569.31,580.2704,399.49,15.0,5.0,both
2026,2024,True,OH,52664,"Summa Insurance Company, Inc.",,,319.0,245.0,,,197767.0,17856.0,51591.0,10848.0,215623.0,62439.0,0.2895748598247867,0.2608675866044385,0.0051089863706978,0.768025078369906,,5604.0,5604.0,14.0,1.0,1.0,1.0,1.0,both,418.14,421.74535714285713,263.29,14.0,2.0,both
2026,2024,True,OH,64353,"Molina Healthcare of Ohio, Inc.",,,216.0,108.0,,,1975213.0,223180.0,428806.0,92942.0,2198393.0,521748.0,0.2373315417216121,0.2170935488982707,0.0004139929621196,0.5,,309082.0,27281.0,7.0,2.0,1.0,1.0,1.0,both,487.335,491.3699107142857,397.6,7.0,16.0,both
2026,2024,True,OH,74313,Paramount Insurance Company,,,30.0,22.0,0.0,0.0,110549.0,4564.0,15746.0,2382.0,115113.0,18128.0,0.1574800413506728,0.1424345765226279,0.0016548984995586,0.7333333333333333,,6848.0,530.0,18.0,1.0,1.0,2.0,1.0,both,594.205,575.075,370.74,18.0,2.0,both
2026,2024,True,OH,77552,"CareSource Ohio, Inc.",,,5001.0,952.0,263.0,47.0,2814185.0,271798.0,562546.0,160547.0,3085983.0,723093.0,0.2343152894879848,0.1998965952842474,0.0069161228223755,0.1903619276144771,0.1787072243346007,318163.0,42980.0,16.0,2.0,1.0,1.0,8.0,both,558.13,621.9559191176471,347.76,16.0,17.0,both
2026,2024,True,OH,99969,Medical Health Insuring Corp. of Ohio,,,657.0,421.0,21.0,,1320144.0,39919.0,198720.0,38093.0,1360063.0,236813.0,0.1741191400692467,0.1505290331963786,0.0027743409356749,0.6407914764079148,,352894.0,12612.0,16.0,1.0,2.0,2.0,16.0,both,522.75,517.5055947136564,210.87,16.0,17.0,both
2026,2024,True,OK,21333,Medica Insurance Company,,,144.0,92.0,0.0,0.0,398541.0,47354.0,103679.0,25606.0,445895.0,129285.0,0.2899449421949113,0.2601463839354044,0.0011138183083884,0.6388888888888888,,42108.0,6712.0,20.0,2.0,3.0,4.0,4.0,both,487.6,479.92254237288137,270.85,20.0,4.0,both
2026,2024,True,OK,45480,"UnitedHealthcare of Oklahoma, Inc.",,,218.0,43.0,0.0,0.0,260548.0,118378.0,59525.0,68213.0,378926.0,127738.0,0.3371053978877142,0.2284607826580898,0.0017066182341981,0.1972477064220183,,31092.0,10025.0,13.0,2.0,1.0,1.0,8.0,both,579.1949999999999,551.9503846153847,427.29,13.0,2.0,both
2026,2024,True,OK,58944,"Taro Health Plan of Oklahoma, Inc.",,,0.0,0.0,0.0,0.0,7564.0,206.0,642.0,199.0,7770.0,841.0,0.1082368082368082,0.0848757271285034,0.0,,,0.0,0.0,6.0,1.0,2.0,1.0,6.0,both,627.865,605.715,493.22,6.0,1.0,both
2026,2024,True,OK,62505,Celtic Insurance Company,,,446.0,,,0.0,1824797.0,488729.0,438378.0,59946.0,2313526.0,498324.0,0.2153958935408549,0.2402338451893553,0.0008950000401345,,,189336.0,3616.0,22.0,2.0,1.0,1.0,3.0,both,551.925,558.0472727272727,405.36,22.0,5.0,both
2026,2024,True,OK,87571,Blue Cross Blue Shield of Oklahoma,,,4404.0,1305.0,50.0,22.0,8439891.0,856070.0,1385537.0,280000.0,9295961.0,1665537.0,0.1791678127737412,0.1641652718026808,0.0026441922334958,0.2963215258855586,0.44,161891.0,24407.0,93.0,2.0,3.0,12.0,19.0,both,613.59,606.2616129032258,437.01,93.0,5.0,both
2026,2024,True,OK,91908,Oscar Insurance Company,,,4223.0,1159.0,83.0,36.0,259248.0,115044.0,60135.0,35552.0,374292.0,95687.0,0.2556479967511996,0.2319593593778929,0.0441334768568353,0.2744494435235614,0.4337349397590361,15841.0,5018.0,11.0,1.0,1.0,1.0,1.0,both,486.85,456.4245454545455,324.23,11.0,2.0,both
2026,2024,True,OK,98905,CommunityCare HMO Inc.,,,204.0,103.0,,,435151.0,22878.0,74500.0,8360.0,458029.0,82860.0,0.1809055758478175,0.1712049380559851,0.0024619840695148,0.5049019607843137,,6905.0,389.0,11.0,1.0,1.0,1.0,1.0,both,548.52,488.64181818181817,237.48,11.0,3.0,both
2026,2024,True,OR,10091,PacificSource Health Plans,,,136.0,12.0,,0.0,3771.0,1208.0,658.0,338.0,4979.0,996.0,0.200040168708576,0.1744895253248475,0.1365461847389558,0.088235294117647,,53.0,19.0,10.0,2.0,1.0,1.0,1.0,both,570.5,546.1857142857143,368.0,10.0,7.0,both
2026,2024,True,OR,39424,"Moda Health Plan, Inc.",,,173.0,67.0,,,1102738.0,20682.0,157741.0,18615.0,1123420.0,176356.0,0.1569813604885083,0.1430448574366712,0.0009809703100546,0.3872832369942196,,77578.0,395.0,24.0,3.0,2.0,2.0,0.0,both,546.0,533.4953271028037,362.0,24.0,7.0,both
2026,2024,True,OR,56707,Providence Health Plan,,,301.0,217.0,,,410010.0,33982.0,16582.0,20246.0,443992.0,36828.0,0.0829474404944233,0.0404429160264383,0.008173129140871,0.7209302325581395,,9649.0,3039.0,11.0,9.0,3.0,3.0,0.0,both,536.0,554.3064516129032,346.0,11.0,7.0,both
2026,2024,True,OR,63474,BridgeSpan Health Company,,,,,0.0,0.0,12346.0,264.0,1294.0,174.0,12610.0,1468.0,0.1164155432196669,0.1048112749068524,,,,0.0,,3.0,1.0,1.0,1.0,0.0,both,590.96,592.7309523809524,412.97,3.0,7.0,both
2026,2024,True,OR,71287,Kaiser Foundation Healthplan of the NW,,,39.0,17.0,0.0,0.0,9923.0,2384.0,725.0,408.0,12307.0,1133.0,0.0920614284553506,0.0730625818804796,0.0344218887908208,0.4358974358974359,,58.0,19.0,11.0,1.0,1.0,1.0,0.0,both,489.0,462.5090909090909,355.0,11.0,5.0,both
2026,2024,True,OR,77969,Regence BlueCross BlueShield of Oregon,,,616.0,88.0,47.0,,1013376.0,55295.0,100498.0,41236.0,1068671.0,141734.0,0.1326264116832963,0.0991714822533788,0.0043461695852794,0.1428571428571428,,23.0,526.0,17.0,2.0,2.0,2.0,0.0,both,512.41,519.0308045977011,337.83,17.0,7.0,both
2026,2024,True,SC,26065,Blue Cross and Blue Shield of South Carolina,,,2902.0,1215.0,234.0,132.0,11796220.0,324828.0,1827005.0,268959.0,12121048.0,2095964.0,0.1729193713282877,0.1548805464801436,0.0013845657654425,0.4186767746381805,0.5641025641025641,263044.0,8129.0,51.0,8.0,5.0,5.0,32.0,both,545.61,516.5475648702594,222.66,51.0,46.0,both
2026,2024,True,SC,33764,"UnitedHealthcare of South Carolina, Inc.",,,403.0,125.0,,,438616.0,166827.0,88229.0,89090.0,605443.0,177319.0,0.2928748040690866,0.201153172706878,0.0022727400898944,0.3101736972704714,,51587.0,7789.0,13.0,2.0,1.0,1.0,13.0,both,515.85,515.1704013377927,321.58,13.0,23.0,both
2026,2024,True,SC,33863,InStil Health Insurance Company,,,,,,,,,,,,,,,,,,,,,,,,,left_only,,,,,,left_only
2026,2024,True,SC,42326,"MOLINA HEALTHCARE OF SOUTH CAROLINA, INC",,,422.0,243.0,0.0,0.0,1055016.0,83239.0,230150.0,26217.0,1138255.0,256367.0,0.2252280903663941,0.2181483503567718,0.0016460776933068,0.5758293838862559,,180267.0,7671.0,7.0,2.0,1.0,1.0,1.0,both,525.11,538.8564126984127,426.03,7.0,45.0,both
2026,2024,True,SC,73107,Select Health of South Carolina,,,29.0,16.0,0.0,0.0,121039.0,20445.0,39520.0,12130.0,141484.0,51650.0,0.3650589465946679,0.3265063326696354,0.0005614714424007,0.5517241379310345,,30130.0,7290.0,6.0,1.0,1.0,1.0,2.0,both,455.19,462.8548039215687,302.6,6.0,17.0,both
2026,2024,True,SC,79222,"Absolute Total Care, Inc",,,1299.0,,,0.0,8043578.0,1059613.0,1471467.0,133679.0,9103191.0,1605146.0,0.1763278393257924,0.1829368721233262,0.0008092721783563,,,48223.0,6349.0,24.0,3.0,2.0,1.0,3.0,both,496.37,497.0359782608695,332.09,24.0,46.0,both
2026,2024,True,SD,31195,Sanford Health Plan,,,365.0,218.0,,,855229.0,24243.0,35230.0,10667.0,879472.0,45897.0,0.0521869940145905,0.0411936452108148,0.0079525894938667,0.5972602739726027,,14966.0,637.0,26.0,2.0,2.0,2.0,2.0,both,553.95,581.3137179487179,258.11,26.0,4.0,both
2026,2024,True,SD,50305,Wellmark of South Dakota,,,152.0,43.0,,0.0,425214.0,21179.0,65429.0,12544.0,446393.0,77973.0,0.1746734379795382,0.1538731085994346,0.001949392738512,0.2828947368421052,,17819.0,721.0,14.0,1.0,2.0,2.0,7.0,both,605.775,595.5507142857142,456.85,14.0,2.0,both
2026,2024,True,SD,60536,"Avera Health Plans, Inc.",,,154.0,69.0,,,436009.0,4675.0,11752.0,3653.0,440684.0,15405.0,0.0349570213577075,0.0269535720592923,0.0099967543005517,0.448051948051948,,109.0,96.0,32.0,2.0,2.0,3.0,9.0,both,587.7950000000001,632.66390625,371.26,32.0,4.0,both
2026,2024,True,TN,14002,BlueCross BlueShield of Tennessee,,,587.0,264.0,,,6270421.0,1095096.0,1323501.0,652680.0,7365517.0,1976181.0,0.2683017363207498,0.2110705166367617,0.0002970375689271,0.4497444633730835,,233804.0,132259.0,116.0,1.0,3.0,8.0,80.0,both,526.65,565.0037931034483,357.74,116.0,8.0,both
2026,2024,True,TN,23552,Oscar Insurance Company,,,9553.0,3657.0,162.0,30.0,798002.0,100026.0,187709.0,64043.0,898028.0,251752.0,0.280338697679805,0.2352237212438064,0.0379460739140106,0.3828116821940752,0.1851851851851851,37230.0,4839.0,14.0,1.0,1.0,1.0,2.0,both,506.835,514.4371428571428,308.9,14.0,3.0,both
2026,2024,True,TN,29854,"Alliant Health Plans, Inc.",,,,,,,,,,,,,,,,,,,,,,,,,left_only,,,,,,left_only
2026,2024,True,TN,69443,UnitedHealthcare Insurance Company,,,1483.0,470.0,,,2157936.0,437684.0,446509.0,246775.0,2595620.0,693284.0,0.2670976491165887,0.2069148482624137,0.0021390945124941,0.3169251517194875,,226551.0,35944.0,13.0,2.0,1.0,1.0,5.0,both,592.45,602.7069230769231,389.69,13.0,7.0,both
2026,2024,True,TN,70111,Celtic Insurance Company,,,2600.0,,,0.0,8726180.0,1488485.0,1645943.0,268561.0,10214665.0,1914504.0,0.1874269983401315,0.188621252369307,0.0013580540965179,,,957113.0,10101.0,32.0,4.0,2.0,3.0,6.0,both,519.84,514.582476635514,349.88,32.0,8.0,both
2026,2024,True,TN,99248,Cigna Health and Life Insurance Company,,,720.0,380.0,,,4704089.0,139697.0,955423.0,121987.0,4843786.0,1077410.0,0.2224313790906534,0.2031047881959716,0.0006682692753919,0.5277777777777778,,148089.0,4781.0,12.0,1.0,1.0,1.0,0.0,both,522.115,533.34375,433.33,12.0,6.0,both
2026,2024,True,TX,11718,"Community Health Choice Texas, Inc.",,,,,,,,,,,,,,,,,,,,,,,,,left_only,,,,,,left_only
2026,2024,True,TX,17933,"Moda Health Plan, Inc.",,,39.0,14.0,,0.0,142112.0,8439.0,34484.0,8188.0,150551.0,42672.0,0.2834388346806066,0.2426536816032425,0.0009139482564679,0.358974358974359,,8806.0,53.0,10.0,1.0,1.0,1.0,0.0,both,498.0,486.9,360.0,10.0,1.0,both
2026,2024,True,TX,20069,Oscar Insurance Company,,,38325.0,9061.0,517.0,176.0,3001076.0,520276.0,764285.0,286065.0,3521352.0,1050350.0,0.2982803196045155,0.2546703249101322,0.0364878373875374,0.2364253098499673,0.3404255319148936,155323.0,20503.0,21.0,2.0,2.0,4.0,4.0,both,489.92,497.5299328859061,375.07,21.0,14.0,both
2026,2024,True,TX,27248,"Community Health Choice, Inc.",,,1054.0,260.0,26.0,16.0,6776421.0,680140.0,1449319.0,409025.0,7456561.0,1858344.0,0.2492226644427639,0.2138767647405614,0.000567171632378,0.2466793168880455,0.6153846153846154,1032782.0,30302.0,12.0,1.0,4.0,2.0,0.0,both,539.93,508.7307692307692,320.98,12.0,4.0,both
2026,2024,True,TX,29418,Celtic Insurance Company,,,3010.0,1842.0,237.0,130.0,16238521.0,1674627.0,2652607.0,258074.0,17913148.0,2910681.0,0.1624885251883142,0.1633527462260879,0.0010341222552385,0.6119601328903654,0.5485232067510548,1925576.0,69366.0,16.0,2.0,1.0,1.0,2.0,both,559.92,558.339014423077,391.6,16.0,26.0,both
2026,2024,True,TX,33602,Blue Cross Blue Shield of Texas,,,22641.0,11397.0,808.0,325.0,58806743.0,2697101.0,11028737.0,906328.0,61503844.0,11935065.0,0.1940539683991134,0.1875420476866063,0.0018970152236288,0.5033788260235855,0.4022277227722772,1034765.0,51199.0,588.0,2.0,2.0,36.0,75.0,both,489.915,495.5265646258503,264.82,588.0,27.0,both
2026,2024,True,TX,34826,"Imperial Insurance Companies, Inc.",,,,,0.0,0.0,2530.0,1777.0,902.0,804.0,4307.0,1706.0,0.3960993731135361,0.3565217391304348,,,,28.0,50.0,7.0,3.0,1.0,1.0,1.0,both,564.825,531.3992857142857,361.25,7.0,6.0,both
2026,2024,True,TX,37758,Harbor Health Insurance Company,,,,,,,,,,,,,,,,,,,,,,,,,left_only,,,,,,left_only
2026,2024,True,TX,40220,"UnitedHealthcare of Texas, Inc.",,,12386.0,4333.0,67.0,21.0,14698969.0,5348859.0,2550560.0,2251733.0,20047828.0,4802293.0,0.2395418097162445,0.1735196529770217,0.0025791845687049,0.3498304537380914,0.3134328358208955,1431669.0,510828.0,20.0,2.0,3.0,3.0,12.0,both,512.79,516.1964734299517,349.03,20.0,24.0,both
2026,2024,True,TX,40788,Scott and White Health Plan,,,5246.0,3157.0,170.0,136.0,8274564.0,1360874.0,1205777.0,270578.0,9635438.0,1476355.0,0.1532213688677152,0.1457209104914772,0.003553345909351,0.6017918414029737,0.8,1669883.0,472259.0,9.0,1.0,1.0,1.0,0.0,both,507.88,499.8707692307692,351.26,9.0,13.0,both
2026,2024,True,TX,45786,"Molina Healthcare of Texas, Inc.",,,996.0,545.0,21.0,14.0,987573.0,57582.0,237126.0,22873.0,1045155.0,259999.0,0.2487659725112543,0.2401098450443663,0.0038307839645537,0.5471887550200804,0.6666666666666666,170021.0,6572.0,8.0,3.0,1.0,1.0,0.0,both,556.4549999999999,559.9553409090909,436.58,8.0,11.0,both
2026,2024,True,TX,47501,Wellpoint Insurance Company,,,,,,,,,,,,,,,,,,,,,,,,,left_only,,,,,,left_only
2026,2024,True,TX,63251,Community First Insurance Plans,,,,,,,112382.0,6808.0,34419.0,4276.0,119190.0,38695.0,0.3246497189361523,0.3062679076720471,,,,539.0,351.0,4.0,2.0,1.0,1.0,0.0,both,526.165,525.2,475.35,4.0,1.0,both
2026,2024,True,TX,66252,CHRISTUS Health Plan,,,4256.0,1337.0,0.0,0.0,1206500.0,252696.0,141176.0,111019.0,1459196.0,252195.0,0.17283147705997,0.1170128470783257,0.0168758302107496,0.3141447368421052,,18376.0,6699.0,100.0,10.0,1.0,10.0,10.0,both,456.995,456.0909,275.55,100.0,10.0,both
2026,2024,True,TX,70754,"UnitedHealthcare Benefits of Texas, Inc.",,,,,,,,,,,,,,,,,,,,,,,,,left_only,,,,,,left_only
2026,2024,True,TX,71837,"Sendero Health Plans, Inc.",,,21.0,14.0,,,471218.0,23432.0,101311.0,10176.0,494650.0,111487.0,0.2253856262003436,0.2149981537207831,0.0001883627687533,0.6666666666666666,,75905.0,1113.0,10.0,1.0,1.0,1.0,2.0,both,500.615,468.341,347.88,10.0,1.0,both
2026,2024,True,TX,76589,"Cigna HealthCare of Texas, Inc.",,,1184.0,755.0,,,4080439.0,139402.0,884055.0,130069.0,4219841.0,1014124.0,0.2403227988921857,0.2166568352081724,0.0011675100875238,0.637668918918919,,148375.0,6499.0,13.0,1.0,1.0,1.0,0.0,both,461.19,463.1911538461538,319.76,13.0,4.0,both
2026,2024,True,TX,87226,Superior Health Plan,,,1083.0,622.0,62.0,31.0,5807390.0,2973880.0,1287305.0,414165.0,8781270.0,1701470.0,0.1937612668782533,0.2216667039754519,0.000636508430945,0.5743305632502308,0.5,868324.0,83123.0,28.0,5.0,2.0,5.0,0.0,both,546.7149999999999,545.4326712328767,404.73,28.0,26.0,both
2026,2024,True,UT,18167,Molina Healthcare of Utah,,,78.0,56.0,0.0,0.0,125008.0,4440.0,28618.0,2133.0,129448.0,30751.0,0.2375548482788455,0.2289293485216946,0.0025365028779551,0.717948717948718,,20845.0,711.0,7.0,2.0,1.0,1.0,1.0,both,564.02,582.4334285714285,528.82,7.0,5.0,both
2026,2024,True,UT,22013,Regence BlueCross BlueShield of Utah,,,487.0,60.0,11.0,,395068.0,26259.0,58383.0,18956.0,421327.0,77339.0,0.1835605123811196,0.1477796227484888,0.0062969523784895,0.1232032854209445,,276.0,143.0,14.0,2.0,2.0,2.0,2.0,both,510.845,506.1115384615384,354.37,14.0,5.0,both
2026,2024,True,UT,34541,BridgeSpan Health Company,,,,0.0,,,7900.0,556.0,1310.0,442.0,8456.0,1752.0,0.2071901608325449,0.1658227848101265,,,,0.0,14.0,3.0,1.0,1.0,1.0,0.0,both,529.25,548.3573333333334,385.43,3.0,5.0,both
2026,2024,True,UT,42261,University of Utah Health Insurance Plans,,,482.0,155.0,,,644314.0,8402.0,122297.0,6301.0,652716.0,128598.0,0.197019837111393,0.1898096269831169,0.0037481142786046,0.3215767634854772,,38713.0,226.0,15.0,2.0,2.0,2.0,10.0,both,586.72,620.0733333333333,369.82,15.0,5.0,both
2026,2024,True,UT,68781,"SelectHealth, Inc.",,,5422.0,1467.0,119.0,53.0,8402145.0,243867.0,1571221.0,136635.0,8646012.0,1707856.0,0.1975310698157717,0.1870023666575618,0.0031747407275554,0.2705643673921062,0.4453781512605042,604850.0,29506.0,25.0,2.0,3.0,3.0,0.0,both,615.6800000000001,647.0235294117647,381.03,25.0,6.0,both
2026,2024,True,UT,98113,"Imperial Health Plan of the Southwest, Inc.",,,,,0.0,0.0,261.0,267.0,87.0,137.0,528.0,224.0,0.4242424242424242,0.3333333333333333,,,,,,5.0,2.0,1.0,1.0,5.0,both,526.12,532.929,388.07,5.0,2.0,both
2026,2024,True,WI,20173,HealthPartners Insurance Company,,,,,0.0,0.0,466789.0,11313.0,30260.0,1518.0,478102.0,31778.0,0.0664669882159037,0.0648258635057809,,,,24128.0,587.0,19.0,1.0,3.0,3.0,0.0,both,487.53,479.4401785714286,287.98,19.0,6.0,both
2026,2024,True,WI,37833,Quartz Health Benefit Plans Corporation,,,204.0,98.0,,0.0,696511.0,10233.0,57350.0,3696.0,706744.0,61046.0,0.0863763965452837,0.0823389723923958,0.0033417422926973,0.4803921568627451,,20828.0,280.0,44.0,3.0,1.0,2.0,12.0,both,581.535,556.6716233766233,283.11,44.0,12.0,both
2026,2024,True,WI,38166,"Security Health Plan of Wisconsin, Inc.",,,258.0,168.0,0.0,0.0,1306739.0,57574.0,247191.0,26688.0,1364313.0,273879.0,0.2007449903357953,0.1891663140076174,0.0009420218417622,0.6511627906976745,,42462.0,2583.0,32.0,4.0,4.0,4.0,0.0,both,513.09,516.2753947368421,228.69,32.0,9.0,both
2026,2024,True,WI,38345,Dean Health Plan,,,391.0,193.0,0.0,0.0,1104307.0,13092.0,160914.0,11067.0,1117399.0,171981.0,0.1539118971826536,0.1457149144214425,0.0022735069571638,0.4936061381074169,,269535.0,4463.0,86.0,3.0,3.0,6.0,0.0,both,472.805,441.3738947368421,215.22,86.0,7.0,both
2026,2024,True,WI,57845,Medica Community Health Plan,,,227.0,124.0,0.0,0.0,510731.0,13758.0,87505.0,9707.0,524489.0,97212.0,0.1853461178404123,0.1713328542814123,0.0023351026622227,0.5462555066079295,,45102.0,2935.0,25.0,3.0,3.0,5.0,3.0,both,553.13,569.8779761904761,391.96,25.0,7.0,both
2026,2024,True,WI,58326,"MercyCare HMO, Inc.",,,15.0,,0.0,0.0,208646.0,5172.0,19105.0,1974.0,213818.0,21079.0,0.0985838423331992,0.0915665768814163,0.0007116087100906,,,43836.0,314.0,7.0,1.0,1.0,1.0,0.0,both,453.54,425.80285714285714,325.96,7.0,1.0,both
2026,2024,True,WI,79475,Compcare Health Serv Ins Co(Anthem BCBS),,,344.0,201.0,,0.0,2462417.0,423953.0,213637.0,243159.0,2886370.0,456796.0,0.1582596825770778,0.0867590663969587,0.0007530713929193,0.5843023255813954,,174852.0,49052.0,77.0,2.0,6.0,7.0,32.0,both,502.42,524.6517355371901,334.91,77.0,16.0,both
2026,2024,True,WI,80180,"UnitedHealthcare of Wisconsin, Inc.",,,594.0,244.0,,,659260.0,130202.0,113541.0,95374.0,789462.0,208915.0,0.2646295831844978,0.1722249188484058,0.0028432616135748,0.4107744107744108,,70830.0,8346.0,12.0,2.0,1.0,1.0,12.0,both,458.075,449.43652777777777,343.87,12.0,6.0,both
2026,2024,True,WI,81413,Network Health Plan,,,31.0,12.0,0.0,0.0,298634.0,14480.0,48655.0,9267.0,313114.0,57922.0,0.184986937664876,0.1629251860136488,0.0005352025137253,0.3870967741935484,,7500.0,191.0,18.0,4.0,2.0,2.0,0.0,both,507.69000000000005,540.0055555555556,349.74,18.0,4.0,both
2026,2024,True,WI,86584,"Aspirus Health Plan, Inc.",,,19.0,,,0.0,398306.0,7112.0,47925.0,3048.0,405418.0,50973.0,0.1257294940037196,0.1203220639407892,0.0003727463559139,,,64233.0,547.0,14.0,2.0,1.0,1.0,1.0,both,511.695,505.4178571428572,277.12,14.0,7.0,both
2026,2024,True,WI,87416,Common Ground Healthcare Cooperative,,,0.0,0.0,0.0,0.0,1504864.0,28650.0,143772.0,26485.0,1533514.0,170257.0,0.1110240923786806,0.0955382014587364,0.0,,,60799.0,1677.0,31.0,3.0,1.0,2.0,1.0,both,505.11,515.5452195121951,248.05,31.0,7.0,both
2026,2024,True,WI,94529,Group Health Cooperative of South Central Wisconsin,,,,,,,207372.0,4891.0,18470.0,1424.0,212263.0,19894.0,0.0937233526332898,0.0890669907219875,,,,31979.0,253.0,34.0,2.0,2.0,2.0,2.0,both,526.98,508.5403125,303.42,34.0,4.0,both
2026,2024,True,WV,31274,Highmark Blue Cross Blue Shield West Virginia,,,130.0,41.0,,0.0,2341171.0,38913.0,471125.0,14234.0,2380084.0,485359.0,0.2039251555827441,0.2012347667043543,0.0002678429780842,0.3153846153846154,,2161.0,4930.0,15.0,8.0,1.0,1.0,2.0,both,824.85,803.4131515151516,456.31,15.0,11.0,both
2026,2024,True,WV,50328,CareSource West Virginia Co.,,,993.0,65.0,54.0,17.0,843758.0,118295.0,198752.0,94227.0,962053.0,292979.0,0.3045351971253143,0.2355556925089895,0.0033893214189412,0.0654582074521651,0.3148148148148148,102965.0,23577.0,18.0,2.0,1.0,1.0,8.0,both,898.55,908.5171212121212,624.04,18.0,11.0,both
2026,2024,True,WY,11269,Blue Cross Blue Shield of Wyoming,,,434.0,173.0,,,1305051.0,28568.0,229909.0,10747.0,1333619.0,240656.0,0.1804533378723608,0.1761685941775455,0.0018034040289874,0.3986175115207373,,178376.0,1445.0,17.0,2.0,1.0,1.0,0.0,both,721.31,720.1341176470587,551.27,17.0,3.0,both
2026,2024,True,WY,49714,UnitedHealthcare Insurance Company,,,,,,,,,,,,,,,,,,,,,,,,,left_only,,,,,,left_only
