market_year,state,issuer_id,median_age40_premium,mean_age40_premium,minimum_age40_premium,rated_plans,rating_areas
2015,AK,38344,589.5,593.2222222222222,465.0,18,3
2015,AK,73836,454.0,474.3333333333333,364.0,12,3
2015,AL,44580,264.375,273.178,184.59,10,2
2015,AL,46944,269.115,281.8039423076923,169.72,8,13
2015,AL,68259,283.84,287.44643356643354,193.35,11,13
2015,AR,37903,391.19,387.2342857142857,335.13,14,7
2015,AR,62141,304.11,302.47555555555556,209.8,18,7
2015,AR,70525,317.625,303.2325,143.5,28,7
2015,AR,75293,277.92499999999995,279.56142857142856,202.58,12,7
2015,AZ,23307,251.58999999999997,260.838,166.01,10,2
2015,AZ,51485,311.315,314.77955357142855,191.87,16,7
2015,AZ,53901,282.15,285.3381632653061,129.59,56,7
2015,AZ,60761,206.315,221.42785714285714,154.25,24,3
2015,AZ,65441,234.265,225.70000000000002,126.54,4,1
2015,AZ,70239,231.84,237.13571428571427,121.95,35,4
2015,AZ,80863,384.695,401.2554761904762,262.91,18,7
2015,AZ,84251,263.075,266.0809523809524,136.1,6,7
2015,AZ,86830,396.915,398.8469642857143,244.11,8,7
2015,AZ,88925,214.73,212.84714285714284,151.66,3,7
2015,AZ,91450,219.68,213.103,126.59,10,3
2015,AZ,92045,346.55,343.94357142857143,197.69,6,7
2015,AZ,98971,314.505,321.50857142857143,169.5,10,7
2015,DE,29497,336.95,319.594,250.17,5,1
2015,DE,67190,326.9,310.056,242.7,5,1
2015,DE,76168,357.8,332.5573333333333,218.67,15,1
2015,FL,16842,390.9,398.044051627385,230.92,18,67
2015,FL,18628,276.315,272.4306666666667,166.32,6,35
2015,FL,27357,354.20500000000004,366.87666666666667,239.46,54,2
2015,FL,30252,381.565,382.31208333333336,250.67,8,45
2015,FL,35783,274.59,279.22883116883116,165.03,35,13
2015,FL,48121,382.61,390.6864251207729,298.8,9,23
2015,FL,51398,314.88,324.4825,241.53,4,1
2015,FL,54172,287.31,284.04,233.43,3,3
2015,FL,56503,360.65,370.029,247.29,40,4
2015,FL,57451,270.64,258.35828571428567,184.55,5,7
2015,FL,62662,340.43,367.1846517412936,274.67,36,67
2015,FL,68398,313.635,313.68515384615387,175.64,8,65
2015,FL,77150,404.15,392.0678571428571,266.26,14,2
2015,FL,86382,301.8,300.9170707070707,223.55,33,3
2015,GA,20544,409.265,434.93875,304.84,48,16
2015,GA,43802,334.44500000000005,340.5990625,219.13,10,16
2015,GA,45495,256.07,258.0190909090909,182.71,33,3
2015,GA,47783,272.555,279.28416666666664,193.74,40,10
2015,GA,49046,287.39,292.27384615384614,165.5,13,16
2015,GA,50491,344.04999999999995,349.38466666666665,277.96,6,5
2015,GA,83761,313.23,312.8369285714286,240.74,20,7
2015,GA,89942,328.5,304.7,189.0,10,6
2015,GA,93332,273.03,289.61861702127663,169.68,27,12
2015,IA,18973,246.29,250.02044642857143,152.8,56,7
2015,IA,27651,375.94,389.129375,255.13,16,2
2015,IA,74980,375.4,382.82733333333334,283.68,15,2
2015,IL,16724,290.01,291.546,237.93,10,1
2015,IL,20129,295.15,299.2189473684211,203.55,19,9
2015,IL,35670,277.22,281.9475,184.38,15,2
2015,IL,36096,279.18,288.12832535885167,153.73,65,13
2015,IL,58288,288.475,307.8186666666667,197.16,18,5
2015,IL,67807,488.195,514.9241666666667,317.4,30,8
2015,IL,68303,348.85,345.08958333333334,231.05,6,4
2015,IL,68432,236.89,243.4731818181818,174.99,66,1
2015,IL,79763,279.91,278.566064516129,182.4,29,13
2015,IL,96601,286.36,292.4776842105263,175.86,30,11
2015,IN,17575,289.44,303.744068627451,168.45,12,17
2015,IN,33380,377.02,369.89428571428573,303.51,7,7
2015,IN,35065,308.45000000000005,314.3106666666667,162.72,33,10
2015,IN,36373,358.77,355.7791596638655,240.02,7,17
2015,IN,50816,321.5,342.94825000000003,203.11,8,10
2015,IN,54192,317.44,331.56439393939394,171.1,12,11
2015,IN,62033,347.29499999999996,356.92775,251.96,5,16
2015,IN,67920,346.77,359.378,280.25,5,3
2015,IN,91842,487.245,508.4985294117647,337.23,48,17
2015,KS,18558,242.31,251.12375939849625,148.98,19,7
2015,KS,27811,200.68,209.49571428571429,172.65,3,7
2015,KS,61430,244.625,250.9540476190476,181.13,12,7
2015,KS,65598,229.03,229.75833333333333,173.17,12,4
2015,KS,94248,284.20500000000004,289.7527777777778,195.75,18,1
2015,LA,19636,364.375,349.0781666666666,193.4,19,5
2015,LA,38499,325.2,320.19116883116885,236.1,11,7
2015,LA,44965,320.87,311.935,196.35,12,1
2015,LA,67202,353.97,340.74125,174.0,10,8
2015,LA,67243,388.585,377.1975,258.54,8,8
2015,LA,97176,391.32,387.3199342105263,264.34,19,8
2015,ME,33653,323.02,322.8065,198.74,10,4
2015,ME,48396,342.87,344.96169230769226,173.12,39,4
2015,ME,96667,405.53,422.7275,280.18,4,4
2015,MI,15560,355.0,355.3340566037736,173.73,17,16
2015,MI,20393,288.15,297.2776666666667,208.83,5,12
2015,MI,29241,335.18,339.68392592592596,225.15,9,15
2015,MI,29698,290.39,292.4765797101449,197.26,33,15
2015,MI,34620,300.54,303.74666666666667,259.21,3,1
2015,MI,37651,288.365,285.0638333333334,165.35,24,5
2015,MI,40047,251.6,258.1666666666667,202.86,3,2
2015,MI,41895,352.505,357.70675,228.5,15,16
2015,MI,46275,220.52,225.51933333333332,153.78,10,3
2015,MI,58594,287.08,307.67,242.21,4,2
2015,MI,60829,324.47,331.05081081081084,204.8,9,5
2015,MI,67183,257.795,257.795,243.09,2,3
2015,MI,67577,313.665983,317.2124736174603,186.5246743,7,9
2015,MI,71667,251.755,249.4545,195.62,10,2
2015,MI,89029,346.775,366.99785714285713,255.22,30,14
2015,MI,98185,276.255,281.9736363636364,167.07,24,16
2015,MO,16049,301.63,298.8995238095238,241.67,7,3
2015,MO,30613,275.04,275.5206666666666,174.64,15,3
2015,MO,32753,314.15,325.81780219780217,231.93,13,7
2015,MO,34762,310.82,317.51382352941175,197.79,18,3
2015,MO,44240,277.095,270.96666666666664,202.88,12,5
2015,MO,44527,332.02,335.94925,198.45,15,5
2015,MO,74483,305.605,305.935,249.19,8,1
2015,MS,48963,320.74,333.608,187.8,21,5
2015,MS,94237,296.21,296.775,198.46,24,6
2015,MS,97560,317.12,316.0943636363636,217.68,11,5
2015,MT,23603,240.5,249.59615384615384,192.0,13,4
2015,MT,24867,310.485,330.1033333333333,251.94,12,4
2015,MT,30751,277.015,280.325,172.52,12,4
2015,MT,32225,238.15,253.51958333333334,182.94,12,4
2015,NC,11512,367.44,368.8777906976744,189.44,50,16
2015,NC,54332,322.46,320.73871428571425,211.2,10,14
2015,NC,56346,281.89,276.2489393939394,147.03,30,10
2015,ND,37160,335.04,321.1276470588235,164.79,17,4
2015,ND,73751,305.58,288.5053125,167.44,8,4
2015,ND,89364,290.29,285.34,216.23,9,4
2015,NE,15438,273.26,273.58799999999997,202.83,30,4
2015,NE,19524,381.77,400.32222222222225,298.87,18,3
2015,NE,29678,319.53499999999997,319.836875,188.66,16,4
2015,NH,19304,313.765,307.017,220.29,10,1
2015,NH,42260,478.78999999999996,502.40333333333336,397.85,6,1
2015,NH,59025,323.76,325.30875000000003,237.73,8,1
2015,NH,61163,201.395,221.17125,188.35,8,1
2015,NH,96751,257.29499999999996,266.01599999999996,165.0,10,1
2015,NJ,10191,328.45,389.1942857142857,274.66,21,1
2015,NJ,48834,414.255,414.72166666666664,333.79,6,1
2015,NJ,50221,357.23,348.226,229.4,5,1
2015,NJ,77606,383.935,383.935,356.55,2,1
2015,NJ,91661,356.92,360.94666666666666,229.4,9,1
2015,NJ,91762,381.315,405.4775,292.14,16,1
2015,NM,19722,219.84,226.51333333333332,157.55,3,5
2015,NM,57173,270.5,271.54676923076926,140.58,13,5
2015,NM,72034,261.125,257.5591176470588,159.67,11,5
2015,NM,75605,253.39,255.60546391752578,142.8,49,5
2015,NM,93091,227.17000000000002,229.06433333333334,130.67,12,5
2015,NV,16698,342.54499999999996,362.70958333333334,284.37,12,2
2015,NV,29211,345.4,360.1388888888889,271.47,12,3
2015,NV,34996,308.9532085,335.38392395600005,205.8356294,31,4
2015,NV,60156,309.63,318.4604166666667,176.34,12,4
2015,NV,95865,293.07500000000005,294.3073333333333,217.24,15,2
2015,OH,14650,449.17,469.1138235294118,319.6,36,17
2015,OH,16204,341.38,325.7706535947712,187.51,9,17
2015,OH,20126,296.895,293.43649999999997,216.68,10,4
2015,OH,26734,262.075,265.695,217.67,5,2
2015,OH,28162,310.97,315.16769230769233,169.34,52,2
2015,OH,29276,330.225,326.07016806722686,182.5,14,17
2015,OH,33931,359.685,360.57888888888886,274.49,10,9
2015,OH,41047,257.20000000000005,263.06576190476187,191.08,30,7
2015,OH,52664,330.43,315.4305714285714,188.71,10,5
2015,OH,64353,299.26,310.2365217391304,233.45,3,8
2015,OH,66083,263.255,258.7528571428571,168.76,14,2
2015,OH,67129,300.98,306.41929411764704,198.35,5,17
2015,OH,74313,288.855,280.77109375,156.91,8,8
2015,OH,77552,266.51,274.3375641025641,186.09,36,12
2015,OH,92036,277.6,275.94971428571426,200.88,10,7
2015,OH,99969,319.43,323.0449411764706,157.36,15,17
2015,OK,29176,360.96500000000003,379.15333333333336,285.31,12,2
2015,OK,85408,272.92499999999995,282.2064285714286,175.34,14,5
2015,OK,87571,253.63,254.860756302521,142.52,71,5
2015,OK,98905,310.43,308.51545454545453,148.21,11,3
2015,OR,10091,263.0,264.17610062893084,189.0,33,7
2015,OR,32536,239.37,241.33833333333334,191.96,6,3
2015,OR,39424,235.0,234.8,167.0,15,7
2015,OR,56707,238.0,241.95238095238096,189.0,6,7
2015,OR,63474,266.645,276.77958333333333,195.15,24,7
2015,OR,71287,245.5,240.7,165.0,10,5
2015,OR,85804,232.0,234.34920634920636,175.0,9,7
2015,OR,95417,264.87,263.675,189.02,4,1
2015,OR,96383,281.3,279.9691596638656,150.02,17,7
2015,OR,99389,292.0,285.2857142857143,179.0,16,7
2015,PA,16322,202.27,222.09205405405405,151.75,37,5
2015,PA,19068,349.55,361.11851851851856,244.94,42,9
2015,PA,22444,290.61,288.4733333333333,174.84,15,6
2015,PA,24872,206.57999999999998,211.22750000000002,163.94,5,4
2015,PA,31609,371.41406,380.450118,247.04,10,1
2015,PA,33709,220.45,214.9824,139.02,27,7
2015,PA,33871,345.72,356.075,273.88,6,1
2015,PA,33906,324.695,309.75,239.45,5,2
2015,PA,45127,383.68,392.6166666666667,286.33,11,3
2015,PA,53789,331.96500000000003,327.0295238095238,125.38,56,3
2015,PA,55957,264.29,278.7088235294118,138.94,17,1
2015,PA,64844,305.255,294.8085714285714,226.06,9,2
2015,PA,70194,295.13,306.681797752809,221.61,23,7
2015,PA,75729,302.125,298.45666666666665,244.81,2,6
2015,PA,91303,266.25,266.60425,185.39,5,8
2015,SC,26065,303.7,306.36891304347824,216.11,18,46
2015,SC,39996,497.37,512.4334782608695,345.61,36,46
2015,SC,41614,268.07,261.9394791666667,155.92,36,16
2015,SC,49532,297.77,301.52943289224953,213.6,23,46
2015,SC,65122,284.47,285.4080602006689,154.66,13,46
2015,SD,31195,284.27,279.8588888888889,205.02,9,4
2015,SD,60536,287.825,298.5798387096774,188.39,16,4
2015,SD,62210,286.14,307.266875,223.71,16,4
2015,TN,14002,283.455,296.65658333333334,145.56,84,8
2015,TN,60299,365.855,387.28812500000004,281.65,30,8
2015,TN,82120,247.34,268.07800000000003,157.71,15,3
2015,TN,99248,301.995,301.37111111111113,248.71,6,3
2015,TX,26539,232.04,255.23055555555553,195.56,6,9
2015,TX,27248,267.28,262.858,188.44,5,2
2015,TX,28020,396.61,414.0151333333333,257.98,60,25
2015,TX,32673,274.445,284.93094594594595,157.6,42,7
2015,TX,33602,300.045,308.3027136752137,156.19,168,26
2015,TX,40788,255.58,267.4257692307692,202.11,13,8
2015,TX,45786,312.485,306.35425,216.85,5,8
2015,TX,46224,257.46,251.9725,197.42,4,1
2015,TX,55409,381.14,378.80403508771934,283.83,16,6
2015,TX,63141,273.25,289.9459259259259,157.92,13,4
2015,TX,63509,264.12,261.4052941176471,183.15,7,5
2015,TX,71837,240.53,250.14333333333335,211.02,3,2
2015,TX,85947,260.745,263.46225,167.16,10,8
2015,TX,87226,250.965,253.0410606060606,169.17,33,8
2015,TX,91716,313.275,302.61185714285716,193.79,20,8
2015,UT,18167,225.96,222.03444444444443,179.75,3,3
2015,UT,27619,249.51,250.26409836065574,182.14,21,6
2015,UT,34541,240.265,248.84270833333335,175.7,8,6
2015,UT,38927,254.885,258.511,176.05,10,6
2015,UT,56764,192.89999999999998,201.34666666666666,147.78,6,1
2015,UT,68781,265.735,265.2189333333333,170.95,60,6
2015,VA,10207,328.8,312.19,178.38,11,1
2015,VA,12028,259.015,256.345,162.86,6,1
2015,VA,15668,259.54,299.6144444444444,224.8,9,5
2015,VA,20507,283.53,293.2371428571428,213.26,7,12
2015,VA,38234,292.25,280.8554761904762,170.22,12,6
2015,VA,40308,378.74,383.77750000000003,247.5,4,1
2015,VA,88380,279.56,275.1500606060606,163.67,19,12
2015,VA,95185,279.78999999999996,278.067,177.43,10,3
2015,VA,99663,243.365,248.0897222222222,139.12,18,4
2015,WI,32754,413.12,402.5130303030303,320.34,33,4
2015,WI,37833,331.45,344.00389021479714,162.43,101,5
2015,WI,38166,322.63,329.0845185185185,206.4,18,9
2015,WI,38345,265.65999999999997,278.78432692307695,172.38,24,7
2015,WI,39924,403.8,397.2473076923077,244.31,10,13
2015,WI,47342,372.6,366.6052307692308,246.11,26,5
2015,WI,52697,300.995,307.67375,239.49,3,8
2015,WI,57845,389.99,372.00875,209.09,8,2
2015,WI,58326,340.56,349.38222222222225,280.42,9,1
2015,WI,58564,380.24,351.206,223.77,5,1
2015,WI,79475,364.295,365.91749999999996,201.21,13,12
2015,WI,84670,367.875,389.33948648648646,211.2,111,10
2015,WI,87416,327.46000000000004,326.2440833333333,180.55,20,6
2015,WI,91058,384.735,396.339375,258.58,16,3
2015,WI,94529,345.51,338.6454545454545,191.92,22,5
2015,WV,31274,313.94,308.77375757575754,199.74,15,11
2015,WY,11269,446.9,449.81111111111113,302.8,30,3
2015,WY,53189,463.86,459.3564102564103,328.37,13,3
2016,AK,38344,846.0,823.5555555555555,649.0,6,3
2016,AK,73836,598.0,652.0909090909091,497.0,11,3
2016,AL,44580,288.19,283.37533333333334,165.44,10,3
2016,AL,46944,321.5,330.6089423076923,217.25,8,13
2016,AL,68259,300.82500000000005,297.4371794871795,193.67,6,13
2016,AR,37903,354.70500000000004,354.24285714285713,320.34,2,7
2016,AR,62141,297.33,300.13085714285717,237.76,5,7
2016,AR,65817,369.63,371.99075187969925,242.25,19,7
2016,AR,70525,289.79499999999996,283.1928571428572,158.61,6,7
2016,AR,75293,301.52,300.3753571428571,215.19,12,7
2016,AZ,23307,257.85,261.921,155.67,10,2
2016,AZ,53901,300.79499999999996,310.4659459459459,163.14,22,7
2016,AZ,65441,216.64999999999998,201.24444444444444,83.99,18,1
2016,AZ,70239,250.72,255.5725,122.33,32,4
2016,AZ,78611,277.0,271.71,195.0,7,1
2016,AZ,91450,263.8,263.8575,213.59,6,2
2016,AZ,97667,267.43,265.03000000000003,219.89,7,1
2016,AZ,98971,307.75,312.0053246753247,167.77,11,7
2016,DE,29497,351.40999999999997,361.025,291.14,4,1
2016,DE,67190,339.675,348.985,281.41,4,1
2016,DE,76168,422.85,394.44190476190477,259.09,21,1
2016,FL,16842,425.96,451.2699663299663,218.96,18,67
2016,FL,18628,255.01,277.088,219.47,5,2
2016,FL,21663,274.865,280.01381944444444,220.36,16,9
2016,FL,27357,335.63,348.5868571428571,252.76,70,4
2016,FL,30252,344.56,372.38045454545454,238.67,13,45
2016,FL,35783,310.39,322.4111688311688,180.98,35,13
2016,FL,54172,279.23,282.0422222222222,231.12,3,3
2016,FL,56503,360.75,362.85053030303027,213.11,66,4
2016,FL,57451,250.17,269.1991111111111,191.21,5,9
2016,FL,68398,347.59,341.55893390191903,195.12,7,67
2016,GA,43802,355.85,356.56312499999996,216.38,9,16
2016,GA,49046,329.065,339.10216346153845,172.2,13,16
2016,GA,50491,357.42999999999995,357.433,261.78,6,5
2016,GA,70893,260.03499999999997,263.49015625,202.82,16,4
2016,GA,82824,298.575,310.69244444444445,184.9,54,11
2016,GA,83761,398.545,405.72535714285715,271.8,8,7
2016,GA,89942,321.0,313.567,212.15,10,6
2016,GA,93332,313.785,322.96999999999997,190.06,22,13
2016,GA,95852,315.58,325.572,266.57,5,1
2016,HI,18350,279.73,302.30454545454546,196.73,11,1
2016,HI,60612,286.06,292.253,236.24,10,1
2016,IA,18973,276.225,291.3655,182.4,44,7
2016,IA,27651,412.09,424.47249999999997,279.46,16,2
2016,IA,51902,322.64,319.42528571428574,239.81,10,7
2016,IA,93078,429.345,406.533,232.47,10,7
2016,IL,16724,316.265,317.421,229.49,10,6
2016,IL,20129,342.29999999999995,350.65508771929825,224.42,22,13
2016,IL,27833,208.29000000000002,208.56125,163.62,8,1
2016,IL,35670,276.25,288.1153333333333,198.6,12,2
2016,IL,36096,300.075,308.36460227272727,214.5,176,13
2016,IL,58288,291.62,289.69899999999996,184.95,10,6
2016,IL,78463,286.99,296.076,242.42,5,1
2016,IL,96601,364.47,375.008,203.53,20,11
2016,IL,99129,255.82,279.5441666666667,220.77,4,3
2016,IN,17575,308.46,325.25079584775085,192.03,17,17
2016,IN,33380,301.62,298.1582424242424,179.1,11,15
2016,IN,36373,385.47,382.39797385620915,249.03,9,17
2016,IN,50816,386.21,399.7057777777778,205.83,9,10
2016,IN,54192,281.41499999999996,290.90715686274507,199.53,12,17
2016,IN,62033,285.27,293.93732026143795,215.21,9,17
2016,IN,67920,352.7,366.76714285714286,298.14,7,3
2016,IN,76179,302.87,299.88427083333335,168.11,16,12
2016,KS,18558,326.15,340.0658163265306,253.78,14,7
2016,KS,27811,239.85,242.86714285714288,203.79,5,7
2016,KS,50274,319.61,315.52303571428575,228.05,8,7
2016,KS,94248,310.3,321.58799999999997,219.0,15,1
2016,LA,19636,363.26,350.42333333333335,225.69,14,8
2016,LA,38499,351.37,348.7633333333333,245.66,6,8
2016,LA,44965,298.57,316.59066666666666,184.03,15,3
2016,LA,67243,375.33,370.21602853,271.6872672,10,8
2016,LA,97176,438.26,431.37910714285715,322.52,14,8
2016,ME,48396,325.43,351.1316,203.42,45,4
2016,ME,96667,344.6,362.40749999999997,245.45,8,4
2016,MI,15560,385.885,386.4363333333333,191.43,18,16
2016,MI,29241,351.875,354.5650833333333,242.36,8,15
2016,MI,29698,280.56,286.3024197530864,168.12,38,15
2016,MI,34620,240.54000000000002,244.10250000000002,198.28,4,2
2016,MI,37651,258.2,255.23174242424244,168.84,22,6
2016,MI,40047,229.42,236.9766666666667,185.78,3,2
2016,MI,46275,234.6,232.562,130.19,10,5
2016,MI,58594,235.76,256.2638095238095,176.93,14,6
2016,MI,60829,347.56,340.4921428571429,193.3,14,5
2016,MI,67183,270.6,270.6,249.98,2,3
2016,MI,67577,312.29499999999996,314.45708333333334,187.73,8,9
2016,MI,71667,299.03,300.61424999999997,220.39,10,4
2016,MI,74917,297.875,312.4053333333333,195.03,5,12
2016,MI,98185,301.86,307.20520231213874,179.43,26,16
2016,MO,16049,365.16499999999996,364.46912499999996,265.92,8,10
2016,MO,30613,318.91,313.9306666666667,182.28,15,3
2016,MO,32753,351.28499999999997,360.32047619047614,252.42,18,7
2016,MO,34762,344.39,348.98962962962963,221.32,15,3
2016,MO,44240,339.31,343.66767857142855,244.67,23,5
2016,MO,44527,368.865,385.100625,226.58,12,5
2016,MO,74483,292.365,290.50374999999997,228.41,8,1
2016,MS,48963,322.725,331.13903846153846,179.81,22,5
2016,MS,90714,276.85,279.3805208333333,222.44,16,6
2016,MS,97560,322.61,326.45166666666665,221.76,6,6
2016,MT,23603,310.0,326.5208333333333,258.0,12,4
2016,MT,30751,313.425,316.0509090909091,207.04,17,4
2016,MT,32225,319.02,331.76863636363635,213.14,11,4
2016,NC,11512,466.29,467.95236842105265,197.11,42,16
2016,NC,54332,365.19500000000005,366.66817460317463,234.61,9,14
2016,NC,61671,365.23,361.578115942029,190.23,32,10
2016,ND,37160,368.82500000000005,335.8066666666667,155.71,6,4
2016,ND,73751,347.23,342.46950000000004,184.72,20,4
2016,ND,89364,302.695,308.185,246.27,10,4
2016,NE,15438,305.345,328.5834375,242.15,20,4
2016,NE,20305,402.46500000000003,388.39,219.81,10,4
2016,NE,29678,358.54,378.11909090909097,213.16,11,4
2016,NE,44751,354.33500000000004,355.1540625,262.21,8,4
2016,NH,59025,336.64,329.0177777777778,223.79,9,1
2016,NH,61163,241.39499999999998,243.93200000000002,143.09,10,1
2016,NH,75841,419.63,419.63,404.27,2,1
2016,NH,96751,289.53,285.97545454545457,193.97,11,1
2016,NJ,10191,387.55,447.14941176470586,299.24,17,1
2016,NJ,48834,383.46000000000004,379.0775,259.54,8,1
2016,NJ,50221,340.48,348.25333333333333,231.18,9,1
2016,NJ,77606,443.375,457.43333333333334,337.65,6,1
2016,NJ,91661,398.62,419.9222222222222,262.45,9,1
2016,NJ,91762,402.34,410.0078947368421,286.57,19,1
2016,NM,19722,212.6,221.13466666666667,152.03,3,5
2016,NM,57173,300.64,296.3058461538462,147.43,13,5
2016,NM,72034,249.18,242.68705882352944,138.89,11,5
2016,NM,93091,220.54,226.868,141.52,7,5
2016,NV,16698,348.20000000000005,341.64468750000003,212.24,21,3
2016,NV,33670,340.84,354.73886363636365,209.11,11,4
2016,NV,60156,371.265,374.5433823529412,202.05,17,4
2016,NV,95865,313.1,314.4021875,206.42,16,2
2016,OH,20126,349.485,348.9075,266.48,9,4
2016,OH,23340,299.72,308.9942857142857,233.66,14,1
2016,OH,26734,252.225,253.19850000000002,198.3,10,2
2016,OH,28162,325.85,332.22605555555555,166.69,60,3
2016,OH,29276,330.39,337.07864686468645,212.88,39,17
2016,OH,33931,363.02,363.46274509803925,264.3,9,17
2016,OH,41047,241.41,245.63194805194806,204.55,11,7
2016,OH,52664,311.29,318.83971428571425,211.6,10,5
2016,OH,64353,274.28,288.6057692307692,203.21,3,9
2016,OH,66083,305.05499999999995,301.5777777777778,178.49,18,3
2016,OH,67129,320.59,326.176875,223.65,4,12
2016,OH,74313,316.78999999999996,308.5846875,166.35,8,8
2016,OH,77552,275.57,287.40735294117644,182.85,42,15
2016,OH,78726,397.48,397.73954248366016,291.57,9,17
2016,OH,92036,364.66,375.2488888888889,260.46,9,10
2016,OH,99969,348.67,360.0825110132158,188.41,23,17
2016,OK,45480,381.25,374.7364,291.27,10,5
2016,OK,87571,277.02,290.2275,192.26,64,5
2016,OR,10091,307.0,332.82142857142856,260.0,8,7
2016,OR,30969,289.5,287.125,220.0,8,1
2016,OR,32536,285.305,282.52583333333337,220.4,12,3
2016,OR,39424,282.0,289.94805194805195,189.0,16,7
2016,OR,56707,278.0,280.17808219178085,176.0,13,7
2016,OR,63474,311.98,320.7849056603773,221.31,17,7
2016,OR,71287,266.0,259.8,195.0,10,5
2016,OR,85804,314.0,315.77777777777777,225.0,9,7
2016,OR,95417,297.49,294.62,208.14,4,1
2016,PA,16322,223.33999999999997,246.09491666666665,145.15,24,5
2016,PA,22444,306.83500000000004,299.7807142857143,185.48,14,6
2016,PA,24872,234.985,240.179,169.16,6,5
2016,PA,31609,393.695,393.069,233.59,10,1
2016,PA,33709,210.86,210.7025,168.45,4,2
2016,PA,33871,352.1,349.71999999999997,226.92,7,1
2016,PA,36247,326.805,327.0725,296.43,2,2
2016,PA,45127,358.565,380.63433333333336,283.78,10,3
2016,PA,53789,322.64,316.52916666666664,129.53,48,3
2016,PA,55957,294.415,273.90875,158.88,8,1
2016,PA,64844,262.64,277.3246808510638,195.48,19,9
2016,PA,70194,356.96500000000003,365.5612068965517,263.41,14,7
2016,PA,75729,340.03,346.654375,262.17,8,6
2016,SC,26065,320.445,329.72780718336486,228.19,23,46
2016,SC,38408,356.875,346.043023255814,200.92,31,14
2016,SC,49532,322.855,333.2838920056101,226.75,31,46
2016,SC,57860,400.0,404.44044444444444,282.35,9,5
2016,SD,31195,318.285,323.248,250.93,10,4
2016,SD,60536,324.475,337.07785714285717,215.38,14,4
2016,TN,14002,373.67,409.70108974358976,194.82,72,8
2016,TN,69443,284.40999999999997,285.63375,189.38,9,8
2016,TN,82120,290.175,276.9275,173.11,12,3
2016,TN,99248,288.025,295.03333333333336,221.88,12,3
2016,TX,20069,282.59000000000003,287.27208333333334,168.09,12,2
2016,TX,26539,228.7,274.9277777777778,210.64,7,9
2016,TX,27248,274.85,273.39,199.87,5,2
2016,TX,29418,240.005,240.13613636363635,169.85,11,8
2016,TX,32673,315.26,323.08867924528306,176.67,35,7
2016,TX,33602,284.565,292.40597633136093,168.54,338,26
2016,TX,37392,271.53499999999997,282.98699999999997,237.69,5,4
2016,TX,37755,348.24,355.26652777777775,289.31,9,8
2016,TX,40788,333.71500000000003,357.8403409090909,280.12,11,8
2016,TX,45786,281.57500000000005,279.02575,204.12,5,8
2016,TX,46224,257.615,261.6292857142857,208.64,14,1
2016,TX,55409,385.07,383.32428571428574,312.78,7,1
2016,TX,63141,294.49,294.457,183.6,10,2
2016,TX,63509,281.29,271.29407407407405,169.6,7,5
2016,TX,66252,239.57,245.05514285714287,170.43,35,5
2016,TX,71837,228.66,235.0233333333333,206.52,3,2
2016,TX,76589,320.18,319.8885714285714,264.91,7,1
2016,TX,85947,307.35,306.0525,190.04,10,12
2016,TX,91716,306.495,318.06425,235.11,12,8
2016,UT,18167,224.87,222.55444444444444,180.13,3,3
2016,UT,42261,304.79,299.1823076923077,197.68,5,3
2016,UT,56764,234.385,249.07333333333335,184.99,6,1
2016,UT,68781,303.615,309.14133333333336,197.59,60,6
2016,VA,10207,374.77,346.625,197.71,10,1
2016,VA,12028,242.615,269.03375,178.65,8,3
2016,VA,15668,301.84000000000003,318.626,247.31,10,5
2016,VA,20507,322.23,335.000495049505,254.67,13,12
2016,VA,37204,277.845,293.934,231.33,10,5
2016,VA,38234,312.765,313.10738095238094,187.43,12,6
2016,VA,38599,316.55,324.2246666666667,236.78,6,5
2016,VA,40308,412.47,417.93,285.02,3,1
2016,VA,88380,290.96500000000003,298.9391111111111,195.53,27,12
2016,VA,95185,291.44,296.60499999999996,196.45,10,3
2016,VA,99663,285.99,292.6743333333333,164.23,18,4
2016,WI,32754,364.49,371.30375,291.06,4,4
2016,WI,37833,343.15999999999997,357.75865384615383,168.64,78,5
2016,WI,38166,374.85,385.69138888888887,227.86,18,9
2016,WI,38345,295.36,291.9341095890411,152.05,38,7
2016,WI,39924,439.28999999999996,447.891076923077,289.85,10,13
2016,WI,47342,359.71,352.73329411764706,249.56,34,5
2016,WI,52697,301.165,312.17958333333337,240.2,3,8
2016,WI,57845,474.20500000000004,460.26725,224.83,10,4
2016,WI,58326,314.43,318.6,222.7,9,1
2016,WI,58564,344.24,355.5925333333334,242.61,15,5
2016,WI,79475,390.095,409.63964285714286,249.76,14,10
2016,WI,81413,362.29999999999995,356.725625,269.11,8,4
2016,WI,84670,391.31,382.9678125,237.96,84,10
2016,WI,87416,348.925,352.9475,212.52,10,6
2016,WI,91058,420.96000000000004,428.59437499999996,283.61,16,3
2016,WI,94529,379.90999999999997,374.53875,210.73,24,5
2016,WV,31274,381.78,378.1989839572193,244.38,17,11
2016,WV,50328,353.3,365.8341666666667,237.75,30,4
2016,WY,11269,467.77,476.97399999999993,333.7,30,3
2017,AK,38344,902.0,870.5333333333333,703.0,5,3
2017,AL,46944,429.84,429.1408791208791,262.04,7,13
2017,AR,37903,382.96500000000003,383.526,359.17,2,5
2017,AR,62141,296.99,305.1961224489796,238.7,7,7
2017,AR,70525,343.1,314.570303030303,175.32,5,7
2017,AR,75293,325.835,329.90464285714285,241.08,12,7
2017,AZ,53901,527.46,542.3685714285714,224.81,26,6
2017,AZ,91450,465.115,482.115,349.23,6,2
2017,DE,29497,442.505,443.19166666666666,370.46,6,1
2017,DE,67190,431.66499999999996,433.09,363.71,6,1
2017,DE,76168,480.025,460.8225,341.95,8,1
2017,FL,16842,472.81,506.1871193092622,243.57,26,67
2017,FL,21663,335.435,339.0275490196079,268.99,18,17
2017,FL,30252,406.065,436.72711240310076,274.0,20,45
2017,FL,35783,368.51,366.87,239.2,21,7
2017,FL,36194,359.245,354.60166666666663,204.22,60,4
2017,FL,54172,323.015,325.05100000000004,265.09,5,8
2017,FL,56503,394.735,420.7467424242424,248.2,33,4
2017,GA,49046,382.71,393.4324175824176,208.45,78,16
2017,GA,70893,293.5,293.3929166666667,226.01,18,4
2017,GA,83761,467.88,479.11978021978024,332.86,13,7
2017,GA,89942,373.165,366.0091666666667,254.77,12,1
2017,GA,93332,427.7,444.9023529411765,296.59,17,4
2017,HI,18350,375.51,399.4883333333333,260.35,12,1
2017,HI,60612,350.97,356.5763636363636,244.25,11,1
2017,IA,18973,346.54,354.6928695652174,196.63,61,7
2017,IA,27651,500.395,504.16875,382.11,16,2
2017,IA,74406,484.485,473.6940909090909,379.64,4,7
2017,IA,87928,486.12,456.18,370.44,3,2
2017,IA,93078,422.0,416.0022222222222,289.19,6,7
2017,IL,20129,411.19500000000005,416.395737704918,311.8,17,8
2017,IL,27833,363.93,360.27555555555557,282.59,9,2
2017,IL,36096,434.42,446.94703910614527,309.75,179,13
2017,IL,53882,333.0,333.7966666666666,269.07,7,3
2017,IL,58288,394.4,398.2635294117647,269.65,5,4
2017,IN,17575,394.435,408.86694852941173,244.35,16,17
2017,IN,54192,324.78499999999997,332.01111650485433,237.18,16,17
2017,IN,62033,315.845,321.7590441176471,239.63,8,17
2017,IN,76179,274.875,277.21827777777776,186.12,15,12
2017,KS,27811,360.91,358.50314285714285,301.17,5,7
2017,KS,39520,451.55,441.7955102040816,256.47,7,7
2017,KS,94248,380.67,401.2054545454546,276.79,11,1
2017,KY,15411,278.32,287.4971428571429,179.51,7,2
2017,KY,36239,351.805,364.42607142857145,245.48,14,8
2017,KY,45636,277.065,280.75575757575757,162.5,11,6
2017,LA,19636,424.83,435.4808333333333,314.39,15,8
2017,LA,44965,319.155,330.849,224.42,10,3
2017,LA,67243,489.76,487.035,385.55,10,8
2017,LA,97176,612.75,609.4702500000001,460.82,5,8
2017,ME,33653,398.76,407.9563888888889,222.11,9,4
2017,ME,48396,373.12,399.53581818181823,241.2,33,4
2017,ME,96667,414.6,437.9153571428572,295.44,8,4
2017,MI,15560,412.61,415.61875,224.2,12,16
2017,MI,29698,317.3,312.45221574344026,211.96,41,15
2017,MI,37651,287.765,293.35094594594597,156.7,19,9
2017,MI,40047,237.75,245.19,192.15,5,4
2017,MI,46275,259.49,264.7805263157895,169.68,7,6
2017,MI,58594,303.3,310.5060416666667,188.27,6,8
2017,MI,60829,366.12,363.417304964539,208.66,35,5
2017,MI,67183,256.18,250.37166666666664,202.42,6,3
2017,MI,74917,361.46000000000004,366.8539285714286,220.95,6,14
2017,MI,98185,321.31,329.54624277456645,196.25,26,16
2017,MO,30613,321.645,325.40099999999995,212.91,10,3
2017,MO,32753,429.70500000000004,430.4575892857143,306.77,16,7
2017,MO,34762,420.38,460.6766666666667,306.0,5,3
2017,MO,74483,331.305,329.4008333333333,241.19,16,3
2017,MS,48963,422.71,429.0777777777778,234.6,19,5
2017,MS,90714,350.075,349.73470588235296,270.97,17,6
2017,MT,23603,452.5,468.3888888888889,351.0,6,4
2017,MT,30751,480.65,478.9704166666667,318.86,48,4
2017,MT,32225,389.66499999999996,430.9291666666666,245.85,9,4
2017,NC,11512,539.21,533.037,224.75,32,16
2017,NC,73943,411.775,452.02833333333336,363.8,8,3
2017,ND,37160,339.67,323.31142857142856,164.43,7,4
2017,ND,73751,365.59,366.9445238095238,214.21,14,4
2017,ND,89364,318.895,327.713,256.39,10,4
2017,NE,20305,532.45,520.8938095238095,322.77,6,4
2017,NE,44794,419.18,452.0488372093023,264.49,25,4
2017,NH,59025,342.21000000000004,354.90375,267.75,8,1
2017,NH,61163,264.55,272.1709090909091,146.92,11,1
2017,NH,75841,416.82000000000005,416.82000000000005,409.85,2,1
2017,NH,96751,315.33,320.83923076923077,222.51,13,1
2017,NJ,77606,559.81,559.8,357.93,4,1
2017,NJ,91661,397.01,404.9771428571429,274.3,7,1
2017,NJ,91762,351.38,449.3776923076923,288.05,13,1
2017,NM,19722,266.71,264.5093333333333,200.62,3,5
2017,NM,72034,279.79,278.19800000000004,151.92,9,5
2017,NM,75605,359.025,360.03266666666667,249.14,30,5
2017,NM,93091,285.94,300.346,210.25,9,5
2017,NV,16698,351.62,365.80125,259.28,10,3
2017,NV,33670,378.97,415.7837037037037,236.34,9,3
2017,NV,60156,349.265,371.03979166666664,202.56,12,4
2017,NV,95865,288.495,306.493,204.05,10,2
2017,OH,23340,299.025,323.206,236.77,10,1
2017,OH,26734,349.975,352.1445,280.39,10,2
2017,OH,28162,387.76,404.3848888888889,201.84,45,3
2017,OH,29276,369.33,375.6640616246499,233.34,181,17
2017,OH,41047,256.92,263.80298701298705,209.32,11,7
2017,OH,52664,299.33,297.29,207.17,5,2
2017,OH,64353,272.39,282.3410416666667,210.18,5,10
2017,OH,66083,343.63,378.58,263.49,7,2
2017,OH,74313,356.96500000000003,364.195,287.77,6,2
2017,OH,77552,303.045,311.5336,204.53,10,15
2017,OH,99969,316.315,335.4398484848485,213.2,28,11
2017,OK,87571,484.54,507.2578666666667,348.2,75,5
2017,OR,10091,396.5,406.75,277.0,8,3
2017,OR,32536,362.615,365.7111111111111,261.18,14,3
2017,OR,39424,420.0,418.2682926829268,339.0,10,6
2017,OR,56707,355.0,367.3469387755102,242.0,16,7
2017,OR,63474,382.37,401.61535714285714,301.01,8,7
2017,OR,71287,307.0,298.2,225.0,10,5
2017,PA,16322,289.07,300.47580246913583,179.71,27,5
2017,PA,22444,441.13,441.96208333333334,284.07,12,6
2017,PA,31609,356.48,448.2642857142857,296.66,7,1
2017,PA,33709,316.92,326.1752380952381,253.31,10,3
2017,PA,33871,478.62,507.842,373.95,5,1
2017,PA,45127,571.11,566.385,497.03,2,3
2017,PA,70194,553.21,589.6247826086956,441.88,11,6
2017,PA,83731,403.73,422.2271428571429,314.66,7,1
2017,SC,26065,407.995,415.1753010033445,258.12,26,46
2017,SD,31195,431.92499999999995,444.111875,332.89,10,4
2017,SD,60536,450.62,439.72812500000003,276.35,12,4
2017,TN,14002,533.8299999999999,594.1635,381.3,20,5
2017,TN,82120,362.005,383.585,250.91,10,3
2017,TN,99248,397.61,396.7926086956522,295.54,23,3
2017,TX,20069,285.43,298.745,207.29,7,2
2017,TX,26539,423.595,409.39925,299.15,5,8
2017,TX,27248,327.53,334.3014285714286,255.33,7,2
2017,TX,29418,274.47,279.67273504273504,187.94,13,9
2017,TX,32673,401.92,421.3790476190476,230.42,17,4
2017,TX,33602,437.39,441.089945054945,277.28,364,26
2017,TX,37392,310.16999999999996,320.50333333333333,238.33,6,4
2017,TX,45786,291.70000000000005,297.48145833333336,216.31,6,8
2017,TX,66252,310.45,308.09933333333333,194.65,30,6
2017,TX,71837,296.24,305.95,255.17,3,2
2017,UT,18167,292.28,300.754,227.51,5,3
2017,UT,42261,345.4,417.7916,269.03,5,6
2017,UT,68781,325.79,350.75123456790124,222.02,18,6
2017,VA,10207,435.01,406.77799999999996,222.77,5,1
2017,VA,12028,309.17,300.4614285714286,203.88,7,3
2017,VA,15668,365.82500000000005,373.9116666666667,260.1,12,5
2017,VA,20507,395.045,433.45533333333333,336.02,6,7
2017,VA,37204,328.83500000000004,336.925,236.51,12,5
2017,VA,38599,338.84,347.74764705882353,284.15,5,4
2017,VA,40308,511.05499999999995,511.05499999999995,466.33,2,1
2017,VA,41921,303.825,312.6088888888889,245.82,18,2
2017,VA,88380,325.595,341.5091111111111,224.12,24,12
2017,VA,93187,363.945,353.1170588235294,214.86,31,7
2017,VA,95185,363.245,363.79499999999996,242.6,12,3
2017,WI,14630,460.305,458.01916666666665,331.77,4,3
2017,WI,20173,437.65999999999997,448.54,275.15,8,2
2017,WI,37833,413.645,411.2770238095238,220.56,105,6
2017,WI,38166,420.8,426.04914438502675,229.67,22,9
2017,WI,38345,311.615,307.0502564102564,157.99,15,6
2017,WI,47342,453.145,442.0657142857143,307.5,28,4
2017,WI,52697,371.245,382.40975,293.93,5,8
2017,WI,57845,485.73,483.82464285714286,252.4,7,4
2017,WI,58326,270.04,273.76666666666665,214.36,9,1
2017,WI,79475,464.15999999999997,491.73415384615384,293.42,13,10
2017,WI,81413,429.795,431.0447222222222,327.56,18,4
2017,WI,86584,402.72,406.617,279.43,16,5
2017,WI,87416,445.095,422.1942424242424,266.27,11,6
2017,WI,91058,493.575,508.3925,404.63,16,3
2017,WI,94529,404.4,402.5846153846154,234.82,39,5
2017,WV,31274,508.26,508.57441558441565,332.09,7,11
2017,WV,50328,490.16499999999996,500.70099999999996,310.78,10,9
2017,WY,11269,509.1,510.8712222222223,365.55,30,3
2018,AK,38344,699.0,657.0666666666667,526.0,5,3
2018,AL,46944,509.25,464.30791208791203,271.09,7,13
2018,AL,73301,467.23,477.00500000000005,320.99,6,1
2018,AR,37903,428.94,436.334,400.24,3,5
2018,AR,62141,369.65,363.78107142857147,277.88,8,7
2018,AR,70525,419.565,375.07552631578943,202.18,6,7
2018,AR,75293,411.65,399.2942857142857,292.07,10,7
2018,AZ,53901,513.79,533.7565,246.84,35,6
2018,AZ,91450,406.2,426.0855555555556,286.56,9,2
2018,DE,76168,572.79,548.71,423.45,7,1
2018,FL,16842,634.85,658.805943877551,287.95,24,67
2018,FL,21663,474.53,461.75366028708135,306.9,19,22
2018,FL,30252,553.8599999999999,539.02255859375,285.84,20,45
2018,FL,36194,511.365,466.587,188.94,68,5
2018,FL,54172,536.8,504.79949999999997,358.97,5,8
2018,FL,56503,518.895,488.0283823529412,261.39,34,4
2018,GA,49046,572.315,593.9893406593407,276.37,42,11
2018,GA,70893,416.135,427.88933333333335,331.79,12,5
2018,GA,83761,595.025,595.08,447.81,6,4
2018,GA,89942,478.73,479.2583333333333,329.57,18,1
2018,HI,18350,506.49,467.37727272727267,246.31,11,1
2018,HI,60612,456.06,443.5681818181818,335.67,11,1
2018,IA,93078,620.28,624.4292857142857,392.42,18,7
2018,IL,20129,518.93,543.708524590164,333.32,61,8
2018,IL,27833,467.64,472.8255555555556,402.98,9,2
2018,IL,36096,482.22,486.11333333333334,335.12,93,13
2018,IL,53882,433.2,419.05199999999996,304.82,5,3
2018,IN,54192,355.73,368.4732295719844,259.55,19,17
2018,IN,76179,375.345,377.14153846153846,265.7,14,13
2018,KS,18558,445.39,429.35657142857144,329.35,5,7
2018,KS,39520,504.94,523.2639285714286,310.04,14,7
2018,KS,80065,559.955,532.6275,413.67,4,1
2018,KY,36239,458.31,448.51559999999995,234.55,10,6
2018,KY,45636,364.21000000000004,362.305,189.35,14,6
2018,LA,19636,484.46,480.1342857142857,333.15,21,8
2018,LA,67243,656.625,630.1846428571428,437.17,14,8
2018,LA,97176,858.015,789.608,569.78,5,8
2018,ME,33653,548.29,529.0627499999999,235.26,10,4
2018,ME,96667,553.845,560.1238461538461,378.93,8,4
2018,MI,15560,484.41499999999996,495.995859375,279.49,8,16
2018,MI,29698,416.63,406.0676923076923,240.85,13,15
2018,MI,40047,353.29499999999996,319.15999999999997,228.03,5,4
2018,MI,58594,420.7,403.00897435897434,196.2,6,13
2018,MI,60829,366.76,384.6424705882353,272.6,25,5
2018,MI,67183,332.5,301.17857142857144,218.57,7,3
2018,MI,74917,342.735,352.5118333333333,213.4,4,15
2018,MI,98185,409.625,393.261858974359,214.76,22,16
2018,MO,32753,599.975,612.5392708333333,418.62,16,6
2018,MO,74483,460.91999999999996,466.102,281.26,10,4
2018,MO,99723,567.8299999999999,588.2353333333334,441.36,5,6
2018,MS,90714,521.88,540.0503333333334,427.35,5,6
2018,MT,23603,533.5,511.6111111111111,374.0,6,4
2018,MT,30751,522.77,540.2407692307693,380.92,26,4
2018,MT,32225,396.23,431.1373684210526,249.95,12,4
2018,NC,11512,632.2349999999999,575.8488356164384,231.32,27,16
2018,NC,73943,542.145,588.4477777777778,413.57,6,3
2018,ND,37160,414.4,381.1257142857143,195.38,7,4
2018,ND,89364,289.17,292.685,229.04,8,3
2018,NE,20305,618.62,624.2857142857143,359.92,12,4
2018,NH,59025,616.95,616.95,525.84,2,1
2018,NH,75841,499.105,499.105,474.66,2,1
2018,NH,96751,477.75,461.5127272727272,260.56,11,1
2018,NJ,23818,446.4,424.37,230.73,5,1
2018,NJ,77606,686.16,645.42,418.0,3,1
2018,NJ,91661,475.36,485.6571428571429,336.73,7,1
2018,NJ,91762,404.62,519.59375,321.59,8,1
2018,NM,19722,360.09,354.7393333333333,258.42,3,5
2018,NM,72034,407.28,393.22869565217394,241.25,7,5
2018,NM,75605,434.255,441.3766666666667,304.11,30,5
2018,NM,93091,329.2,358.76599999999996,269.61,5,5
2018,NV,45142,543.9849999999999,555.35375,309.03,4,4
2018,NV,95865,392.905,406.90749999999997,256.78,10,2
2018,OH,28162,509.84,489.3100680272109,235.98,49,3
2018,OH,41047,386.065,392.19141666666667,296.88,12,10
2018,OH,45845,384.19500000000005,387.523125,271.63,8,2
2018,OH,52664,396.665,384.66833333333335,263.29,6,2
2018,OH,64353,387.77,380.8987037037037,252.76,5,13
2018,OH,74313,533.205,539.910625,274.3,8,2
2018,OH,77552,395.45500000000004,405.9418269230769,244.07,13,16
2018,OH,99969,405.32,399.85776315789474,211.53,44,13
2018,OK,87571,462.79,505.95171428571433,371.47,35,5
2018,OR,10091,423.5,428.1666666666667,287.0,8,3
2018,OR,39424,451.0,440.44897959183675,338.0,11,7
2018,OR,56707,454.0,437.1621621621622,282.0,8,7
2018,OR,63474,356.115,378.19,302.16,6,1
2018,OR,71287,378.0,349.7,271.0,10,5
2018,PA,16322,425.08,415.80324324324323,208.29,41,7
2018,PA,22444,506.635,504.38770833333336,287.8,27,6
2018,PA,31609,635.55,599.1257142857143,363.05,7,1
2018,PA,33709,353.895,393.041,309.28,9,2
2018,PA,33871,588.755,624.87,465.6,4,1
2018,PA,38949,409.96500000000003,405.015,317.03,4,2
2018,PA,45127,741.58,704.7611111111112,529.47,3,3
2018,PA,70194,494.23,555.7386666666666,393.68,10,3
2018,PA,83731,453.8,451.7,311.51,6,1
2018,SC,26065,515.1949999999999,489.9850996376812,231.41,24,46
2018,SD,31195,469.32,487.8607692307693,264.44,17,4
2018,SD,60536,534.6949999999999,516.1034375,290.35,8,4
2018,TN,14002,718.2349999999999,704.2304166666667,408.53,24,6
2018,TN,23552,478.945,508.20875,351.27,8,1
2018,TN,99248,575.7249999999999,625.0816666666666,379.79,12,3
2018,TX,20069,350.29,337.66294117647055,190.95,8,3
2018,TX,26539,539.2,528.1733333333333,353.85,6,9
2018,TX,27248,490.735,471.70875,315.74,8,2
2018,TX,29418,411.905,409.7500649350649,271.1,14,11
2018,TX,33602,522.21,498.4085164835165,299.92,182,26
2018,TX,45786,408.03,389.87395833333335,256.27,6,8
2018,TX,66252,477.69,438.6472,262.73,25,5
2018,TX,71837,388.605,393.2375,301.26,4,2
2018,UT,42261,494.72,539.6317857142857,325.21,8,6
2018,UT,68781,445.69,470.88916666666665,254.0,24,6
2018,VA,10207,652.93,568.99,333.7,3,1
2018,VA,20507,731.63,800.3003225806452,455.17,7,5
2018,VA,37204,432.945,499.978,359.49,10,5
2018,VA,40308,867.0550000000001,867.0550000000001,806.53,2,1
2018,VA,41921,448.08000000000004,476.064,327.48,10,2
2018,VA,88380,509.9,516.4887012987012,333.93,11,7
2018,VA,95185,487.76,470.7263636363636,294.95,11,3
2018,WI,14630,564.985,532.9662500000001,333.7,8,3
2018,WI,20173,565.2449999999999,529.3007142857143,292.51,7,2
2018,WI,37833,556.28,540.7311538461538,276.82,132,7
2018,WI,38166,541.85,503.59555555555556,246.67,14,9
2018,WI,38345,442.39,432.0163768115942,233.9,14,6
2018,WI,57845,594.48,597.7244444444444,273.56,14,6
2018,WI,58326,377.45000000000005,334.384,250.08,10,1
2018,WI,81413,683.09,634.51125,502.52,12,4
2018,WI,86584,566.315,534.0322222222222,321.35,18,5
2018,WI,87416,654.715,616.878695652174,340.79,8,6
2018,WI,94529,478.61,467.19911764705887,270.01,34,5
2018,WV,31274,590.4449999999999,593.1179545454545,392.6,8,11
2018,WV,50328,529.83,544.2247008547008,393.31,13,9
2018,WY,11269,754.79,734.6823333333334,533.94,10,3
2019,AK,38344,672.0,610.1333333333333,461.0,5,3
2019,AL,46944,493.74,472.5829670329671,280.32,7,13
2019,AL,73301,355.83,403.1366666666666,265.06,6,1
2019,AR,37903,413.09,426.0653333333333,394.71,3,5
2019,AR,62141,391.53,396.82446428571427,324.4,8,7
2019,AR,70525,399.73,372.8366666666667,227.16,5,7
2019,AR,75293,383.87,384.97888888888895,319.97,9,7
2019,AZ,13877,427.95000000000005,441.1575,304.15,8,1
2019,AZ,53901,522.93,533.3946969696971,256.93,66,6
2019,AZ,87247,345.355,382.16333333333336,265.4,12,2
2019,AZ,91450,385.51,404.72,291.73,11,2
2019,AZ,97667,426.3,469.85200000000003,349.12,5,1
2019,DE,76168,665.9849999999999,603.62,389.66,8,1
2019,FL,16842,614.645,656.1927721088435,315.7,24,67
2019,FL,21663,511.335,503.97414835164835,325.53,14,26
2019,FL,30252,560.655,561.43662109375,343.9,20,45
2019,FL,36194,531.9549999999999,501.1648913043478,233.92,46,4
2019,FL,40572,410.45000000000005,409.969375,261.19,8,4
2019,FL,54172,567.8,524.4620833333333,344.04,3,8
2019,FL,56503,505.105,499.6515909090909,271.62,33,4
2019,GA,49046,491.85,541.1331410256411,215.07,36,13
2019,GA,70893,423.895,421.7285714285714,292.47,20,12
2019,GA,83761,598.1,591.7675595238095,384.04,160,4
2019,GA,89942,557.505,532.00375,372.4,16,1
2019,HI,18350,485.07,452.44250000000005,195.62,12,1
2019,HI,60612,504.31,504.86090909090905,392.74,11,1
2019,IA,25896,669.7850000000001,658.7870833333334,485.98,4,6
2019,IA,74406,654.035,642.4003571428572,474.55,4,7
2019,IA,93078,558.77,551.2016853932583,296.37,23,7
2019,IL,20129,582.34,557.633984375,342.19,32,8
2019,IL,27833,474.41999999999996,470.1783333333333,367.51,9,2
2019,IL,33235,552.865,505.18083333333334,313.82,12,1
2019,IL,36096,471.66,480.55182795698926,328.3,93,13
2019,IL,53882,422.01,446.334,333.96,5,3
2019,IN,54192,376.81,393.75160427807486,274.54,11,17
2019,IN,76179,352.86,351.6186631016043,234.53,11,17
2019,KS,18558,485.24,466.32342857142856,358.56,5,7
2019,KS,39520,582.8,566.1771428571428,312.58,13,7
2019,KS,80065,592.06,552.078,448.21,5,1
2019,KY,36239,417.64,443.9059016393443,189.94,13,8
2019,KY,45636,446.745,435.79069444444445,258.09,12,6
2019,LA,19636,455.06,453.24603174603175,311.78,21,8
2019,LA,67243,628.72,593.57175,406.39,20,8
2019,LA,97176,718.12,673.1867500000001,489.27,5,8
2019,ME,33653,569.11,553.09875,239.88,12,4
2019,ME,48396,496.145,493.70099999999996,217.86,30,4
2019,ME,96667,571.34,557.0608695652173,389.26,7,4
2019,MI,15560,516.365,517.07328125,299.73,8,16
2019,MI,29698,375.73,393.93169230769234,236.95,13,15
2019,MI,40047,371.97,370.68625,353.74,2,4
2019,MI,58594,413.21500000000003,394.08113636363635,201.63,8,11
2019,MI,60829,393.66,399.62046875,249.24,18,5
2019,MI,67183,355.31,325.21,236.25,7,3
2019,MI,74917,383.29999999999995,385.31716666666665,232.2,4,15
2019,MI,77739,332.20500000000004,346.04833333333335,227.91,8,3
2019,MI,98185,412.685,399.5850666666667,209.16,16,16
2019,MO,32753,667.05,652.0354166666666,445.26,18,4
2019,MO,53461,456.13,474.1928571428571,269.45,7,1
2019,MO,74483,465.69,513.3055,324.61,10,4
2019,MO,99723,521.39,526.5712903225806,397.51,13,6
2019,MS,90714,532.15,531.49,417.38,5,6
2019,MT,23603,576.0,547.4444444444445,389.0,6,4
2019,MT,30751,512.46,531.0291176470589,321.0,34,4
2019,MT,32225,436.33,473.266052631579,305.93,12,4
2019,NC,11512,530.57,540.8432121212121,205.71,66,16
2019,NC,73943,535.64,583.5699999999999,420.83,5,3
2019,NC,77264,548.5,558.4075,450.35,6,2
2019,ND,37160,491.3,409.25714285714287,196.9,7,4
2019,ND,73751,488.235,476.3547222222222,275.42,12,4
2019,ND,89364,375.81,375.16482142857143,223.96,16,4
2019,NE,20305,567.78,573.856170212766,311.27,17,4
2019,NH,59025,448.755,430.82500000000005,267.08,4,1
2019,NH,75841,402.39,406.28,372.61,3,1
2019,NH,96751,391.16499999999996,389.227,200.8,10,1
2019,NJ,23818,394.145,402.59999999999997,204.93,6,1
2019,NJ,77606,593.35,556.0733333333334,361.48,3,1
2019,NJ,91661,439.11,450.65285714285716,314.47,7,1
2019,NJ,91762,344.76,444.93125000000003,278.58,8,1
2019,NM,19722,343.73,319.25333333333333,240.79,3,5
2019,NM,72034,406.23,388.31333333333333,242.98,9,5
2019,NM,75605,446.04,448.1714285714286,292.49,35,5
2019,NM,93091,333.51,335.04457142857143,261.86,7,5
2019,NV,45142,530.01,526.5015000000001,306.64,5,4
2019,NV,95865,390.87,400.5233333333333,260.29,9,2
2019,OH,28162,457.26,481.8080373831776,240.49,45,3
2019,OH,29276,505.905,514.7948039215686,236.08,17,6
2019,OH,29341,341.5,351.39125,233.73,8,1
2019,OH,41047,377.01,383.0191111111111,312.92,9,10
2019,OH,45845,414.655,425.85125,278.77,8,2
2019,OH,52664,431.12,419.0285714285714,277.35,7,2
2019,OH,64353,453.62,454.3762962962963,365.83,2,14
2019,OH,74313,567.935,556.114375,308.75,8,2
2019,OH,77552,481.74,474.3711363636364,249.65,11,16
2019,OH,99969,436.62,419.54106951871654,203.09,63,15
2019,OK,21333,614.05,655.8177083333334,292.25,12,5
2019,OK,87571,467.36,494.5455,333.98,40,5
2019,OR,10091,337.0,370.7,225.0,10,4
2019,OR,39424,460.0,459.2456140350877,351.0,15,7
2019,OR,56707,432.0,461.1666666666667,302.0,10,7
2019,OR,63474,420.90999999999997,412.1033333333333,316.89,6,1
2019,OR,71287,414.0,386.4,295.0,10,5
2019,PA,16322,437.7,462.0317021276596,241.67,30,8
2019,PA,22444,493.41499999999996,492.20735294117645,295.51,68,6
2019,PA,31609,614.14,560.1428571428571,333.33,7,1
2019,PA,33709,487.62,438.06714285714287,293.25,13,3
2019,PA,33871,565.88,605.42,464.05,4,1
2019,PA,38949,362.55,388.5391666666667,240.53,12,2
2019,PA,45127,587.98,553.3177777777778,433.15,3,3
2019,PA,70194,612.51,548.8371428571429,367.41,14,3
2019,PA,75729,531.02,544.3020512820513,371.07,39,6
2019,PA,83731,528.56,471.57444444444445,322.35,9,1
2019,PA,86199,472.09,473.698,374.37,5,1
2019,SC,26065,554.87,520.4397212230216,230.82,28,46
2019,SC,79222,513.24,555.5360000000001,478.86,5,1
2019,SD,31195,501.33,501.480625,261.97,16,4
2019,SD,60536,510.54499999999996,505.6108823529412,302.13,10,4
2019,TN,14002,605.645,650.1941666666667,315.46,24,6
2019,TN,23552,485.875,522.41,327.75,8,2
2019,TN,70111,519.9549999999999,520.095,394.84,5,2
2019,TN,97906,480.74,518.5784210526316,326.08,19,3
2019,TN,99248,490.79,543.6690476190475,372.16,21,4
2019,TX,20069,395.87,373.78,208.28,8,4
2019,TX,26539,540.8199999999999,510.47648148148147,351.31,6,9
2019,TX,27248,509.63,506.4622222222222,352.68,9,2
2019,TX,29418,425.91,426.9938053097345,281.53,17,11
2019,TX,33602,433.73,446.9960256410256,285.59,234,26
2019,TX,45786,443.4,431.18725000000006,280.52,5,8
2019,TX,66252,448.165,445.9605555555556,275.48,36,6
2019,TX,71837,366.48,434.06800000000004,326.78,5,2
2019,UT,18167,713.745,717.913,547.68,2,5
2019,UT,42261,470.72,537.071,325.41,10,6
2019,UT,68781,419.53499999999997,450.1872222222222,251.7,28,6
2019,VA,10207,750.51,638.5533333333334,363.58,3,1
2019,VA,20507,606.135,615.2605555555556,356.43,24,5
2019,VA,37204,514.55,551.3021428571428,417.83,14,5
2019,VA,40308,1188.56,1188.56,1166.85,2,1
2019,VA,41921,494.42499999999995,465.23999999999995,389.54,10,2
2019,VA,80352,501.485,475.145,379.0,4,1
2019,VA,88380,453.96,477.59509259259255,321.92,9,12
2019,VA,95185,638.47,616.7222222222222,375.81,9,3
2019,WI,14630,602.22,549.0557142857143,370.91,7,3
2019,WI,20173,533.97,517.1383333333333,322.84,6,2
2019,WI,37833,480.29,461.1840890688259,228.72,114,7
2019,WI,38166,467.03,501.2622222222222,286.59,9,9
2019,WI,38345,406.66,390.9244927536232,194.1,14,6
2019,WI,52697,586.5350000000001,593.12625,539.3,2,4
2019,WI,57845,552.94,536.4350000000001,244.65,12,6
2019,WI,58326,362.86,367.809,278.94,10,1
2019,WI,81413,674.815,613.4952777777777,457.41,18,4
2019,WI,86584,618.75,587.7276666666667,338.7,18,5
2019,WI,87416,568.825,505.90578947368425,286.64,8,5
2019,WI,94529,495.82,479.2865925925926,265.03,27,5
2019,WV,31274,639.4,634.5324675324675,404.54,7,11
2019,WV,50328,593.1,606.9458585858586,431.89,11,9
2019,WY,11269,757.12,731.825,530.95,10,3
2020,AK,38344,658.0,613.0,462.0,5,3
2020,AK,77963,530.0,544.0,433.0,4,2
2020,AL,46944,507.09,496.48868131868136,293.78,7,13
2020,AL,73301,480.02,463.8875,295.56,8,1
2020,AR,37903,416.65,438.98999999999995,414.12,3,7
2020,AR,62141,390.95,397.7069230769231,346.4,13,7
2020,AR,70525,415.385,419.44,360.79,4,7
2020,AR,75293,392.47,395.60714285714283,319.79,7,7
2020,AZ,13877,416.71500000000003,409.142,298.71,10,1
2020,AZ,53901,518.07,520.6116438356164,245.12,73,7
2020,AZ,87247,341.435,360.24899999999997,247.04,20,2
2020,AZ,91450,476.11,483.30921875,299.37,32,4
2020,AZ,97667,422.72,436.066,341.17,5,1
2020,DE,76168,521.49,475.3511111111111,301.74,9,1
2020,FL,12379,425.71500000000003,411.0115384615384,263.54,32,13
2020,FL,16842,611.345,642.6683588435374,315.69,24,67
2020,FL,21663,480.33000000000004,459.897,314.99,54,30
2020,FL,30252,537.735,564.9697569444445,334.85,27,46
2020,FL,36194,476.74,446.89715909090904,198.02,44,4
2020,FL,40572,422.645,407.4392857142857,250.95,10,14
2020,FL,48121,446.65,457.785625,330.32,16,2
2020,FL,54172,544.1800000000001,496.5311458333333,325.85,8,12
2020,FL,56503,505.16,511.93230303030305,272.66,33,5
2020,GA,49046,545.8299999999999,569.8196551724137,256.88,36,13
2020,GA,58081,496.845,483.014,338.21,10,2
2020,GA,60224,485.65,459.5375757575757,307.89,11,3
2020,GA,70893,419.29,413.73991525423725,318.53,22,14
2020,GA,83761,505.3,526.8052976190476,349.42,154,6
2020,GA,89942,567.9649999999999,537.423125,371.34,16,1
2020,HI,18350,469.17,437.2633333333333,195.76,12,1
2020,HI,60612,473.99,475.7290909090909,367.98,11,1
2020,IA,25896,693.27,686.6996428571429,508.79,4,7
2020,IA,74406,678.47,672.0421428571428,497.93,4,7
2020,IA,93078,449.995,459.7106730769231,260.22,27,7
2020,IL,20129,550.52,525.4352678571429,337.96,14,8
2020,IL,27833,416.36,425.7206666666667,311.36,15,2
2020,IL,36096,480.915,492.883125,321.34,96,13
2020,IL,53882,435.0,407.94800000000004,343.75,5,3
2020,IL,85773,577.035,530.7141666666666,326.32,12,1
2020,IN,54192,399.27,421.3114438502674,265.95,11,17
2020,IN,76179,419.93,424.5546764705882,245.92,20,17
2020,KS,18558,500.46,478.6145714285715,356.72,5,7
2020,KS,39520,520.25,519.8773134328358,239.99,24,7
2020,KS,43490,501.23,484.533,347.08,10,1
2020,KS,76763,480.815,480.41400000000004,383.41,10,2
2020,KS,80065,489.295,484.1612121212121,361.72,34,4
2020,KY,36239,463.21,492.6619672131148,241.24,13,8
2020,KY,45636,453.29499999999996,436.1116666666667,284.84,12,6
2020,LA,19636,516.26,508.515,347.97,24,8
2020,LA,67243,557.3,578.2483333333333,433.66,6,8
2020,LA,97176,803.87,744.95675,540.08,5,8
2020,LA,98780,430.99,434.858,339.83,15,3
2020,ME,33653,556.5899999999999,552.0116071428572,238.63,14,4
2020,ME,48396,475.28,480.32290909090904,231.5,33,4
2020,ME,96667,489.70500000000004,480.6963333333333,235.13,9,4
2020,MI,15560,493.86,492.97809859154927,262.82,9,16
2020,MI,29698,367.6,379.21840000000003,232.57,30,15
2020,MI,40047,324.46500000000003,313.5190625,260.52,8,4
2020,MI,58594,307.68,325.1098484848485,202.2,6,11
2020,MI,60829,381.76,398.44015625000003,236.81,18,5
2020,MI,67183,339.9,317.7985714285714,224.77,7,3
2020,MI,74917,343.73,365.27253333333334,234.88,5,15
2020,MI,77739,337.305,345.0135,207.88,10,4
2020,MI,98185,411.155,391.7227027027027,201.13,16,16
2020,MO,32753,638.41,653.9412941176471,426.69,17,5
2020,MO,47840,448.78499999999997,394.35,239.47,10,1
2020,MO,53461,436.43,458.37083333333334,270.39,8,3
2020,MO,69512,462.15999999999997,457.18500000000006,321.25,10,1
2020,MO,74483,469.76,483.28599999999994,350.41,10,4
2020,MO,96384,484.0,493.0,410.0,5,1
2020,MO,99723,459.06,474.2988888888888,352.22,28,6
2020,MS,79975,489.59,503.0372916666667,425.31,8,6
2020,MS,90714,477.84000000000003,506.8520833333334,377.07,16,6
2020,MT,23603,464.5,454.06666666666666,336.0,10,4
2020,MT,30751,438.355,451.1361764705882,274.24,34,4
2020,MT,32225,413.01,417.41175000000004,287.15,10,4
2020,NC,11512,468.23,471.6371341463415,206.41,67,16
2020,NC,37900,406.69500000000005,408.19666666666666,195.53,16,3
2020,NC,73943,521.81,560.776,423.92,5,3
2020,NC,77264,527.1949999999999,528.89,373.85,8,4
2020,ND,37160,480.81,408.12857142857143,194.2,7,4
2020,ND,73751,401.40999999999997,393.28305555555556,233.08,12,4
2020,ND,89364,317.21500000000003,316.6303571428571,173.82,16,4
2020,NE,20305,530.74,537.2224615384615,278.17,21,4
2020,NE,83653,672.14,667.4965,351.81,16,4
2020,NH,59025,414.93,391.0633333333333,245.96,9,1
2020,NH,75841,390.45,379.5571428571429,314.4,7,1
2020,NH,96751,376.14,378.195,203.15,10,1
2020,NJ,23818,433.31,470.27833333333336,271.84,6,1
2020,NJ,77606,652.71,615.8066666666667,401.62,3,1
2020,NJ,91661,452.895,466.52875,315.59,8,1
2020,NJ,91762,383.77,488.34875,306.91,8,1
2020,NM,19722,298.505,304.423,244.42,6,5
2020,NM,42776,341.83,335.0602857142857,247.16,7,5
2020,NM,75605,430.97,432.2771428571429,265.67,35,5
2020,NM,93091,338.17,349.0268571428572,255.14,7,5
2020,OH,28162,469.71,524.2226605504587,261.02,45,3
2020,OH,29276,522.13,522.375701357466,272.7,17,13
2020,OH,29341,388.25,374.313,254.58,10,1
2020,OH,41047,369.345,363.47444444444443,254.38,36,11
2020,OH,45845,442.735,427.2365,266.57,10,2
2020,OH,52664,458.195,445.24875,292.84,8,2
2020,OH,64353,372.975,373.35266666666666,269.72,8,15
2020,OH,74313,516.45,503.6627777777778,324.6,9,2
2020,OH,77552,466.875,454.2471022727273,237.22,11,16
2020,OH,99969,460.28,453.5185217391304,203.81,60,17
2020,OK,21333,556.0550000000001,599.0611666666666,269.07,15,5
2020,OK,40463,467.39,447.6011111111111,275.22,9,1
2020,OK,87571,493.13,509.98175000000003,350.86,40,5
2020,OR,10091,446.0,416.8611111111111,226.0,18,4
2020,OR,39424,464.0,450.0877192982456,327.0,12,7
2020,OR,56707,443.5,465.38,299.0,11,7
2020,OR,63474,390.79,425.1003448275862,299.7,15,4
2020,OR,71287,441.0,399.56,293.0,10,5
2020,PA,16322,422.555,421.07440476190476,230.13,27,8
2020,PA,22444,513.86,521.65275,334.24,77,6
2020,PA,31609,532.26,560.295,351.5,8,1
2020,PA,33709,472.045,466.67541666666665,289.61,40,6
2020,PA,33871,464.21,540.9322222222222,464.21,9,1
2020,PA,38949,349.805,353.52125,214.5,16,2
2020,PA,45127,582.85,548.8744444444444,435.5,3,3
2020,PA,75729,543.74,558.8953846153846,411.45,39,6
2020,PA,79279,343.44,312.04545454545456,199.84,11,2
2020,PA,79962,385.72,394.54375,280.81,8,1
2020,PA,86199,480.63,461.180625,355.53,16,1
2020,PA,98517,460.56,440.28666666666663,304.7,9,1
2020,SC,16985,476.0,458.8433333333333,246.18,8,3
2020,SC,26065,541.375,503.5340467625899,201.59,28,46
2020,SC,42326,466.985,474.0011875,316.08,8,20
2020,SC,79222,515.87,515.1938095238095,333.32,14,12
2020,SD,31195,510.0,518.369375,249.29,16,4
2020,SD,60536,563.77,534.3000000000001,318.12,10,4
2020,TN,14002,411.53,502.1506,317.86,50,8
2020,TN,23552,472.265,464.61949999999996,298.0,10,2
2020,TN,70111,497.125,485.3443181818182,360.39,11,4
2020,TN,97906,466.33,482.80400000000003,337.36,30,3
2020,TN,99248,472.25,495.03333333333336,353.81,30,6
2020,TX,20069,402.46,374.79040000000003,242.33,10,5
2020,TX,26539,570.8299999999999,551.0395833333333,394.82,6,8
2020,TX,27248,476.28,467.0666666666667,339.36,6,3
2020,TX,29418,436.18,437.84120388349515,286.25,83,14
2020,TX,33602,421.065,443.43625,280.56,240,26
2020,TX,45786,419.69,396.601625,254.53,10,8
2020,TX,66252,392.205,401.5966666666667,228.63,42,7
2020,TX,71837,336.235,388.2075,311.28,8,2
2020,UT,18167,496.885,501.3595,295.86,8,5
2020,UT,34541,483.075,491.91333333333336,363.2,6,2
2020,UT,42261,453.65999999999997,516.241,314.66,12,6
2020,UT,68781,436.38,445.3598518518519,245.49,30,6
2020,UT,81808,408.47,431.6011111111111,333.88,6,3
2020,VA,10207,646.78,517.9666666666667,236.0,3,1
2020,VA,20507,488.07,463.3741860465116,290.26,15,5
2020,VA,25922,488.22999999999996,478.83599999999996,352.28,10,1
2020,VA,37204,436.25,463.896,402.75,5,4
2020,VA,40308,1291.7150000000001,1291.7150000000001,1282.17,2,1
2020,VA,41921,502.56,481.916,390.15,10,3
2020,VA,80352,514.4,480.0,409.71,5,1
2020,VA,88380,430.48,452.7363247863248,292.73,10,12
2020,VA,95185,594.77,575.0922222222222,359.27,9,3
2020,WI,14630,462.05,442.31885714285715,281.0,7,5
2020,WI,20173,473.895,461.0516666666667,291.52,6,2
2020,WI,37833,474.865,451.1402192982456,230.17,57,7
2020,WI,38166,520.685,527.3499999999999,281.17,8,9
2020,WI,38345,435.78999999999996,422.16033898305085,225.83,52,7
2020,WI,52697,468.28499999999997,453.0804166666667,326.47,8,9
2020,WI,57845,466.5,466.8297619047619,225.93,12,6
2020,WI,58326,366.375,353.621,277.14,10,1
2020,WI,81413,643.475,572.2005555555556,417.69,18,4
2020,WI,84670,533.92,553.3914285714285,372.97,14,1
2020,WI,86584,632.9200000000001,609.0998888888888,349.93,18,5
2020,WI,87416,442.86,443.21285714285716,272.05,7,5
2020,WI,94529,478.77,464.52113924050633,259.54,27,5
2020,WV,31274,653.9,677.8745454545455,422.29,8,11
2020,WV,50328,628.87,644.6709999999999,435.49,11,10
2020,WY,11269,761.53,746.1583333333333,543.1,10,3
2021,AK,38344,608.0,570.4,430.0,5,3
2021,AK,77963,535.0,548.75,436.0,4,3
2021,AL,46944,537.07,514.1658241758242,283.18,7,13
2021,AL,73301,593.88,571.5699999999999,384.69,8,1
2021,AR,13262,495.23,495.23,415.71,2,7
2021,AR,37903,428.81,464.9533333333334,416.89,3,7
2021,AR,62141,416.74,412.15,322.06,19,7
2021,AR,70525,422.85,442.6925,375.91,4,7
2021,AR,75293,399.75,417.4,343.46,7,7
2021,AZ,13877,393.4,403.6790909090909,270.02,11,2
2021,AZ,40702,462.65,441.54285714285714,357.81,7,1
2021,AZ,53901,503.36,518.2478125,246.3,96,7
2021,AZ,87247,383.37,396.8586363636363,275.35,22,2
2021,AZ,91450,500.6,495.2542056074766,308.84,44,5
2021,AZ,97667,429.815,417.10875,347.29,8,1
2021,DE,76168,525.4449999999999,512.8075,302.72,12,1
2021,FL,12379,415.63,419.11912568306013,259.89,84,15
2021,FL,16842,605.56,648.698649921507,321.81,26,67
2021,FL,19898,533.935,547.1087719298246,308.49,12,19
2021,FL,21663,517.53,515.126926984127,304.86,50,63
2021,FL,30252,516.91,546.2514207650273,324.71,39,50
2021,FL,36194,468.53,441.1984722222222,200.29,36,4
2021,FL,40572,424.63,413.20925595238094,256.99,15,24
2021,FL,48121,471.32000000000005,469.0009090909091,337.91,20,11
2021,FL,54172,472.57,462.9675757575758,323.94,11,12
2021,FL,56503,490.3,498.2857714285714,249.75,35,5
2021,GA,49046,551.29,552.5964215686274,263.87,48,14
2021,GA,58081,486.505,475.2861111111111,352.84,9,2
2021,GA,60224,470.12,450.1228787878788,296.8,11,6
2021,GA,70893,476.225,466.2368333333334,340.75,30,16
2021,GA,83761,494.365,520.3294047619047,348.63,78,14
2021,GA,89942,459.36,438.6255555555556,303.21,18,1
2021,HI,18350,452.91499999999996,425.1983333333333,196.68,12,1
2021,HI,60612,485.45,468.94363636363636,313.98,11,1
2021,IA,25896,391.525,394.035,299.05,6,7
2021,IA,45819,470.11,452.6020833333334,290.5,12,4
2021,IA,93078,450.76,460.82588235294116,257.41,36,7
2021,IL,20129,552.14,521.7163541666666,349.12,12,8
2021,IL,27833,426.575,424.0564444444445,310.59,15,6
2021,IL,36096,482.99,496.39043010752687,268.19,93,13
2021,IL,44522,444.315,430.4073333333333,279.41,10,3
2021,IL,53882,432.8,426.33599999999996,349.08,15,4
2021,IL,54322,468.86,438.09222222222223,347.18,9,1
2021,IL,65280,496.16999999999996,437.355,288.39,10,1
2021,IL,85773,502.16999999999996,472.9271428571428,291.4,14,1
2021,IN,17575,541.98,550.0699999999999,467.82,4,1
2021,IN,54192,410.67,434.25187165775407,283.51,11,17
2021,IN,76179,473.71000000000004,478.84936274509806,290.51,24,17
2021,KS,18558,511.21500000000003,485.32642857142855,369.97,6,7
2021,KS,39520,528.72,532.7078571428572,243.7,24,7
2021,KS,43490,450.08,434.30333333333334,314.69,12,1
2021,KS,76763,514.48,501.224375,403.99,16,2
2021,KS,80065,498.19,490.0870229007634,361.91,36,7
2021,KS,94248,556.4,533.905,376.14,6,1
2021,KY,36239,472.53,491.2888235294118,247.74,25,8
2021,KY,45636,471.11,449.8067857142857,278.89,12,7
2021,LA,19636,563.24,556.013768115942,379.35,27,8
2021,LA,67243,455.13,563.075,440.63,5,8
2021,LA,97176,890.39,813.403,559.41,5,8
2021,LA,98780,433.96000000000004,454.3445454545454,338.2,22,3
2021,ME,33653,457.915,455.82916666666665,227.63,15,4
2021,ME,48396,422.4,413.73720000000003,205.94,30,4
2021,ME,96667,426.4,420.35459459459463,216.99,11,4
2021,MI,15560,476.71000000000004,477.1202380952381,262.58,8,16
2021,MI,29698,355.125,369.82205555555555,230.79,38,15
2021,MI,40047,314.43,309.3181818181818,259.11,11,4
2021,MI,58594,362.90999999999997,366.8378409090909,222.88,16,11
2021,MI,60829,386.16,408.96326923076924,244.23,14,5
2021,MI,67183,304.6,297.114,240.1,5,3
2021,MI,74917,344.78,357.88573333333335,229.63,5,15
2021,MI,77739,346.16,322.7415384615385,234.43,13,1
2021,MI,98185,413.5,397.39853658536583,199.65,17,16
2021,MO,32753,603.39,611.3854444444445,274.81,15,6
2021,MO,34762,628.33,605.7175000000001,400.94,12,3
2021,MO,47840,447.1,393.283,261.83,10,1
2021,MO,53461,389.03,414.89025974025975,221.34,26,8
2021,MO,69512,482.64,470.9041666666667,336.33,12,1
2021,MO,74483,483.095,499.79125,331.63,23,4
2021,MO,96384,547.0,550.4285714285714,466.0,7,1
2021,MO,99723,504.265,521.9873125,385.56,32,9
2021,MS,79975,457.395,459.11651515151516,396.85,11,6
2021,MS,90714,495.25,516.725303030303,391.58,22,6
2021,MT,23603,503.5,479.0,355.0,10,4
2021,MT,30751,435.33,449.74764705882353,270.32,34,4
2021,MT,32225,401.03499999999997,411.36,265.88,10,4
2021,NC,11512,446.01,451.67264864864865,209.9,88,16
2021,NC,19958,593.5999999999999,570.2888095238095,367.67,6,7
2021,NC,37900,422.48,411.76084337349397,202.25,52,7
2021,NC,69803,602.89,575.1859999999999,403.98,10,1
2021,NC,73943,583.9549999999999,589.671875,371.45,16,10
2021,NC,77264,533.89,523.621216931217,339.15,21,9
2021,ND,37160,481.71500000000003,424.3525,194.2,8,4
2021,ND,73751,395.36,385.426,233.06,14,3
2021,ND,89364,344.525,359.2475,153.53,16,4
2021,NE,20305,514.75,511.86645161290323,259.76,23,4
2021,NE,83653,583.19,612.1263636363636,298.58,22,4
2021,NH,59025,371.84000000000003,360.21416666666664,199.12,12,1
2021,NH,75841,335.55,325.18615384615384,247.2,13,1
2021,NH,96751,311.58,319.194,176.9,10,1
2021,NM,19722,307.14,298.8624444444444,230.84,9,5
2021,NM,39006,374.675,367.56100000000004,254.83,8,5
2021,NM,42776,346.52,336.72825,241.48,8,5
2021,NM,75605,379.37,399.0317142857143,240.68,35,5
2021,NM,75787,281.275,291.37666666666667,211.37,6,5
2021,OH,28162,430.18,462.92999999999995,246.77,37,3
2021,OH,29276,482.225,482.53908088235295,247.34,17,16
2021,OH,29341,383.86,370.65999999999997,253.52,14,2
2021,OH,41047,365.26,357.0697165991903,241.66,19,13
2021,OH,45845,483.96000000000004,460.61800000000005,286.17,12,5
2021,OH,52664,462.625,454.6675,294.98,8,2
2021,OH,64353,357.12,358.5519393939394,269.4,11,15
2021,OH,74313,562.8599999999999,553.5688888888889,351.08,9,2
2021,OH,77552,481.445,472.94107954545456,271.1,11,16
2021,OH,99969,440.55,444.42431111111114,187.61,99,17
2021,OK,21333,491.65999999999997,530.1848571428571,249.76,25,5
2021,OK,28292,500.59000000000003,461.53357142857146,353.33,7,2
2021,OK,40463,470.12,448.83363636363634,308.17,11,1
2021,OK,87571,506.43,503.1729268292683,366.78,41,5
2021,OK,91908,494.82,455.97909090909087,313.51,11,1
2021,OK,98905,482.11,482.11,471.08,2,2
2021,OR,10091,479.0,439.2888888888889,237.0,18,5
2021,OR,39424,491.0,488.15,338.0,18,7
2021,OR,56707,456.0,474.28,309.0,11,7
2021,OR,63474,510.64,503.05185185185184,338.55,9,7
2021,OR,71287,417.0,383.3,298.0,10,5
2021,OR,77969,416.735,437.46,307.24,24,7
2021,SC,16985,486.15,459.46733333333333,220.87,10,6
2021,SC,26065,523.765,479.37713519313303,200.92,26,46
2021,SC,42326,417.31,415.4998347107438,284.59,11,33
2021,SC,79222,461.08,464.89123809523807,294.97,21,30
2021,SD,31195,493.54,508.30020833333333,235.05,16,4
2021,SD,60536,536.4449999999999,537.02,252.29,11,4
2021,TN,14002,520.575,538.1774074074075,295.37,54,8
2021,TN,23552,515.28,499.70576923076925,319.01,13,2
2021,TN,69443,515.32,541.41,384.31,7,5
2021,TN,70111,488.27,481.31857142857143,330.33,19,7
2021,TN,97906,439.71500000000003,441.565,317.99,32,3
2021,TN,99248,436.33000000000004,449.4114583333333,358.09,48,6
2021,TX,20069,413.9,410.5990769230769,264.5,13,5
2021,TX,26539,580.75,568.236388888889,448.92,9,8
2021,TX,27248,491.71,483.43185185185183,379.96,9,3
2021,TX,29418,483.7,503.0311519607843,357.77,68,20
2021,TX,33602,434.555,455.8931666666667,286.37,240,26
2021,TX,40788,452.81,441.42604166666666,375.86,8,6
2021,TX,45786,413.18,380.71658119658116,277.16,13,9
2021,TX,54837,317.41,336.02555555555557,236.46,6,6
2021,TX,66252,432.375,421.83516129032256,248.19,62,7
2021,TX,71837,473.755,481.48499999999996,381.0,4,2
2021,UT,18167,452.3,429.5563636363636,315.96,11,5
2021,UT,22013,462.15,462.47,331.39,7,5
2021,UT,34541,512.65,508.65399999999994,338.6,3,5
2021,UT,42261,523.81,546.4335714285714,324.08,14,6
2021,UT,68781,390.86,418.6794871794872,240.67,26,6
2021,UT,81808,463.27,450.785,359.48,8,3
2021,VA,10207,573.76,469.77333333333337,237.61,3,1
2021,VA,20507,520.43,477.9620930232558,326.01,15,5
2021,VA,24251,501.855,479.4592857142857,386.59,7,2
2021,VA,25922,466.1,477.0736363636363,336.36,11,1
2021,VA,37204,472.525,489.916,398.73,5,4
2021,VA,40308,1358.415,1358.415,1349.34,2,1
2021,VA,41921,447.59,428.5274074074074,342.7,18,3
2021,VA,88380,406.51,421.866,272.27,9,12
2021,VA,95185,518.0,482.6627272727273,290.3,11,3
2021,WI,14630,429.03,422.69314285714285,276.37,7,5
2021,WI,20173,467.86,443.75947368421055,282.12,13,6
2021,WI,37833,462.355,442.8641304347826,231.73,46,7
2021,WI,38166,526.29,529.927840909091,266.26,16,9
2021,WI,38345,432.32,413.8977777777778,229.93,54,7
2021,WI,52697,414.06,423.8484848484849,322.39,11,9
2021,WI,57845,506.4,493.0951020408163,227.37,14,6
2021,WI,58326,370.77,356.8233333333333,273.94,9,1
2021,WI,79475,411.67499999999995,420.5958333333333,343.83,8,3
2021,WI,81413,676.065,601.10375,402.46,16,4
2021,WI,84670,444.61,473.5314583333333,321.38,16,6
2021,WI,86584,509.85,511.3517647058824,279.49,17,7
2021,WI,87416,407.56,420.62349206349205,229.7,9,7
2021,WI,94529,445.85,436.3707594936709,207.86,27,5
2021,WV,31274,729.37,735.9098181818182,426.05,10,11
2021,WV,50328,673.34,690.5770247933884,480.03,11,11
2021,WY,11269,658.35,653.8847222222222,478.41,12,3
2021,WY,38576,663.28,674.4925,565.57,4,3
2022,AK,38344,597.33,580.5871428571429,452.92,7,3
2022,AK,77963,524.0,537.25,416.0,4,3
2022,AL,46944,573.98,553.1134782608696,303.37,8,13
2022,AL,69461,595.74,585.3378571428572,390.7,7,4
2022,AL,73301,521.96,496.166,327.55,15,1
2022,AR,13262,527.57,527.57,448.04,2,7
2022,AR,15724,422.54,436.0807142857143,301.88,28,2
2022,AR,37903,445.57,478.95000000000005,427.27,3,7
2022,AR,62141,405.3,404.4085714285714,311.13,21,7
2022,AR,70525,436.41999999999996,454.8125,382.4,4,7
2022,AR,75293,430.81,426.6744444444444,348.09,9,7
2022,AZ,13877,404.315,408.4344827586207,263.37,29,2
2022,AZ,23435,389.42,399.942,291.24,10,3
2022,AZ,32311,368.22,391.57,293.01,8,1
2022,AZ,40702,350.035,371.09738095238095,287.51,14,3
2022,AZ,53901,552.3800000000001,576.033,266.88,98,7
2022,AZ,87247,315.165,337.2506666666667,233.24,30,2
2022,AZ,91450,459.9,482.74089655172406,319.62,29,5
2022,AZ,97667,470.145,522.1386111111111,376.21,12,3
2022,DE,76168,548.19,526.9846153846154,307.08,13,1
2022,FL,12379,470.28,462.05588732394364,241.51,175,21
2022,FL,16842,661.76,709.7313986013986,354.95,26,67
2022,FL,19898,505.97,520.1805194805195,305.94,14,22
2022,FL,21663,494.44,499.54059920859237,302.24,58,61
2022,FL,30252,513.87,545.5239520958083,335.01,48,53
2022,FL,36194,470.40999999999997,447.55466666666666,195.25,36,5
2022,FL,40572,454.92,444.95488146551725,246.99,64,29
2022,FL,48121,492.08000000000004,491.12470588235294,361.73,17,12
2022,FL,54172,492.04999999999995,490.63648148148144,338.06,10,12
2022,FL,56503,512.26,521.4721621621622,262.51,37,5
2022,FL,66966,519.59,517.9976190476191,426.86,3,7
2022,FL,68398,473.18,461.66739285714283,356.1,20,14
2022,FL,86382,460.51,459.48857142857145,400.3,14,2
2022,FL,92120,466.795,481.8883333333333,342.21,10,6
2022,GA,15105,363.25,376.7152307692308,261.44,13,5
2022,GA,38146,406.725,379.85499999999996,258.31,30,2
2022,GA,43802,476.29499999999996,469.1928125,304.19,16,4
2022,GA,49046,408.33500000000004,414.8563425925926,225.39,48,15
2022,GA,58081,401.48,392.26375,281.97,32,2
2022,GA,60224,385.89,392.80798245614034,231.62,13,10
2022,GA,70893,385.79,386.67713438735177,262.74,41,16
2022,GA,82824,459.02,457.68,365.18,15,3
2022,GA,83761,390.315,401.07982857142855,192.72,33,14
2022,GA,89942,429.82,412.47349999999994,283.61,20,1
2022,GA,90617,332.02,348.56370370370365,229.78,9,6
2022,HI,18350,449.66,410.10571428571427,196.89,7,1
2022,HI,60612,486.61,468.7027272727273,312.56,11,1
2022,IA,25896,439.01,439.5483333333333,347.64,6,7
2022,IA,45819,431.40999999999997,409.6912037037037,263.39,27,4
2022,IA,93078,466.92,474.113237410072,265.72,40,7
2022,IL,11574,407.445,402.4787,280.34,36,3
2022,IL,20129,601.99,569.8332291666667,357.81,12,8
2022,IL,27833,413.405,410.8669540229885,258.49,29,6
2022,IL,32355,398.08,397.89238095238096,357.71,7,3
2022,IL,36096,493.54499999999996,514.5419444444444,274.28,108,13
2022,IL,42529,407.21000000000004,403.65375,289.47,10,4
2022,IL,44522,360.04,363.3808888888889,268.43,15,3
2022,IL,53882,438.11,433.9504,353.63,25,4
2022,IL,54322,480.85,463.8355555555555,355.46,9,1
2022,IL,65280,448.78,421.838,291.58,10,1
2022,IL,85773,574.95,539.5430769230769,350.27,13,1
2022,IN,17575,394.865,424.8203125,310.09,10,11
2022,IN,35755,404.935,424.18465909090907,325.62,8,11
2022,IN,54192,402.93,420.4766515837104,272.86,13,17
2022,IN,76179,434.34,443.5438352941177,305.26,25,17
2022,KS,18558,529.49,516.8185714285714,402.88,6,7
2022,KS,32542,410.14,411.41875,330.32,8,1
2022,KS,34368,458.1,451.0576571428571,332.14,25,7
2022,KS,39520,617.52,633.2025316455696,285.61,26,7
2022,KS,43490,465.71,455.2848275862069,318.01,29,1
2022,KS,76763,534.6800000000001,546.508,427.41,20,2
2022,KS,94248,493.79,514.1833333333333,394.58,9,1
2022,LA,19636,591.94,582.793698630137,396.95,31,8
2022,LA,61604,483.46000000000004,483.62394736842106,363.6,19,2
2022,LA,67243,472.77,578.068,450.95,5,8
2022,LA,69842,688.71,692.1540740740741,475.02,9,3
2022,LA,97176,930.3900000000001,846.6705,581.48,5,8
2022,LA,98780,487.28499999999997,500.09766666666667,355.33,30,3
2022,MI,15560,497.95500000000004,499.31349206349205,273.5,8,16
2022,MI,29698,380.885,391.96933333333334,237.71,40,15
2022,MI,40047,334.26,344.00800000000004,315.91,7,5
2022,MI,58594,342.385,347.3591958041958,217.51,26,11
2022,MI,58996,310.46,313.30125,233.83,8,2
2022,MI,60829,380.66,396.1959016393443,239.93,17,5
2022,MI,71667,335.845,351.0202380952381,253.63,14,3
2022,MI,74917,364.56,371.83831460674156,243.69,7,15
2022,MI,77739,375.82,351.38178571428574,235.0,28,1
2022,MI,98185,414.84,413.5849717514124,218.1,18,16
2022,MO,32753,544.665,554.2070512820513,262.62,13,6
2022,MO,34762,550.9,570.4854545454546,439.89,11,3
2022,MO,47840,424.235,396.486,275.69,10,1
2022,MO,48161,497.0,499.57399999999996,373.16,15,4
2022,MO,53461,427.755,443.3171875,225.62,29,9
2022,MO,69512,447.78999999999996,453.3231034482759,311.24,29,2
2022,MO,74483,538.99,551.393695652174,356.83,33,4
2022,MO,96384,550.0,555.8571428571429,477.0,7,1
2022,MO,99723,498.92,512.4703937007874,348.61,46,10
2022,MS,14624,427.09,462.86199999999997,412.44,5,4
2022,MS,56766,466.22,481.42575,412.57,10,4
2022,MS,79975,495.84000000000003,508.3475925925926,436.99,9,6
2022,MS,90714,479.59000000000003,496.8416049382716,397.43,27,6
2022,MT,23603,431.5,444.5416666666667,330.0,6,4
2022,MT,30751,421.18,441.9927027027027,262.72,37,4
2022,MT,32225,449.76,435.3557692307692,264.96,13,4
2022,NC,11512,478.88,496.8667272727273,221.64,143,16
2022,NC,17414,535.7950000000001,548.1229999999999,325.22,6,5
2022,NC,37900,484.6,510.3872,215.71,90,14
2022,NC,44007,969.4849999999999,932.0485416666667,660.94,3,16
2022,NC,54332,535.44,538.6460606060606,354.9,11,9
2022,NC,61671,543.75,541.51,333.72,5,14
2022,NC,69803,611.1600000000001,584.165294117647,405.43,34,1
2022,NC,73943,620.49,625.7159139784947,397.86,19,10
2022,NC,77264,533.5,536.2335076923076,346.53,25,13
2022,NC,77320,399.12,409.08407407407407,214.41,9,9
2022,ND,37160,486.745,423.4575,190.32,8,4
2022,ND,73751,397.18,403.1365714285714,225.99,14,3
2022,ND,89364,356.34000000000003,368.9119642857143,158.24,16,4
2022,NE,20305,569.855,569.2694565217391,294.87,30,4
2022,NE,26289,550.195,576.6322857142858,390.91,22,4
2022,NE,57424,646.115,659.4865178571429,409.88,28,4
2022,NE,83653,587.55,605.6382222222222,253.51,30,4
2022,NH,59025,378.58,368.39454545454544,221.72,11,1
2022,NH,75841,321.23,328.1952631578947,264.34,19,1
2022,NH,96751,306.66,302.7892857142857,191.44,14,1
2022,OH,28162,459.77,497.2097894736842,259.8,39,3
2022,OH,29276,478.44,486.9404844290657,233.17,17,17
2022,OH,29341,409.56,415.0494117647059,253.45,51,2
2022,OH,41047,416.90999999999997,418.700582010582,302.57,27,14
2022,OH,45845,508.61,510.3045806451613,306.75,31,5
2022,OH,52664,373.32500000000005,374.04205882352943,224.65,17,2
2022,OH,64353,403.345,412.39303571428576,318.9,7,16
2022,OH,74313,490.57,499.6913636363636,335.61,11,2
2022,OH,77552,480.4,477.2398617511521,278.57,13,17
2022,OH,99969,468.28,465.8070833333333,209.71,100,17
2022,OK,21333,498.92499999999995,542.0806818181818,263.51,27,5
2022,OK,40463,487.07,468.93266666666665,329.92,15,1
2022,OK,45480,455.33000000000004,463.45200000000006,385.88,10,2
2022,OK,62505,457.65,461.8547619047619,354.48,21,2
2022,OK,87571,522.97,522.6594642857143,368.83,56,5
2022,OK,91538,365.1,388.2761111111111,280.94,9,2
2022,OK,91908,483.0,461.0118518518518,326.66,27,1
2022,OK,98905,477.32,418.25857142857143,250.5,7,2
2022,OR,10091,494.0,452.73015873015873,229.0,9,7
2022,OR,39424,488.5,485.4387755102041,336.0,22,7
2022,OR,56707,457.5,468.8,308.0,11,7
2022,OR,63474,541.19,535.5371428571428,364.24,3,7
2022,OR,71287,427.0,399.96,313.0,10,5
2022,OR,77969,465.99,470.78728971962613,308.71,27,7
2022,SC,16985,421.78499999999997,430.77122222222226,238.94,45,12
2022,SC,26065,492.65,464.39561124694376,194.51,25,46
2022,SC,42326,488.74,490.46355481727574,355.67,7,43
2022,SC,79222,445.01,448.4292942176871,246.89,28,42
2022,SD,31195,469.95,486.0052083333333,223.52,16,4
2022,SD,60536,479.96500000000003,532.7638461538462,255.14,17,4
2022,TN,14002,553.76,556.2534939759037,322.52,83,8
2022,TN,23552,457.845,471.4240625,298.5,16,2
2022,TN,69443,519.435,522.6418333333334,332.45,10,6
2022,TN,70111,454.59,452.2082857142857,319.93,25,7
2022,TN,97906,421.65,430.53000000000003,309.86,93,6
2022,TN,99248,457.425,469.8902777777778,383.94,12,6
2022,TX,17933,487.0,487.14285714285717,399.0,7,1
2022,TX,20069,448.585,432.5555392156863,260.09,68,5
2022,TX,26539,535.635,519.78575,396.44,10,8
2022,TX,27248,453.32,444.32814814814816,334.23,9,3
2022,TX,29418,523.03,538.514446511628,383.41,86,21
2022,TX,33602,477.03499999999997,481.95577181208057,298.21,298,26
2022,TX,40220,441.7,424.14076923076925,291.32,13,5
2022,TX,40788,462.44,444.9724074074074,367.11,9,6
2022,TX,45786,473.66,475.1648148148148,432.16,9,9
2022,TX,54837,375.6,374.5499074074074,248.06,9,12
2022,TX,58840,441.84000000000003,447.1875,327.65,20,4
2022,TX,63251,566.435,566.435,557.24,2,1
2022,TX,66252,449.25,436.46886363636366,259.6,88,8
2022,TX,71837,427.2,486.14799999999997,395.18,5,2
2022,TX,87226,502.43,529.2590361445783,392.52,23,21
2022,TX,98312,378.41,374.6573333333333,234.43,75,3
2022,UT,18167,457.71,501.57457142857146,442.3,7,5
2022,UT,22013,418.64,420.28625000000005,288.81,12,5
2022,UT,34541,446.29499999999996,448.3835,321.48,4,5
2022,UT,39889,443.755,412.8788333333333,236.67,15,4
2022,UT,42261,527.53,523.0675609756098,330.93,17,6
2022,UT,68781,383.51,409.4548936170213,252.65,34,6
2022,UT,81808,502.13,478.99969696969697,387.55,11,3
2022,VA,10207,535.61,431.5566666666667,194.95,3,1
2022,VA,20507,496.77,463.50114285714284,314.36,7,5
2022,VA,24251,433.41999999999996,422.2675,327.96,12,3
2022,VA,25922,456.015,452.067,319.25,30,1
2022,VA,25928,460.83,448.2497435897436,279.12,26,3
2022,VA,37204,385.28,399.206,340.8,10,4
2022,VA,38234,515.02,506.028,352.97,10,3
2022,VA,40308,1153.74,1153.74,1149.08,2,1
2022,VA,41921,459.68,440.0369642857143,350.92,28,4
2022,VA,86443,461.89,459.326,357.23,5,1
2022,VA,88380,398.9,408.36777777777775,272.61,10,12
2022,VA,95185,436.35,417.98846153846154,241.54,13,3
2022,WI,14630,431.73,431.33000000000004,286.39,8,5
2022,WI,20173,466.24,446.5436,289.8,17,6
2022,WI,37833,490.49,478.1161515151515,254.9,88,11
2022,WI,38166,455.58,450.15808333333337,216.52,30,9
2022,WI,38345,431.67,423.6365441176471,221.8,54,8
2022,WI,52697,473.17,482.921746031746,407.97,7,9
2022,WI,57845,523.1800000000001,522.1341666666667,241.1,16,7
2022,WI,58326,376.54,364.75666666666666,277.23,9,1
2022,WI,79475,371.03,375.3559375,304.88,8,4
2022,WI,81413,472.93,528.3341666666666,295.95,18,4
2022,WI,84670,431.67,452.14302083333337,311.54,16,6
2022,WI,86584,440.9,455.02309523809527,250.35,12,7
2022,WI,87416,447.46500000000003,433.4993142857143,228.09,55,8
2022,WI,94529,439.53,432.13284313725495,273.42,34,5
2022,WV,31274,858.66,792.5532231404959,425.56,11,11
2022,WV,50328,767.12,765.065041322314,505.72,11,11
2022,WY,11269,652.575,653.6628571428571,477.61,14,3
2022,WY,38576,644.21,639.6,532.93,7,3
2023,AK,38344,715.68,677.8225925925925,513.79,9,3
2023,AK,77963,656.0,610.6666666666666,440.0,7,3
2023,AL,46944,567.49,552.6862878787879,296.33,12,13
2023,AL,53932,543.74,537.9929861111111,384.62,18,8
2023,AL,69461,656.26,624.0699107142857,449.07,14,8
2023,AR,13262,520.845,526.7975,425.46,4,7
2023,AR,37903,459.21,492.97200000000004,415.54,5,7
2023,AR,62141,435.56,440.04347826086956,353.52,23,7
2023,AR,70525,460.86,473.9142857142857,395.33,7,7
2023,AR,75293,451.54999999999995,466.3375,372.26,12,7
2023,AZ,13877,411.12,424.3373809523809,273.94,21,2
2023,AZ,23435,473.01,492.96611111111116,274.41,9,6
2023,AZ,32311,458.855,452.73400000000004,321.9,10,1
2023,AZ,40702,392.56,403.9081666666667,289.7,20,3
2023,AZ,53901,634.23,640.104251497006,302.07,137,7
2023,AZ,85533,469.51,489.43199999999996,385.15,5,1
2023,AZ,91450,425.47,453.6575141242938,294.76,39,5
2023,AZ,97667,459.21000000000004,528.8553703703703,379.98,18,3
2023,DE,67190,548.97,523.4488888888889,403.18,9,1
2023,DE,72760,497.78499999999997,493.635,404.78,4,1
2023,DE,76168,556.33,558.1288235294118,318.89,17,1
2023,FL,16842,688.05,752.1199584076054,351.71,34,67
2023,FL,18628,500.19,501.44308270676686,347.95,35,19
2023,FL,19898,632.51,653.2306735751296,359.92,88,22
2023,FL,21663,508.99,517.2068451612903,322.6,50,62
2023,FL,30252,540.38,577.7726531728665,358.15,75,59
2023,FL,36194,464.06,460.97243478260873,212.57,26,5
2023,FL,40572,486.83,470.393275862069,259.95,52,29
2023,FL,48121,499.57500000000005,525.4131944444445,394.18,24,12
2023,FL,54172,508.91499999999996,516.9493877551021,354.8,9,12
2023,FL,56503,519.9,539.5964888888889,268.07,45,5
2023,FL,66966,520.8199999999999,543.565925925926,344.77,6,9
2023,FL,67926,473.71000000000004,466.55,336.31,4,3
2023,FL,68398,547.555,555.4764285714286,378.65,20,21
2023,FL,86382,488.38,499.84703448275854,347.01,22,42
2023,FL,92120,488.395,503.6392857142857,362.44,14,6
2023,GA,15105,393.345,397.10622807017546,278.33,19,6
2023,GA,43802,563.31,572.0457894736842,365.72,19,6
2023,GA,49046,472.52,486.226875,240.49,64,16
2023,GA,58081,433.53999999999996,415.5763461538462,296.86,26,2
2023,GA,60224,430.20500000000004,444.92661764705883,253.91,17,8
2023,GA,70893,400.40999999999997,411.54186594202895,265.09,57,16
2023,GA,82824,434.52,434.66047619047623,328.71,21,3
2023,GA,83761,415.17,426.3217380352645,203.5,37,13
2023,GA,89942,460.20000000000005,441.25884615384615,300.92,26,1
2023,GA,90617,392.02,394.45565656565657,213.74,22,9
2023,HI,18350,439.16,414.79714285714283,177.45,7,1
2023,HI,60612,482.2,471.29533333333336,329.12,15,1
2023,IA,25896,448.02,436.5564,345.69,12,7
2023,IA,45819,424.59000000000003,409.5196875,260.6,16,4
2023,IA,93078,509.51,517.661048951049,276.77,44,7
2023,IL,11574,384.55,387.3650847457627,287.58,29,3
2023,IL,20129,630.79,613.4219642857142,348.25,14,8
2023,IL,27833,442.49,448.98837962962966,275.72,36,6
2023,IL,32355,409.42499999999995,409.5838888888889,392.57,6,3
2023,IL,36096,543.06,557.3701913875598,294.48,209,13
2023,IL,42529,464.8,519.6173529411765,333.81,17,6
2023,IL,53882,432.68,443.88219512195116,352.98,33,4
2023,IL,54322,514.44,483.03875,375.42,8,1
2023,IL,65280,484.97,448.49384615384616,285.24,13,1
2023,IL,85773,643.76,605.4383333333333,387.15,18,1
2023,IL,99129,445.77,427.0961111111111,342.04,9,2
2023,IN,17575,405.65,417.47699633699636,310.35,21,13
2023,IN,35755,397.34,422.13959595959597,341.85,9,11
2023,IN,54192,438.91,466.3313574660633,302.23,13,17
2023,IN,76179,443.9,460.657261663286,297.44,29,17
2023,IN,94419,373.16,389.856875,324.44,16,3
2023,KS,18558,590.9749999999999,566.6211428571429,426.19,10,7
2023,KS,32542,442.99,406.3233333333333,315.87,9,1
2023,KS,34368,495.75,490.775,338.07,28,7
2023,KS,39520,636.33,665.8333333333334,315.72,15,6
2023,KS,43490,440.52,428.1766666666666,307.46,15,1
2023,KS,76763,640.52,632.0876000000001,492.11,25,2
2023,KS,94248,587.005,597.4125,399.8,12,1
2023,KS,94968,477.59000000000003,460.36047619047616,332.49,14,3
2023,LA,19636,591.115,583.5318867924528,408.49,36,8
2023,LA,61604,557.5699999999999,562.0147222222222,391.49,24,3
2023,LA,67243,626.54,636.714375,480.64,8,8
2023,LA,69842,698.6500000000001,677.3885416666667,502.85,12,4
2023,LA,97176,712.2950000000001,663.8842187500001,449.17,8,8
2023,LA,98780,539.0,544.0766666666667,379.11,39,3
2023,MI,15560,517.77,513.0088111888111,263.23,9,16
2023,MI,29698,392.31,408.9860153256705,256.95,59,15
2023,MI,40047,350.345,352.8313888888889,329.95,6,6
2023,MI,58594,397.76,401.31016835016834,232.08,27,11
2023,MI,58996,313.23,312.60999999999996,228.67,9,4
2023,MI,60829,408.94,377.69626373626375,256.21,39,7
2023,MI,71667,359.45,360.2104705882353,271.11,17,5
2023,MI,74917,435.04,428.83,258.9,13,15
2023,MI,77739,351.895,342.30833333333334,233.48,18,1
2023,MI,98185,397.18,425.6341694915254,236.12,34,16
2023,MO,32753,560.105,559.3346666666667,249.08,15,6
2023,MO,34762,660.63,660.973125,428.34,16,3
2023,MO,47840,491.35,438.2529411764706,274.23,17,1
2023,MO,48161,520.04,522.8817777777778,367.0,27,5
2023,MO,53461,518.245,526.5058139534884,262.4,29,8
2023,MO,69512,448.19,445.603,319.32,15,2
2023,MO,74483,643.17,647.2639534883721,450.89,29,4
2023,MO,95426,489.525,483.31624999999997,359.2,14,4
2023,MO,96384,537.0,528.3333333333334,424.0,9,1
2023,MO,99723,572.055,577.9334516129032,374.26,34,10
2023,MS,14624,446.965,481.6275,414.77,8,6
2023,MS,56766,478.49,504.44960000000003,412.47,15,5
2023,MS,79975,550.75,544.6847916666667,480.79,8,6
2023,MS,90714,490.495,509.4214666666667,393.26,25,6
2023,MS,97560,560.87,585.9705,430.72,16,5
2023,MT,23603,545.5,517.75,381.0,9,4
2023,MT,30751,463.41,478.28492307692306,278.18,65,4
2023,MT,32225,467.17499999999995,455.7764864864865,244.24,23,4
2023,NC,11512,509.925,531.7605142857143,236.12,182,16
2023,NC,13591,629.68,592.1046666666666,438.97,15,1
2023,NC,17414,446.02,462.17749999999995,291.08,4,5
2023,NC,44007,963.0550000000001,947.0426041666666,721.01,6,16
2023,NC,54332,620.77,627.6061111111111,404.05,18,9
2023,NC,61671,506.605,495.685873015873,303.71,9,14
2023,NC,69803,641.49,600.6409523809523,410.69,21,1
2023,NC,73943,606.185,628.1948863636363,378.63,16,11
2023,NC,77264,519.9449999999999,521.4765,344.89,45,13
2023,NC,77320,488.515,496.5870707070707,240.2,22,9
2023,ND,37160,501.62,441.31916666666666,194.84,13,4
2023,ND,73751,418.4,419.902,210.6,25,3
2023,ND,89364,410.39,404.8867857142857,167.55,24,4
2023,NE,20305,584.625,592.7781355932204,310.4,39,4
2023,NE,26289,556.865,566.5288709677419,376.9,31,4
2023,NE,29678,584.74,587.2274725274725,419.42,78,4
2023,NE,57424,683.075,692.37484375,456.96,16,4
2023,NH,59025,423.46000000000004,413.6692857142857,338.2,14,1
2023,NH,75841,361.445,358.04,294.11,22,1
2023,NH,96751,322.81,311.2663157894737,200.77,19,1
2023,OH,28162,469.755,504.6881730769231,265.82,42,3
2023,OH,29276,507.23,508.419446366782,241.55,17,17
2023,OH,29341,428.02,417.3158536585366,274.53,41,2
2023,OH,33931,433.54499999999996,434.2869791666667,343.7,16,6
2023,OH,41047,450.77,450.3568333333333,318.69,30,14
2023,OH,45845,542.14,532.629037037037,324.83,27,5
2023,OH,52664,409.54999999999995,411.55725,244.22,20,2
2023,OH,64353,480.32,481.68291666666664,380.82,6,16
2023,OH,74313,516.31,508.9029411764706,333.02,17,2
2023,OH,77552,516.94,520.9411764705883,293.66,12,17
2023,OH,99969,480.06,493.7285121107267,225.58,107,17
2023,OK,21333,529.14,579.8255555555556,281.67,26,5
2023,OK,45480,592.7,547.832,446.51,15,2
2023,OK,62505,495.025,497.2660714285714,358.61,21,4
2023,OK,87571,569.365,584.9548809523809,417.24,84,5
2023,OK,91538,499.91,498.29897727272726,314.45,22,4
2023,OK,91908,433.15,425.1526666666667,310.61,15,1
2023,OK,98905,531.0,467.19666666666666,268.39,12,2
2023,OR,10091,489.0,495.3,258.0,10,7
2023,OR,39424,519.0,517.7850467289719,362.0,24,7
2023,OR,56707,487.0,504.34,326.0,11,7
2023,OR,63474,535.81,547.0247619047619,382.23,3,7
2023,OR,71287,454.0,424.8181818181818,325.0,11,5
2023,OR,77969,478.39,490.6843333333333,321.19,18,7
2023,SC,26065,529.54,499.33666315789475,217.53,38,46
2023,SC,42326,512.925,517.7564728682171,394.03,6,43
2023,SC,73033,472.84,494.04973684210523,368.29,19,4
2023,SC,73107,453.99,467.8783823529412,294.91,4,17
2023,SC,79222,488.315,494.0421655518395,291.42,26,46
2023,SD,31195,536.485,570.895,268.9,24,4
2023,SD,50305,682.16,636.2385714285714,541.23,7,1
2023,SD,60536,571.0799999999999,587.9501515151514,282.34,33,4
2023,TN,14002,530.39,539.9323936170213,338.25,188,8
2023,TN,23552,498.505,497.52476190476193,308.62,21,2
2023,TN,31663,467.175,469.09000000000003,342.24,9,2
2023,TN,69443,542.0,570.5847916666667,368.43,16,6
2023,TN,70111,481.31,471.744331797235,323.39,35,8
2023,TN,99248,491.31,515.6701754385965,415.44,19,6
2023,TX,17933,456.5,446.0,321.0,10,1
2023,TX,20069,464.765,463.5098611111111,335.67,32,8
2023,TX,26539,559.98,550.0758585858586,436.19,9,11
2023,TX,27248,477.1,461.6204651162791,322.81,13,4
2023,TX,29418,524.0550000000001,525.243598901099,418.23,14,26
2023,TX,33602,460.28,478.2506429780034,277.21,591,27
2023,TX,34826,483.145,471.51,373.09,6,1
2023,TX,40220,492.59000000000003,487.7448015873016,334.76,18,14
2023,TX,40788,458.48,464.95299145299145,348.86,9,13
2023,TX,45786,516.7,520.1505194805194,438.77,7,11
2023,TX,57125,459.5,458.75925925925924,333.48,9,3
2023,TX,58840,478.92,484.76362499999993,287.23,48,10
2023,TX,63251,535.9,529.0375,504.09,4,1
2023,TX,66252,476.905,466.6745714285714,274.49,140,10
2023,TX,71837,425.66,490.2088888888889,369.81,9,1
2023,TX,76589,423.66999999999996,422.46708333333333,303.84,18,4
2023,TX,87226,512.415,507.81232876712335,374.57,28,26
2023,UT,18167,596.21,610.2513333333334,564.9,6,5
2023,UT,22013,471.83500000000004,469.2851785714286,311.62,13,5
2023,UT,34541,473.67,476.08150000000006,339.1,4,5
2023,UT,42261,535.975,564.6164285714286,376.11,16,5
2023,UT,68781,513.2,539.1472222222222,309.5,44,6
2023,UT,81808,499.76,501.50874999999996,400.78,16,3
2023,VA,10207,438.75,387.238,163.2,5,1
2023,VA,20507,403.48,375.95233333333334,281.28,9,10
2023,VA,24251,391.155,372.3754761904762,291.68,14,3
2023,VA,25922,377.22,386.6347619047619,270.82,21,1
2023,VA,37204,311.72,323.673,271.86,5,8
2023,VA,38234,393.34000000000003,391.1891666666666,331.06,8,3
2023,VA,40308,837.0,837.9225,825.47,4,1
2023,VA,41921,365.775,342.0434523809524,282.37,21,4
2023,VA,86443,348.15,338.6277777777778,260.68,9,1
2023,VA,88380,389.855,377.52005952380955,235.85,14,12
2023,VA,93187,386.25,379.1677777777778,279.65,18,3
2023,VA,95185,374.94,367.1805882352941,192.35,17,3
2023,WI,14630,441.505,438.3131666666667,286.36,12,5
2023,WI,20173,463.85,451.0361904761905,276.53,26,6
2023,WI,37833,542.06,538.1374166666667,288.77,144,12
2023,WI,38166,510.18,519.2509868421052,221.2,32,9
2023,WI,38345,447.2,436.7560975609756,211.88,104,8
2023,WI,52697,571.4100000000001,581.9196296296296,468.68,6,9
2023,WI,57845,521.9300000000001,531.7592222222222,243.19,27,7
2023,WI,58326,416.27,392.9225,302.12,8,1
2023,WI,79475,459.5,477.56703846153846,329.32,65,16
2023,WI,81413,497.70000000000005,541.312,326.08,20,4
2023,WI,86584,495.66999999999996,497.65785714285715,261.19,14,7
2023,WI,87416,459.38,474.2733451957295,237.83,37,8
2023,WI,94529,458.36,455.02261904761906,272.3,42,5
2023,WV,31274,827.61,791.6558741258741,432.16,13,11
2023,WV,50328,824.47,814.9823776223776,568.35,13,11
2023,WY,11269,769.48,770.4907407407408,586.01,18,3
2023,WY,38576,708.39,683.8614285714286,572.59,7,3
2024,AK,38344,832.2,791.7033333333334,613.96,9,3
2024,AK,73836,767.0,709.2380952380952,512.0,7,3
2024,AL,46944,581.675,574.6811363636364,303.22,12,13
2024,AL,53932,574.8900000000001,587.5417676767677,402.67,18,11
2024,AL,69461,557.97,546.2685714285714,351.11,14,12
2024,AR,13262,443.47,453.946,376.41,5,7
2024,AR,37903,463.58,499.88199999999995,427.05,5,7
2024,AR,48772,435.12,455.422,374.33,5,7
2024,AR,62141,453.825,461.24363636363637,381.32,22,7
2024,AR,70525,459.73,473.4914285714286,400.43,7,7
2024,AR,75293,488.58000000000004,487.6275,386.07,8,7
2024,AZ,13877,373.57,379.4007692307692,236.62,13,3
2024,AZ,23435,479.275,499.580909090909,289.59,11,6
2024,AZ,32311,533.67,477.6922222222222,338.31,9,1
2024,AZ,40702,433.21000000000004,448.4645,293.19,15,4
2024,AZ,53901,596.77,605.4326086956521,286.56,131,7
2024,AZ,85533,528.03,562.0336,346.0,5,5
2024,AZ,91450,441.21,464.8897122302158,320.96,29,5
2024,AZ,97667,645.505,617.3774999999999,437.81,12,2
2024,DE,64004,585.825,581.4870833333333,484.21,24,1
2024,DE,67190,557.81,551.2933333333334,529.34,6,1
2024,DE,72760,484.14,474.28000000000003,383.57,6,1
2024,DE,76168,573.21,568.2316666666667,345.19,18,1
2024,FL,16842,783.375,840.1260285714285,393.2,28,67
2024,FL,18628,503.27,507.52189300411527,371.25,9,27
2024,FL,19898,630.91,666.6414285714286,427.99,83,22
2024,FL,21663,499.105,514.771122311828,347.71,48,62
2024,FL,30252,609.655,654.943411764706,415.29,60,61
2024,FL,36194,502.91499999999996,481.29606249999995,230.88,19,10
2024,FL,40572,515.83,506.46938775510205,294.65,27,30
2024,FL,48121,524.975,539.010641025641,370.61,13,12
2024,FL,54172,522.64,541.6451818181819,366.51,10,12
2024,FL,56503,530.45,541.3176,286.67,35,5
2024,FL,66966,518.775,552.9083333333333,363.21,6,9
2024,FL,67926,493.095,508.9238888888888,368.98,6,3
2024,FL,68398,577.715,576.0656628787879,403.61,16,33
2024,FL,86382,501.79499999999996,515.6947552447552,349.56,20,42
2024,GA,15105,499.025,531.1530555555555,380.43,12,6
2024,GA,43802,597.155,607.0364583333334,445.98,16,6
2024,GA,45334,444.235,441.9,373.15,6,5
2024,GA,49046,519.23,530.56364,253.39,55,16
2024,GA,58081,403.58,408.0221153846154,261.21,13,4
2024,GA,60224,549.64,542.5193333333333,337.84,15,8
2024,GA,70893,455.445,459.1119668246445,312.53,32,16
2024,GA,82824,479.555,474.003,315.13,10,6
2024,GA,83761,481.43,500.0966025641026,254.55,48,13
2024,GA,89942,516.02,492.615,342.22,24,1
2024,HI,18350,488.06,465.05428571428564,211.88,7,1
2024,HI,60612,480.35,477.38090909090903,359.82,11,1
2024,IA,25896,411.45,402.8064,310.55,12,7
2024,IA,45819,433.99,419.58483516483517,257.11,26,7
2024,IA,93078,551.21,552.8938036809816,328.13,47,7
2024,IL,11574,405.21,407.25666666666666,283.11,20,4
2024,IL,20129,713.4300000000001,688.1622727272727,373.15,11,8
2024,IL,27833,499.57,512.5530769230769,344.35,26,7
2024,IL,32355,431.37,446.82952380952383,401.07,7,3
2024,IL,36096,566.105,582.7832110091744,290.47,218,13
2024,IL,42529,464.445,479.53364583333337,353.13,16,6
2024,IL,53882,452.055,462.7722222222222,394.6,14,4
2024,IL,54322,559.565,556.135,525.85,5,2
2024,IL,65280,590.01,554.6290909090909,330.51,11,1
2024,IL,72547,639.89,633.4851851851852,483.01,9,3
2024,IL,85773,621.415,632.6472727272727,354.65,44,1
2024,IL,99129,438.39,475.10777777777776,334.06,27,5
2024,IN,17575,386.845,409.5417410714286,274.85,14,16
2024,IN,35755,439.93,468.2635714285715,386.66,7,4
2024,IN,54192,456.0,504.05775910364144,319.13,21,17
2024,IN,76179,462.01,477.2363122171946,361.92,26,17
2024,IN,94419,426.58000000000004,440.6025,377.75,12,3
2024,IN,96992,429.12,446.43222222222226,347.46,9,5
2024,KS,18558,645.52,621.7998412698413,491.64,9,7
2024,KS,32542,514.47,467.4642857142857,360.64,7,1
2024,KS,34368,540.94,554.9202976190476,377.86,24,7
2024,KS,39520,614.45,623.4578947368421,412.74,14,3
2024,KS,43490,462.06,452.58166666666665,302.49,12,4
2024,KS,84600,467.82,451.5216666666667,343.9,9,2
2024,KS,94248,565.11,540.7581818181818,381.94,11,1
2024,KS,94968,542.7750000000001,519.8040277777777,370.11,12,6
2024,LA,19636,623.87,599.0020689655172,407.17,31,8
2024,LA,69842,694.5799999999999,650.7218333333333,491.6,12,5
2024,LA,90787,559.685,571.5012121212121,440.19,22,3
2024,LA,97176,747.5,685.8534722222222,470.44,9,8
2024,LA,98780,577.07,579.0996296296297,403.83,27,3
2024,MI,15560,542.77,530.878041958042,271.5,9,16
2024,MI,29698,430.33,445.32562814070354,281.74,49,15
2024,MI,40047,373.385,375.2238095238095,335.05,7,6
2024,MI,58594,409.495,416.0201851851852,264.12,27,12
2024,MI,60829,430.935,393.13057142857144,270.74,10,7
2024,MI,71667,397.02,398.59862499999997,297.57,16,5
2024,MI,74917,523.56,510.2616666666667,302.75,12,15
2024,MI,77739,364.685,350.9141666666667,240.79,12,1
2024,MI,98185,433.98,454.1266165413534,261.3,27,16
2024,MO,32753,574.425,573.8190277777778,261.45,12,6
2024,MO,34762,626.45,628.1813333333333,413.34,15,3
2024,MO,47840,579.685,518.6178571428571,295.1,14,1
2024,MO,48161,540.9100000000001,543.9498148148149,426.2,27,6
2024,MO,53461,500.995,515.1695555555556,252.94,30,8
2024,MO,69512,503.91999999999996,499.545625,334.06,12,4
2024,MO,95426,558.47,573.7085714285714,379.93,13,7
2024,MO,96384,514.0,519.625,429.0,8,1
2024,MO,99723,566.405,569.8076785714286,363.31,28,10
2024,MS,14624,489.14,520.8108333333333,435.82,8,6
2024,MS,56766,487.31,528.3546666666666,416.72,12,5
2024,MS,79975,528.4549999999999,540.2007407407408,462.83,9,6
2024,MS,90714,514.875,540.2957971014494,456.06,23,6
2024,MS,97560,566.525,587.2046153846154,462.67,13,6
2024,MT,23603,560.0,532.6666666666666,394.0,9,4
2024,MT,30751,490.81,506.6798360655738,275.59,61,4
2024,MT,32225,520.29,487.9252173913043,272.36,21,4
2024,NC,11512,491.2,501.0428464419476,256.99,146,16
2024,NC,13591,586.31,585.5878571428572,452.2,14,1
2024,NC,17414,444.025,451.06666666666666,306.19,6,5
2024,NC,44007,1027.6399999999999,1006.771875,738.08,6,16
2024,NC,54332,606.75,589.3327407407407,380.25,15,9
2024,NC,61671,511.125,506.1874675324675,336.62,11,14
2024,NC,69803,504.78,509.7325641025641,285.03,13,3
2024,NC,73943,636.04,635.6662937062937,397.86,11,13
2024,NC,77264,519.5,519.867186440678,372.3,45,13
2024,ND,37160,520.22,467.0104347826087,200.88,14,4
2024,ND,73751,432.32,439.01135593220334,200.36,27,3
2024,ND,89364,427.49,416.51010989010985,183.07,26,4
2024,NE,20305,640.71,658.2359595959596,435.55,32,4
2024,NE,26289,566.925,576.5098076923076,424.5,26,4
2024,NE,29678,646.575,669.4027083333333,462.95,29,4
2024,NE,57424,643.425,646.4057692307692,398.96,13,4
2024,NH,59025,395.95,389.6807692307693,316.22,13,1
2024,NH,75841,368.51,360.337,288.46,20,1
2024,NH,96751,329.485,313.20642857142855,221.03,14,1
2024,OH,28162,468.96500000000003,502.0156818181818,290.7,16,3
2024,OH,29276,526.44,542.5744957983193,266.99,14,17
2024,OH,29341,433.84,426.03785714285715,275.47,14,5
2024,OH,33931,475.365,480.1633125,388.21,16,10
2024,OH,41047,482.305,479.2101666666667,372.65,24,15
2024,OH,45845,569.31,580.2704,399.49,15,5
2024,OH,52664,418.14,421.74535714285713,263.29,14,2
2024,OH,64353,487.33500000000004,491.3699107142857,397.6,7,16
2024,OH,74313,594.205,575.075,370.74,18,2
2024,OH,77552,558.13,621.9559191176471,347.76,16,17
2024,OH,84867,462.33500000000004,481.27629629629627,361.13,9,6
2024,OH,99969,522.75,517.5055947136564,210.87,16,17
2024,OK,21333,487.6,479.92254237288137,270.85,20,4
2024,OK,45480,579.1949999999999,551.9503846153847,427.29,13,2
2024,OK,58944,627.865,605.715,493.22,6,1
2024,OK,62505,551.925,558.0472727272727,405.36,22,5
2024,OK,87571,613.59,606.2616129032258,437.01,93,5
2024,OK,91908,486.85,456.42454545454547,324.23,11,2
2024,OK,98905,548.52,488.64181818181817,237.48,11,3
2024,OR,10091,570.5,546.1857142857143,368.0,10,7
2024,OR,39424,546.0,533.4953271028037,362.0,24,7
2024,OR,56707,536.0,554.3064516129032,346.0,11,7
2024,OR,63474,590.96,592.7309523809524,412.97,3,7
2024,OR,71287,489.0,462.5090909090909,355.0,11,5
2024,OR,77969,512.41,519.0308045977011,337.83,17,7
2024,SC,26065,545.61,516.5475648702594,222.66,51,46
2024,SC,33764,515.85,515.1704013377927,321.58,13,23
2024,SC,42326,525.11,538.8564126984127,426.03,7,45
2024,SC,73033,519.8199999999999,518.0656818181818,383.36,11,4
2024,SC,73107,455.19,462.85480392156865,302.6,6,17
2024,SC,79222,496.37,497.0359782608695,332.09,24,46
2024,SD,31195,553.95,581.3137179487179,258.11,26,4
2024,SD,50305,605.775,595.5507142857142,456.85,14,2
2024,SD,60536,587.7950000000001,632.66390625,371.26,32,4
2024,TN,14002,526.65,565.0037931034483,357.74,116,8
2024,TN,23552,506.83500000000004,514.4371428571428,308.9,14,3
2024,TN,31663,534.31,492.5,381.59,7,1
2024,TN,69443,592.45,602.7069230769231,389.69,13,7
2024,TN,70111,519.84,514.582476635514,349.88,32,8
2024,TN,99248,522.115,533.34375,433.33,12,6
2024,TX,17933,498.0,486.9,360.0,10,1
2024,TX,20069,489.92,497.5299328859061,375.07,21,14
2024,TX,27248,539.93,508.7307692307692,320.98,12,4
2024,TX,29418,559.92,558.339014423077,391.6,16,26
2024,TX,33602,489.91499999999996,495.5265646258503,264.82,588,27
2024,TX,34826,564.825,531.3992857142857,361.25,7,6
2024,TX,40220,512.79,516.1964734299517,349.03,20,24
2024,TX,40788,507.88,499.8707692307692,351.26,9,13
2024,TX,45786,556.4549999999999,559.9553409090909,436.58,8,11
2024,TX,57125,499.85,477.6092857142857,370.14,7,2
2024,TX,58840,496.18,502.71166666666664,427.92,64,12
2024,TX,63251,526.165,525.2,475.35,4,1
2024,TX,66252,456.995,456.0909,275.55,100,10
2024,TX,71837,500.615,468.341,347.88,10,1
2024,TX,76589,461.19,463.19115384615384,319.76,13,4
2024,TX,87226,546.7149999999999,545.4326712328767,404.73,28,26
2024,UT,18167,564.02,582.4334285714285,528.82,7,5
2024,UT,22013,510.845,506.11153846153843,354.37,14,5
2024,UT,34541,529.25,548.3573333333334,385.43,3,5
2024,UT,38927,485.6,493.8611111111111,336.03,9,4
2024,UT,42261,586.72,620.0733333333333,369.82,15,5
2024,UT,68781,615.6800000000001,647.0235294117647,381.03,25,6
2024,UT,81808,466.33,485.42555555555555,417.12,9,1
2024,UT,98113,526.12,532.929,388.07,5,2
2024,WI,14630,496.725,491.2155,319.83,12,5
2024,WI,20173,487.53,479.4401785714286,287.98,19,6
2024,WI,37833,581.535,556.6716233766233,283.11,44,12
2024,WI,38166,513.09,516.2753947368421,228.69,32,9
2024,WI,38345,472.80499999999995,441.3738947368421,215.22,86,7
2024,WI,52697,597.79,592.9607936507937,480.11,7,9
2024,WI,57845,553.13,569.8779761904761,391.96,25,7
2024,WI,58326,453.54,425.80285714285714,325.96,7,1
2024,WI,79475,502.41999999999996,524.6517355371901,334.91,77,16
2024,WI,80180,458.075,449.43652777777777,343.87,12,6
2024,WI,81413,507.69000000000005,540.0055555555556,349.74,18,4
2024,WI,86584,511.695,505.4178571428572,277.12,14,7
2024,WI,87416,505.11,515.5452195121951,248.05,31,7
2024,WI,94529,526.98,508.5403125,303.42,34,4
2024,WV,31274,824.85,803.4131515151516,456.31,15,11
2024,WV,50328,898.55,908.5171212121213,624.04,18,11
2024,WY,11269,721.31,720.1341176470587,551.27,17,3
2024,WY,38576,777.96,756.1971428571429,624.49,7,3
2025,AK,38344,966.1949999999999,918.1429166666667,705.87,8,3
2025,AK,73836,905.0,851.7142857142857,637.0,7,3
2025,AL,46944,545.8299999999999,525.1378787878788,272.91,12,13
2025,AL,53932,559.87,565.3472192513368,406.87,17,11
2025,AL,69461,579.8050000000001,572.6759615384615,361.67,13,12
2025,AR,13262,502.53499999999997,497.97833333333335,398.76,6,7
2025,AR,37903,476.56,506.508,457.58,5,7
2025,AR,48772,495.1,491.75333333333333,388.54,6,7
2025,AR,62141,501.705,491.285,399.71,18,7
2025,AR,70525,457.63,474.34142857142854,400.7,7,7
2025,AR,75293,500.71500000000003,504.0283333333333,404.87,6,7
2025,AZ,13877,389.36,395.10727272727274,280.37,11,3
2025,AZ,23435,568.4300000000001,582.6176666666668,307.92,15,6
2025,AZ,40702,471.29499999999996,491.26800000000003,310.83,14,5
2025,AZ,53901,660.91,654.6746666666667,306.36,120,7
2025,AZ,68445,440.69,446.015625,297.54,16,2
2025,AZ,85533,523.19,572.2172,294.89,5,5
2025,AZ,91450,435.89,446.4923529411765,319.24,17,5
2025,AZ,97667,642.8900000000001,640.02125,433.15,8,2
2025,DE,64004,533.71,503.81,411.75,17,1
2025,DE,67190,640.4200000000001,640.4200000000001,612.0,2,1
2025,DE,72760,548.49,515.9525,414.17,8,1
2025,DE,76168,635.21,607.6733333333334,367.87,18,1
2025,FL,16842,800.85,889.1705360333532,414.35,33,67
2025,FL,18628,644.31,692.2330769230769,416.83,13,49
2025,FL,19898,666.11,726.360204778157,438.59,64,22
2025,FL,30252,613.545,673.9121852970796,453.37,76,64
2025,FL,36194,522.93,502.3,244.85,22,14
2025,FL,40572,545.1500000000001,542.6803107344632,340.64,22,30
2025,FL,44228,577.835,566.1986217948718,369.51,13,24
2025,FL,48121,594.1199999999999,591.2280909090908,404.85,10,11
2025,FL,49004,517.33,531.7110025062656,347.1,38,63
2025,FL,54172,538.45,547.7744444444445,378.54,10,17
2025,FL,56503,564.5,569.5575714285715,306.0,28,5
2025,FL,66966,535.525,578.3000000000001,386.7,6,9
2025,FL,67926,515.115,515.1204545454545,375.81,8,3
2025,FL,68398,623.3,608.4587946428571,425.32,14,32
2025,FL,86382,519.04,520.768961038961,372.04,7,11
2025,HI,18350,542.96,506.7214285714286,256.24,7,1
2025,HI,60612,501.635,507.389,372.87,10,1
2025,IA,25896,423.74,407.4104918032787,301.56,10,7
2025,IA,45819,410.345,397.38814285714284,251.3,20,7
2025,IA,48286,399.07,392.82382352941175,289.92,17,6
2025,IA,56610,510.93,482.43333333333334,397.2,12,1
2025,IA,93078,543.245,534.6360416666666,286.62,45,7
2025,IL,11574,463.04,437.69814814814816,302.15,13,4
2025,IL,20129,760.3299999999999,733.5222093023257,391.54,14,7
2025,IL,27833,453.67,453.7589915966387,313.13,17,7
2025,IL,32355,432.49,447.4633333333333,400.21,7,3
2025,IL,36096,589.56,612.366,298.76,220,13
2025,IL,42529,500.02,519.4054945054945,355.63,13,7
2025,IL,53882,467.495,471.2633333333333,408.99,6,3
2025,IL,54322,585.69,582.536,548.11,5,2
2025,IL,72547,771.975,776.315,693.76,2,3
2025,IL,85773,682.97,692.8727777777777,370.15,36,1
2025,IL,99129,541.8050000000001,552.5901785714285,332.29,14,8
2025,IN,17575,375.65,395.1025630252101,272.19,14,17
2025,IN,35065,432.18,442.0312456747405,283.17,17,17
2025,IN,54192,474.20500000000004,570.4670053475936,339.28,22,17
2025,IN,72850,476.15,485.15921875,365.24,16,4
2025,IN,94419,418.97,442.57625,372.49,8,3
2025,IN,96992,495.985,505.6151785714286,357.01,14,8
2025,KS,18558,708.74,690.593492063492,560.19,9,7
2025,KS,34368,524.93,524.4240336134453,363.15,17,7
2025,KS,39520,674.07,622.4255555555555,479.1,9,1
2025,KS,43490,479.11,465.9005555555555,316.9,9,4
2025,KS,84600,643.4300000000001,664.4636904761904,411.31,14,6
2025,KS,94248,721.925,693.6375,454.06,8,1
2025,KS,94968,609.85,575.2219047619047,401.68,15,7
2025,LA,19636,538.405,527.0054545454545,368.81,35,8
2025,LA,69842,662.225,624.6734615384615,457.91,13,6
2025,LA,90787,503.845,501.9108823529412,354.9,17,4
2025,LA,97176,776.6600000000001,709.03453125,488.99,8,8
2025,LA,98780,554.85,580.5311111111112,417.14,45,3
2025,MI,15560,591.55,570.2556643356643,292.44,9,16
2025,MI,29698,518.48,532.1330150753769,330.15,49,15
2025,MI,40047,387.91499999999996,389.56690476190477,324.62,7,6
2025,MI,40356,462.84,471.7005882352941,340.32,17,3
2025,MI,58594,403.96000000000004,407.8820588235294,267.04,17,12
2025,MI,60829,467.6,421.8977142857143,280.77,10,7
2025,MI,71667,402.64,398.6566153846154,304.11,13,5
2025,MI,74917,547.06,534.4563703703703,320.32,9,15
2025,MI,77739,413.54,388.82666666666665,294.21,9,1
2025,MI,98185,480.19,495.35772727272723,283.1,22,16
2025,MO,32753,561.1700000000001,549.9261666666666,249.72,10,6
2025,MO,34762,703.77,715.7408333333334,441.07,12,3
2025,MO,47840,556.455,515.118,321.39,10,1
2025,MO,48161,594.7950000000001,590.4494285714286,435.5,10,7
2025,MO,53461,512.22,506.6648888888889,238.07,30,8
2025,MO,69512,472.89,472.2647222222222,292.28,9,4
2025,MO,95426,594.7049999999999,587.990076923077,404.91,13,10
2025,MO,96384,519.0,484.2857142857143,384.0,7,1
2025,MO,99723,516.63,514.5997647058824,327.18,17,10
2025,MS,14624,546.13,534.9290476190477,445.79,7,6
2025,MS,56766,502.005,538.012,437.86,10,5
2025,MS,79975,513.2,522.8725925925926,455.14,9,6
2025,MS,90714,517.3499999999999,540.7045098039216,452.11,17,6
2025,MS,97560,625.625,622.448,425.35,15,6
2025,MT,23603,652.5,598.6875,434.0,8,4
2025,MT,30751,543.15,551.7537313432836,284.73,67,4
2025,MT,32225,586.4,545.6976470588236,258.97,15,4
2025,NC,11512,538.25,552.1706746031747,346.85,99,16
2025,NC,13591,617.0,605.6531578947368,431.21,19,7
2025,NC,17414,467.405,472.33500000000004,327.73,8,7
2025,NC,44007,1143.18,1104.596875,843.76,6,16
2025,NC,54332,663.98,635.3149572649573,397.96,13,9
2025,NC,61671,629.005,634.6777040816327,408.6,14,14
2025,NC,69803,517.365,523.5891428571429,320.12,20,7
2025,NC,73943,668.5,674.1036263736264,426.93,7,13
2025,NC,77264,518.04,513.7372361809046,382.54,31,13
2025,ND,37160,605.36,532.6025,234.86,13,4
2025,ND,73751,480.20500000000004,489.423,308.28,27,4
2025,ND,89364,482.75,463.21984126984125,216.93,18,4
2025,NE,20305,679.75,701.6103418803419,447.35,36,4
2025,NE,26289,586.61,594.6380882352942,435.63,17,4
2025,NE,29678,698.99,721.0938028169014,485.4,48,4
2025,NE,57424,649.2149999999999,632.44775,399.93,10,4
2025,NE,73102,663.7850000000001,663.2980357142858,481.53,14,4
2025,NH,13219,317.72,307.4857142857143,271.18,7,1
2025,NH,59025,439.98,440.19888888888886,352.37,9,1
2025,NH,75841,338.81,333.6644444444444,275.28,18,1
2025,NH,96751,373.645,350.72166666666664,243.2,12,1
2025,OH,28162,545.26,581.7939285714285,419.65,10,3
2025,OH,29276,463.795,467.8120098039215,278.49,12,17
2025,OH,29341,456.9,430.4525974025974,267.56,11,7
2025,OH,31981,530.095,535.2756666666667,329.37,16,15
2025,OH,33931,507.03499999999997,523.1390555555555,403.5,18,10
2025,OH,41047,447.555,451.87382352941177,345.7,17,16
2025,OH,45845,613.9000000000001,622.8873333333333,461.38,12,5
2025,OH,52664,453.475,469.6820588235294,315.26,17,2
2025,OH,64353,472.6,474.65575,365.65,10,16
2025,OH,74313,553.7349999999999,544.8365,357.98,20,2
2025,OH,77552,611.49,676.2534984520124,383.19,19,17
2025,OH,84867,557.71,561.4432051282051,386.74,13,12
2025,OH,99969,565.975,550.8303409090909,218.99,13,17
2025,OK,21333,509.96000000000004,518.0345714285714,252.6,30,4
2025,OK,45480,583.075,551.2484615384616,431.1,13,2
2025,OK,58944,563.625,571.5054166666666,426.57,6,4
2025,OK,62505,487.25,496.86706666666663,344.93,15,5
2025,OK,87571,559.75,580.2682954545454,359.63,88,5
2025,OK,91908,492.5,474.8593333333334,347.48,10,3
2025,OK,98905,589.55,525.388,265.93,10,3
2025,OR,10091,626.0,614.0952380952381,442.0,9,7
2025,OR,39424,583.0,570.6703296703297,393.0,13,7
2025,OR,56707,581.0,600.8064516129032,379.0,11,7
2025,OR,63474,628.22,642.834761904762,456.34,3,7
2025,OR,71287,503.0,484.4,393.0,9,5
2025,OR,77969,553.815,574.7103125,385.79,12,7
2025,SC,26065,535.245,516.7552691680261,217.67,73,46
2025,SC,33764,529.55,537.7175,322.78,12,33
2025,SC,33863,528.745,535.182,509.82,5,2
2025,SC,42326,486.4,497.00034920634914,393.81,7,45
2025,SC,73107,488.56,478.47860294117646,347.32,8,17
2025,SC,79222,482.94,481.46420716112533,324.62,17,46
2025,SD,31195,548.1500000000001,588.467037037037,277.24,18,4
2025,SD,50305,649.75,619.3738095238095,458.41,14,3
2025,SD,60536,557.535,568.0558620689654,355.07,29,4
2025,TN,14002,508.51,502.3822340425532,369.24,94,8
2025,TN,23552,504.32500000000005,512.005,326.56,12,3
2025,TN,29854,612.07,585.5622222222223,429.08,9,1
2025,TN,69443,604.4749999999999,558.2979761904762,385.48,12,7
2025,TN,70111,523.685,521.4189473684211,365.18,19,8
2025,TN,99248,520.575,511.110925925926,430.02,9,6
2025,TX,11718,447.46000000000004,433.91499999999996,338.68,6,1
2025,TX,17933,569.5,554.0,414.0,10,1
2025,TX,20069,500.75,500.9229319371728,361.12,65,15
2025,TX,27248,523.62,511.59925925925927,308.26,9,4
2025,TX,29418,535.265,535.6635664335664,407.09,11,26
2025,TX,33602,524.52,534.9465185185185,288.67,540,27
2025,TX,34826,501.45500000000004,483.2092857142857,357.1,7,6
2025,TX,40220,533.17,537.780094637224,371.33,16,24
2025,TX,40788,512.355,516.0039682539683,359.27,9,14
2025,TX,45786,533.04,536.155625,412.69,8,12
2025,TX,47501,481.04999999999995,487.9665714285714,317.26,21,10
2025,TX,58840,543.6199999999999,550.4607575757575,475.72,12,13
2025,TX,63251,512.235,513.78,463.28,4,1
2025,TX,66252,454.84000000000003,447.427,272.12,160,10
2025,TX,71837,501.15,485.5028571428571,375.15,7,1
2025,TX,76589,561.5250000000001,560.9093181818181,424.76,22,4
2025,TX,87226,499.5,517.04,404.26,28,7
2025,UT,18167,581.37,609.608,531.92,7,5
2025,UT,22013,615.8,617.3032608695652,426.91,11,5
2025,UT,34541,654.41,658.8786666666667,449.31,3,5
2025,UT,38927,572.075,579.38,414.46,9,4
2025,UT,42261,685.3399999999999,696.1294444444444,395.74,12,5
2025,UT,68781,691.35,741.5225287356321,418.4,21,6
2025,UT,98113,598.075,592.45,431.77,5,2
2025,WI,14630,544.975,537.3442,372.44,10,5
2025,WI,20173,507.4,503.5817777777778,306.52,18,5
2025,WI,37833,643.9549999999999,601.7228888888889,292.68,72,12
2025,WI,38166,604.24,595.1316666666667,272.36,32,9
2025,WI,38345,506.595,477.605,222.98,30,7
2025,WI,52697,658.45,649.8501587301587,549.97,7,9
2025,WI,57845,613.2,629.6202222222222,422.31,27,7
2025,WI,58326,507.1,474.7342857142857,366.89,7,1
2025,WI,79475,546.89,578.2402898550724,336.65,72,16
2025,WI,80180,488.995,484.173717948718,378.19,13,6
2025,WI,81413,528.005,541.8061538461538,364.52,26,4
2025,WI,86584,527.03,522.5930952380952,288.84,12,7
2025,WI,87416,506.91,516.7629323308271,270.3,19,7
2025,WI,94529,565.33,541.998717948718,408.12,21,4
2025,WV,31274,836.41,823.6031515151515,461.32,15,11
2025,WV,50328,993.69,1085.5816818181818,706.24,20,11
2025,WY,11269,808.65,786.3766666666667,622.01,11,3
2025,WY,38576,859.05,840.9985714285715,685.99,7,3
2025,WY,49714,826.63,804.8047222222223,650.6,12,3
2026,AK,38344,915.4100000000001,879.9933333333333,693.21,8,3
2026,AK,73836,918.0,861.4761904761905,648.0,7,3
2026,AL,17091,704.855,711.2683333333333,548.17,9,2
2026,AL,46944,651.54,639.44,380.7,14,13
2026,AL,53932,699.895,680.630202020202,488.25,18,11
2026,AL,69461,696.44,681.833782051282,365.93,13,12
2026,AR,13262,757.495,709.8325000000001,463.22,8,7
2026,AR,37903,804.97,789.8471428571429,685.07,7,7
2026,AR,48772,672.995,638.425,447.45,6,7
2026,AR,62141,700.34,683.8664285714286,512.99,14,7
2026,AR,70525,769.7,726.0609999999999,500.41,10,7
2026,AR,75293,665.77,612.6442857142857,355.8,7,7
2026,AZ,13877,503.19,499.64882352941174,387.46,17,3
2026,AZ,40702,684.505,711.9257142857143,435.63,14,5
2026,AZ,53901,832.54,856.1013913043479,431.98,115,7
2026,AZ,68445,525.715,534.4433333333333,351.99,16,3
2026,AZ,85533,651.86,671.4548571428571,375.16,5,7
2026,AZ,91450,646.7,654.98125,469.07,16,5
2026,AZ,97667,656.9200000000001,732.8975,404.5,16,3
2026,DE,64004,718.15,687.2611764705882,558.65,17,1
2026,DE,72760,749.4749999999999,687.6525,542.33,8,1
2026,DE,76168,768.61,761.1973333333333,467.86,15,1
2026,FL,13887,725.41,695.3520000000001,531.1,5,1
2026,FL,16842,1079.37,1213.5843739079792,496.58,33,67
2026,FL,19898,848.25,914.304914675768,550.47,64,22
2026,FL,21525,668.34,660.9294886363637,472.94,34,32
2026,FL,30252,791.8,892.0491355026712,488.54,83,64
2026,FL,36194,618.38,606.1023170731708,281.89,24,5
2026,FL,44228,728.63,703.253782051282,475.38,13,24
2026,FL,48121,736.71,742.1545918367347,520.35,26,11
2026,FL,49004,701.2,704.9073182957394,436.42,38,63
2026,FL,54172,745.44,740.9639583333333,526.26,22,20
2026,FL,56503,741.85,738.524347826087,426.78,23,5
2026,FL,66966,674.845,691.8219444444444,458.35,8,9
2026,FL,67926,700.94,671.4933928571428,510.91,8,7
2026,FL,68398,857.99,832.6464522058823,538.52,17,32
2026,FL,79850,783.52,802.4983333333333,670.22,5,6
2026,FL,86382,778.54,776.9025974025974,552.0,7,11
2026,HI,18350,620.65,572.1557142857143,296.87,7,1
2026,HI,60612,551.2349999999999,559.741,413.92,10,1
2026,IA,25896,480.56,465.105671641791,349.77,10,7
2026,IA,45819,464.26,463.3320454545455,300.41,26,7
2026,IA,48286,510.99,501.4263392857143,360.49,16,7
2026,IA,56610,606.58,572.8583333333333,480.26,12,1
2026,IA,74980,576.905,535.5508333333333,353.58,12,2
2026,IA,93078,683.475,684.3358333333333,358.74,45,7
2026,IN,17575,452.5,488.209625,372.84,15,16
2026,IN,35065,640.16,645.6608235294118,461.38,10,17
2026,IN,54192,624.715,705.6767914438502,433.51,22,17
2026,IN,72850,630.19,648.6220000000001,487.06,15,3
2026,IN,94419,535.94,572.7896296296296,407.4,18,6
2026,KS,18558,825.73,808.8511111111112,664.32,9,7
2026,KS,34368,715.01,702.1062499999999,464.56,16,7
2026,KS,39520,879.98,823.8366666666666,623.95,9,1
2026,KS,43490,490.42,519.5333333333333,447.87,6,4
2026,KS,94248,633.75,595.0611111111111,443.52,9,1
2026,KS,94968,699.6,647.9399999999999,441.9,15,3
2026,LA,19636,658.955,634.6723404255318,404.86,40,8
2026,LA,38246,702.235,642.12375,502.36,8,1
2026,LA,69842,809.01,772.1394505494505,521.78,13,7
2026,LA,90787,612.005,611.92671875,440.96,16,4
2026,LA,97176,1009.915,927.8940625,659.1,8,8
2026,LA,98780,633.14,622.7051219512196,402.19,15,3
2026,MI,15560,737.32,712.0827972027972,366.8,9,16
2026,MI,29698,630.83,636.3957868020304,379.21,48,15
2026,MI,58594,491.96000000000004,510.4808888888889,384.98,9,10
2026,MI,71667,532.12,513.8946153846155,377.78,13,7
2026,MI,74917,645.66,631.2702222222222,376.55,9,15
2026,MI,77739,471.38,444.26250000000005,356.39,8,1
2026,MI,98185,594.0799999999999,609.0017543859649,345.23,20,16
2026,MO,32753,657.315,667.0967142857143,365.07,20,7
2026,MO,34762,673.3699999999999,675.1277777777777,471.65,14,3
2026,MO,47840,580.54,564.8588888888888,468.2,9,1
2026,MO,53461,695.63,717.0319753086419,482.38,27,8
2026,MO,69512,559.26,562.7097727272727,430.47,11,4
2026,MO,95426,704.5,681.8053846153846,451.84,13,10
2026,MO,96384,671.0,632.5714285714286,473.0,7,1
2026,MO,99723,637.465,632.9339375,404.74,16,10
2026,MS,20635,636.26,659.8867857142858,576.87,7,4
2026,MS,56766,682.5250000000001,682.025,565.2,10,6
2026,MS,79975,947.5699999999999,946.1008333333334,808.61,2,6
2026,MS,90714,714.475,760.6563095238095,604.66,14,6
2026,MS,97560,843.275,846.7426666666667,563.24,15,6
2026,MT,23603,728.5,665.75,470.0,8,4
2026,MT,30751,681.21,672.0877611940298,353.74,67,4
2026,MT,32225,714.04,665.539411764706,312.41,15,4
2026,NC,11512,707.85,730.4562872628726,445.74,117,16
2026,NC,17414,622.355,630.5510714285714,450.47,8,7
2026,NC,54332,870.39,829.6134188034189,511.18,13,9
2026,NC,69803,610.8399999999999,612.835125,449.2,22,7
2026,NC,73943,856.59,854.4960305343511,547.97,17,14
2026,NC,77264,617.05,611.0674869109947,420.11,29,13
2026,ND,37160,617.965,573.3063636363636,373.82,14,4
2026,ND,73751,595.135,603.9928333333334,357.86,27,4
2026,ND,89364,471.74,482.7157142857143,296.44,18,4
2026,NE,13484,720.655,729.8684375,532.62,16,4
2026,NE,20305,937.11,960.0892307692308,604.28,36,4
2026,NE,29678,813.73,834.2577011494253,493.86,78,4
2026,NE,57424,732.645,740.9196000000001,517.32,20,4
2026,NE,73102,860.8499999999999,892.5916071428571,573.16,14,4
2026,NH,13219,388.0,363.0385714285714,316.89,7,1
2026,NH,59025,677.57,640.0966666666667,519.67,9,1
2026,NH,75841,454.54,453.8338888888889,368.97,18,1
2026,NH,96751,427.26,420.6016666666667,277.59,12,1
2026,OH,29276,576.52,585.7059358288769,413.74,11,17
2026,OH,29341,512.49,484.05791666666664,355.85,16,9
2026,OH,31981,566.12,586.1323555555556,385.57,15,15
2026,OH,33931,709.5899999999999,715.3033529411765,491.48,17,10
2026,OH,41047,559.8,567.9421875,423.4,16,16
2026,OH,45845,721.115,728.04225,641.79,16,5
2026,OH,52664,521.075,543.6261764705882,405.9,17,2
2026,OH,64353,573.01,576.8254829545455,427.71,22,16
2026,OH,74313,705.53,673.7473076923077,488.74,26,1
2026,OH,77552,703.75,754.0392375366569,441.94,21,17
2026,OH,99969,654.79,660.2773529411764,389.08,12,17
2026,OK,21333,674.75,674.4,402.9,27,4
2026,OK,45480,731.84,691.664358974359,495.4,13,3
2026,OK,58944,714.44,697.96125,542.76,6,4
2026,OK,62505,616.62,624.6995,449.42,20,5
2026,OK,87571,773.28,784.2130434782609,483.14,92,5
2026,OK,91908,568.79,538.0990476190476,430.51,14,3
2026,OK,98905,616.525,564.9752777777778,299.03,14,3
2026,OR,10091,614.0,616.8253968253969,478.0,9,7
2026,OR,39424,623.0,622.3626373626373,435.0,13,7
2026,OR,56707,642.825,649.2766129032258,426.45,11,7
2026,OR,63474,677.81,713.9609523809524,523.48,3,7
2026,OR,71287,543.0,538.2222222222222,458.0,9,5
2026,OR,77969,612.745,626.1648648648649,429.6,14,7
2026,SC,26065,633.355,620.947807757167,335.74,74,46
2026,SC,33764,700.4,688.778062283737,410.73,17,17
2026,SC,33863,579.1,595.8456,529.26,5,5
2026,SC,42326,592.45,597.149954954955,493.84,12,37
2026,SC,73107,622.8050000000001,605.2403750000001,434.63,8,20
2026,SC,79222,529.8,535.1543236714975,357.39,9,46
2026,SD,31195,587.1199999999999,614.4785185185184,290.64,18,4
2026,SD,50305,682.32,639.1914285714286,488.64,14,3
2026,SD,60536,606.52,625.2890123456791,386.23,35,4
2026,TN,14002,699.77,705.6769791666667,465.65,96,8
2026,TN,23552,666.135,667.5508333333333,482.04,15,4
2026,TN,29854,698.54,661.4966666666667,482.02,9,1
2026,TN,69443,786.6600000000001,732.4665624999999,480.14,12,8
2026,TN,70111,715.4,712.180390625,495.59,16,8
2026,TN,99248,731.05,701.6218333333333,547.05,10,6
2026,TX,11718,516.325,512.2333333333333,396.76,6,1
2026,TX,17933,590.71,684.4300000000001,553.37,5,1
2026,TX,20069,643.43,626.3268283582089,413.72,100,15
2026,TX,27248,649.49,611.3013793103448,374.51,11,4
2026,TX,29418,733.965,744.8647435897435,574.65,12,26
2026,TX,33602,711.29,709.4136263736265,354.79,546,27
2026,TX,34826,618.19,599.2551020408164,385.28,7,7
2026,TX,37758,641.8900000000001,646.9200000000001,570.81,4,1
2026,TX,40220,700.03,694.5726721763085,447.48,20,25
2026,TX,40788,650.73,655.7870229007634,352.15,10,14
2026,TX,45786,683.46,684.9555555555556,590.52,12,3
2026,TX,47501,628.02,619.0503174603174,397.16,21,12
2026,TX,63251,597.9749999999999,594.7175,532.43,4,1
2026,TX,66252,548.11,530.801625,320.39,18,10
2026,TX,70754,559.91,572.1381818181818,451.62,11,1
2026,TX,71837,587.09,565.05,432.65,7,1
2026,TX,76589,784.79,791.6340909090909,623.77,22,4
2026,TX,87226,668.53,659.4336111111111,541.33,18,6
2026,UT,18167,914.4549999999999,914.62375,889.22,8,1
2026,UT,22013,690.215,693.1592499999999,474.22,8,5
2026,UT,34541,732.21,751.2246666666667,517.13,3,5
2026,UT,42261,803.845,817.5644444444445,484.78,12,5
2026,UT,68781,780.9,844.2945977011494,472.44,21,6
2026,UT,98113,694.585,682.6659999999999,505.43,5,2
2026,WI,20173,584.31,581.45425,430.6,16,5
2026,WI,37833,687.93,677.9561654135338,437.47,57,6
2026,WI,38166,755.81,769.8864383561644,497.23,34,9
2026,WI,38345,599.06,564.490505050505,352.77,27,7
2026,WI,57845,674.035,704.0912222222222,450.8,27,7
2026,WI,58326,544.705,501.04833333333335,388.05,6,1
2026,WI,79475,717.545,726.8067361111111,424.95,54,14
2026,WI,80180,662.795,642.6170512820512,491.4,13,6
2026,WI,81413,586.03,602.7717307692308,396.98,26,4
2026,WI,86584,595.76,593.5342857142857,360.13,12,7
2026,WI,87416,613.775,634.9159722222222,447.76,18,4
2026,WI,94529,602.0250000000001,573.8063333333333,438.17,21,3
2026,WV,31274,988.38,954.6326666666668,528.82,15,11
2026,WV,50328,1040.1100000000001,1073.8226033057852,698.21,22,11
2026,WY,11269,1026.28,982.8675757575758,739.62,11,3
2026,WY,49714,1107.97,1063.9972222222223,867.93,12,3
