puf_publication_year,claims_year,claims_year_verified,state,issuer_id,issuer_name,claims_received_total_reported,claims_denied_total_reported,internal_appeals_filed,internal_appeals_overturned,external_appeals_filed,external_appeals_overturned,claims_received_in_network,claims_received_out_of_network,claims_denied_in_network,claims_denied_out_of_network,claims_received_total,claims_denied_total,denial_rate_total,denial_rate_in_network,internal_appeal_rate,internal_reversal_rate,external_reversal_rate,claims_resubmitted_in_network,claims_resubmitted_out_of_network
2017,2015,True,AK,38344,Premera Blue Cross Blue Shield of Alaska,192232,12958,128,51,,,,,,,192232.0,12958.0,0.0674081318406925,,0.009878067603025158,0.3984375,,,
2017,2015,True,AL,46944,Blue Cross and Blue Shield of Alabama,5527156,1006909,482,125,58,27,,,,,5527156.0,1006909.0,0.18217488343010402,,0.0004786927120524298,0.25933609958506226,0.46551724137931033,,
2017,2015,True,AR,37903,"QualChoice Life & Health Insurance Company, Inc.",141528,80440,11,,,,,,,,141528.0,80440.0,0.5683680967723701,,0.00013674788662357038,,,,
2017,2015,True,AR,62141,Celtic Insurance Company,1289389,178994,55,19,,,,,,,1289389.0,178994.0,0.1388207903123107,,0.0003072728694816586,0.34545454545454546,,,
2017,2015,True,AR,70525,"QCA Health Plan, Inc.",264711,62924,44,11,10,,,,,,264711.0,62924.0,0.23770829319522044,,0.0006992562456296484,0.25,,,
2017,2015,True,AR,75293,USAble Mutual Insurance Company,4711988,738990,1331,512,15,,,,,,4711988.0,738990.0,0.15683189345983053,,0.0018011069161964302,0.38467317806160783,,,
2017,2015,True,AZ,53901,"Blue Cross and Blue Shield of Arizona, Inc.",1289730,134627,561,150,44,,,,,,1289730.0,134627.0,0.10438386328921558,,0.004167069012902315,0.26737967914438504,,,
2017,2015,True,AZ,91450,"Health Net of Arizona, Inc.",704480,24157,226,183,47,,,,,,704480.0,24157.0,0.03429054054054054,,0.009355466324460819,0.8097345132743363,,,
2017,2015,True,DE,29497,Aetna Life Insurance Company,35609,4577,12,,,,,,,,35609.0,4577.0,0.12853492094695163,,0.0026218046755516716,,,,
2017,2015,True,DE,67190,Aetna Health Inc. (a PA corp.),29001,4057,12,,,,,,,,29001.0,4057.0,0.1398917278714527,,0.0029578506285432584,,,,
2017,2015,True,DE,76168,Highmark BCBSD Inc.,1079088,200823,30,10,,,,,,,1079088.0,200823.0,0.18610437702949156,,0.00014938527957455072,0.3333333333333333,,,
2017,2015,True,FL,16842,Blue Cross and Blue Shield of Florida,10297439,757920,1382,224,83,33,,,,,10297439.0,757920.0,0.07360276666848913,,0.0018234114418408274,0.16208393632416787,0.39759036144578314,,
2017,2015,True,FL,21663,Celtic Insurance Company,,,,,,,,,,,,,,,,,,,
2017,2015,True,FL,30252,"Health Options, Inc.",2750133,234838,250,100,38,11,,,,,2750133.0,234838.0,0.08539150651986649,,0.0010645636566484129,0.4,0.2894736842105263,,
2017,2015,True,FL,35783,"Humana Medical Plan, Inc.",2385243,613317,1153,635,246,44,,,,,2385243.0,613317.0,0.2571297767145737,,0.0018799413680038219,0.5507372072853426,0.17886178861788618,,
2017,2015,True,FL,54172,"Molina Healthcare of Florida, Inc",805433,177575,376,134,,,,,,,805433.0,177575.0,0.22047147310825357,,0.0021174151766859073,0.35638297872340424,,,
2017,2015,True,FL,56503,"Florida Health Care Plan, Inc.",127405,5408,35,16,,,,,,,127405.0,5408.0,0.04244731368470625,,0.0064718934911242604,0.45714285714285713,,,
2017,2015,True,GA,49046,"Blue Cross Blue Shield Healthcare Plan of Georgia, Inc.",2653593,625768,241,121,,,,,,,2653593.0,625768.0,0.23581913277582509,,0.00038512675624192993,0.5020746887966805,,,
2017,2015,True,GA,70893,Ambetter of Peach State Inc.,,,,,,,,,,,,,,,,,,,
2017,2015,True,GA,83761,Alliant Health Plans,306637,86064,,,25,,,,,,306637.0,86064.0,0.2806706300935634,,,,,,
2017,2015,True,GA,89942,Kaiser Foundation Health Plan of Georgia,69967,6825,108,44,,,,,,,69967.0,6825.0,0.09754598596481198,,0.015824175824175824,0.4074074074074074,,,
2017,2015,True,GA,93332,"Humana Employers Health Plan of Georgia, Inc.",595781,163123,1933,978,619,122,,,,,595781.0,163123.0,0.2737969153094845,,0.011849953715907628,0.5059493016037248,0.19709208400646203,,
2017,2015,True,HI,18350,Hawaii Medical Service Association,,,,,,,,,,,,,,,,,,,
2017,2015,True,HI,60612,"Kaiser Foundation Health Plan, Inc.",,,,,,,,,,,,,,,,,,,
2017,2015,True,IA,18973,Aetna Health of Iowa Inc.,953382,150126,247,113,,,,,,,953382.0,150126.0,0.1574667866605411,,0.0016452846275795,0.4574898785425101,,,
2017,2015,True,IA,27651,"Gundersen Health Plan, Inc.",883,2022,,,,,,,,,883.0,2022.0,2.289920724801812,,,,,,
2017,2015,True,IA,93078,Medica Insurance Company,,,,,,,,,,,,,,,,,,,
2017,2015,True,IL,20129,"Health Alliance Medical Plans, Inc.",551708,3996,,,,,,,,,551708.0,3996.0,0.007242961856634307,,,,,,
2017,2015,True,IL,27833,Celtic Insurance Company,,,,,,,,,,,,,,,,,,,
2017,2015,True,IL,36096,Blue Cross Blue Shield of Illinois,5282618,749185,945,103,17,,,,,,5282618.0,749185.0,0.14182077901525342,,0.001261370689482571,0.10899470899470899,,,
2017,2015,True,IL,58288,"Humana Health Plan, Inc.",2517,791,11,,,,,,,,2517.0,791.0,0.31426301152165276,,0.01390644753476612,,,,
2017,2015,True,IN,17575,Anthem Ins Companies Inc(Anthem BCBS),3951756,858990,547,82,,,,,,,3951756.0,858990.0,0.21736918979815556,,0.0006367943747889964,0.14990859232175502,,,
2017,2015,True,IN,54192,"CareSource Indiana, Inc.",203819,65469,730,529,,,,,,,203819.0,65469.0,0.3212114670369298,,0.011150315416456644,0.7246575342465753,,,
2017,2015,True,IN,62033,"MDwise Marketplace, Inc.",6788530,1659811,1774,158,,,,,,,6788530.0,1659811.0,0.24450227074197212,,0.0010687963870585266,0.08906426155580609,,,
2017,2015,True,IN,76179,Celtic Insurance Company,,,,,,,,,,,,,,,,,,,
2017,2015,True,KS,27811,"BlueCross BlueShield Kansas Solutions, Inc.",330632,12624,38,,,,,,,,330632.0,12624.0,0.038181422245880614,,0.0030101394169835234,,,,
2017,2015,True,LA,19636,"HMO Louisiana, Inc.",1078158,421585,260,132,,,,,,,1078158.0,421585.0,0.3910233936027929,,0.0006167202343536891,0.5076923076923077,,,
2017,2015,True,LA,44965,"Humana Health Benefit Plan of Louisiana, Inc.",127753,32445,41,14,15,,,,,,127753.0,32445.0,0.25396663874820946,,0.0012636769918323316,0.34146341463414637,,,
2017,2015,True,LA,67243,"Vantage Health Plan, Inc.",119887,13194,275,188,,,,,,,119887.0,13194.0,0.11005363383853128,,0.02084280733666818,0.6836363636363636,,,
2017,2015,True,LA,97176,Louisiana Health Service & Indemnity Company,1793411,678588,288,123,,,,,,,1793411.0,678588.0,0.3783784085187389,,0.00042441068807582804,0.4270833333333333,,,
2017,2015,True,ME,33653,Maine Community Health Options,3181929,230666,501,261,,,,,,,3181929.0,230666.0,0.0724925037610833,,0.002171971595293628,0.5209580838323353,,,
2017,2015,True,ME,48396,Anthem Health Plans of ME(Anthem BCBS),453635,86780,187,106,,,,,,,453635.0,86780.0,0.19129917224200071,,0.0021548743950218943,0.5668449197860963,,,
2017,2015,True,ME,96667,Harvard Pilgrim  Health Care Inc.,24457,6162,,,,,,,,,24457.0,6162.0,0.2519524062640553,,,,,,
2017,2015,True,MI,15560,Blue Cross Blue Shield of Michigan Mutual Insurance Company,5121434,841891,830,474,33,,,,,,5121434.0,841891.0,0.16438579507223952,,0.000985875843785003,0.5710843373493976,,,
2017,2015,True,MI,29698,Priority Health,1390611,288601,179,16,,,,,,,1390611.0,288601.0,0.20753539271586374,,0.0006202334711244937,0.0893854748603352,,,
2017,2015,True,MI,37651,Health Alliance Plan (HAP),194495,40596,51,14,,,,,,,194495.0,40596.0,0.2087251600298208,,0.001256281407035176,0.27450980392156865,,,
2017,2015,True,MI,40047,"Molina Healthcare of Michigan, Inc.",7247,1057,,,,,,,,,7247.0,1057.0,0.14585345660273216,,,,,,
2017,2015,True,MI,46275,"Humana Medical Plan of Michigan, Inc.",246738,73432,194,90,19,,,,,,246738.0,73432.0,0.29761123134661055,,0.002641899989105567,0.4639175257731959,,,
2017,2015,True,MI,58594,"Meridian Health Plan of Michigan, Inc.",6045,3599,,,,,,,,,6045.0,3599.0,0.5953680727874276,,,,,,
2017,2015,True,MI,60829,Physicians Health Plan,62923,6054,,,,,,,,,62923.0,6054.0,0.09621283155602879,,,,,,
2017,2015,True,MI,67183,"Total Health Care USA, Inc.",61556,12948,59,,,,,,,,61556.0,12948.0,0.2103450516602768,,0.00455668829162805,,,,
2017,2015,True,MI,74917,McLaren Health Plan Community,,,,,,,,,,,,,,,,,,,
2017,2015,True,MI,98185,Blue Care Network of Michigan,3485406,772460,425,278,11,,,,,,3485406.0,772460.0,0.22162697832045966,,0.0005501903011159154,0.6541176470588236,,,
2017,2015,True,MO,30613,Humana Insurance Company,73679,18826,70,46,,,,,,,73679.0,18826.0,0.25551378276035236,,0.003718261978115372,0.6571428571428571,,,
2017,2015,True,MO,32753,Healthy Alliance Life Co(Anthem BCBS),1796648,415409,144,50,,,,,,,1796648.0,415409.0,0.23121334841326738,,0.0003466463172439692,0.3472222222222222,,,
2017,2015,True,MO,34762,Blue Cross and Blue Shield of Kansas City,1432795,91982,78,21,,,,,,,1432795.0,91982.0,0.06419759979620253,,0.0008479919984344764,0.2692307692307692,,,
2017,2015,True,MO,74483,Cigna Health and Life Insurance Company,204026,31306,23,,,,,,,,204026.0,31306.0,0.15344122807877428,,0.0007346834472625055,,,,
2017,2015,True,MS,48963,Humana Insurance Company,356215,94935,161,117,21,,,,,,356215.0,94935.0,0.2665103940036214,,0.0016958971928161374,0.7267080745341615,,,
2017,2015,True,MS,90714,Ambetter of Magnolia Inc.,,,,,,,,,,,,,,,,,,,
2017,2015,True,MT,23603,PacificSource Health Plans,245805,20728,150,35,,,,,,,245805.0,20728.0,0.08432700718048859,,0.007236588189888074,0.23333333333333334,,,
2017,2015,True,MT,30751,Blue Cross and Blue Shield of Montana,644586,75944,22,,,,,,,,644586.0,75944.0,0.11781825854114114,,0.00028968713789107763,,,,
2017,2015,True,MT,32225,Montana Health Cooperative,598861,166736,250,133,,,,,,,598861.0,166736.0,0.2784218708514998,,0.001499376259476058,0.532,,,
2017,2015,True,NC,11512,Blue Cross and Blue Shield of NC,15422421,1683904,1275,406,52,22,,,,,15422421.0,1683904.0,0.10918545149299193,,0.0007571690547679677,0.3184313725490196,0.4230769230769231,,
2017,2015,True,ND,37160,Blue Cross Blue Shield of North Dakota,431271,49642,47,26,,,,,,,431271.0,49642.0,0.11510627888265151,,0.0009467789371902824,0.5531914893617021,,,
2017,2015,True,ND,73751,Medica Health Plans,80155,14905,,,,,,,,,80155.0,14905.0,0.18595221757844177,,,,,,
2017,2015,True,ND,89364,Sanford Health Plan,28846,1688,,,12,,,,,,28846.0,1688.0,0.05851764542744228,,,,,,
2017,2015,True,NE,20305,Medica Insurance Company,,,,,,,,,,,,,,,,,,,
2017,2015,True,NH,59025,Harvard Pilgrim Health Care of NE,252858,68285,53,37,,,,,,,252858.0,68285.0,0.27005275688331,,0.000776158746430402,0.6981132075471698,,,
2017,2015,True,NH,61163,"Minuteman Health, Inc",176997,27388,147,90,,,,,,,176997.0,27388.0,0.1547370859393097,,0.005367314152183438,0.6122448979591837,,,
2017,2015,True,NH,75841,Celtic Insurance Company,,,,,,,,,,,,,,,,,,,
2017,2015,True,NH,96751,Matthew Thornton Hlth Plan(Anthem BCBS),1057992,206656,538,269,,,,,,,1057992.0,206656.0,0.19532850910025784,,0.002603360173428306,0.5,,,
2017,2015,True,NJ,77606,"AmeriHealth HMO, Inc.",892084,524820,59,18,,,,,,,892084.0,524820.0,0.5883078275140009,,0.00011241949620822377,0.3050847457627119,,,
2017,2015,True,NJ,91661,"Horizon Healthcare Services, Inc.",4372828,1413523,1131,336,116,53,,,,,4372828.0,1413523.0,0.32325145192081645,,0.0008001284733251599,0.29708222811671087,0.45689655172413796,,
2017,2015,True,NJ,91762,AmeriHealth Ins Company of New Jersey,2504870,1461386,238,59,,,,,,,2504870.0,1461386.0,0.5834179019270461,,0.00016285909403812544,0.24789915966386555,,,
2017,2015,True,NM,19722,"Molina Health Care of New Mexico, Inc.",34739,4665,19,,,,,,,,34739.0,4665.0,0.13428711246725583,,0.004072883172561629,,,,
2017,2015,True,NM,72034,CHRISTUS Health Plan,5015,1222,,,,,,,,,5015.0,1222.0,0.2436689930209372,,,,,,
2017,2015,True,NM,75605,Blue Cross Blue Shield of New Mexico,464924,67162,56,14,,,,,,,464924.0,67162.0,0.14445801894503188,,0.0008338048301122659,0.25,,,
2017,2015,True,NM,93091,New Mexico Health Connections,124092,22022,166,130,,,,,,,124092.0,22022.0,0.17746510653386197,,0.007537916628825719,0.7831325301204819,,,
2017,2015,True,NV,16698,Prominence HealthFirst,,2498,117,54,,,,,,,,2498.0,,,0.04683746997598078,0.46153846153846156,,,
2017,2015,True,NV,33670,"Rocky Mountain Hospital and Medical Service, Inc., dba Anthem Blue Cross and Blue Shield",2498,741,,,,,,,,,2498.0,741.0,0.2966373098478783,,,,,,
2017,2015,True,NV,60156,"HMO Colorado, Inc., dba HMO Nevada",345050,79572,21,17,,,,,,,345050.0,79572.0,0.23061005651354877,,0.0002639119288191826,0.8095238095238095,,,
2017,2015,True,NV,95865,"Health Plan of Nevada, Inc.",556498,2688,233,146,,,,,,,556498.0,2688.0,0.004830206038476329,,0.08668154761904762,0.6266094420600858,,,
2017,2015,True,OH,23340,Consumers Life Insurance Company,,,,,,,,,,,,,,,,,,,
2017,2015,True,OH,26734,"Premier Health Plan, Inc.",61260,11150,32,13,,,,,,,61260.0,11150.0,0.18201110022853412,,0.0028699551569506725,0.40625,,,
2017,2015,True,OH,28162,AultCare Insurance Company,141258,681,17,11,,,,,,,141258.0,681.0,0.004820965892197256,,0.024963289280469897,0.6470588235294118,,,
2017,2015,True,OH,29276,Community Insurance Company(Anthem BCBS),1251476,289523,145,22,,,,,,,1251476.0,289523.0,0.2313452275553027,,0.0005008237687506692,0.15172413793103448,,,
2017,2015,True,OH,41047,Buckeye Community Health Plan,95857,16238,21,12,,,,,,,95857.0,16238.0,0.16939816601813118,,0.0012932627170833847,0.5714285714285714,,,
2017,2015,True,OH,52664,"Summa Insurance Company, Inc.",85930,24063,85,52,4,0,,,,,85930.0,24063.0,0.2800302571860817,,0.003532394132069983,0.611764705882353,0.0,,
2017,2015,True,OH,64353,MOLINA HEALTHCARE OF OHIO,17637,3966,14,,,,,,,,17637.0,3966.0,0.22486817485967,,0.0035300050428643467,,,,
2017,2015,True,OH,66083,"Humana Health Plan of Ohio, Inc.",133600,33372,75,44,10,,,,,,133600.0,33372.0,0.24979041916167666,,0.0022473930240920533,0.5866666666666667,,,
2017,2015,True,OH,74313,Paramount Insurance Company,111754,18885,15,,,,,,,,111754.0,18885.0,0.16898723983034164,,0.0007942811755361397,,,,
2017,2015,True,OH,77552,CareSource,586705,161040,1264,914,,,,,,,586705.0,161040.0,0.2744820650923377,,0.007848981619473424,0.7231012658227848,,,
2017,2015,True,OH,99969,Medical Health Insuring Corp. of Ohio,1353047,262411,404,206,13,,,,,,1353047.0,262411.0,0.1939407869793141,,0.0015395696064570464,0.5099009900990099,,,
2017,2015,True,OK,87571,Blue Cross Blue Shield of Oklahoma,3105473,465603,677,64,10,,,,,,3105473.0,465603.0,0.14992981745453912,,0.0014540284319473887,0.09453471196454949,,,
2017,2015,True,OR,10091,PacificSource Health Plans,93564,7719,74,23,,,,,,,93564.0,7719.0,0.0824996793638579,,0.009586734032905816,0.3108108108108108,,,
2017,2015,True,OR,32536,ATRIO Health Plans,10915,2017,17,,,,,,,,10915.0,2017.0,0.1847915712322492,,0.00842835894893406,,,,
2017,2015,True,OR,39424,"Moda Health Plan, Inc.",965575,90404,250,55,23,,,,,,965575.0,90404.0,0.09362711337803899,,0.0027653643644086545,0.22,,,
2017,2015,True,OR,56707,Providence Health Plan,129564,9556,49,16,,,,,,,129564.0,9556.0,0.07375505541662808,,0.005127668480535789,0.32653061224489793,,,
2017,2015,True,OR,63474,BridgeSpan Health Company,7177,1201,178,135,,,,,,,7177.0,1201.0,0.16734011425386652,,0.1482098251457119,0.7584269662921348,,,
2017,2015,True,OR,71287,Kaiser Foundation Healthplan of the NW,8819,2666,52,23,,,,,,,8819.0,2666.0,0.30230184828211815,,0.019504876219054765,0.4423076923076923,,,
2017,2015,True,PA,16322,"UPMC Health Options, Inc.",1364008,57049,655,241,26,,,,,,1364008.0,57049.0,0.04182453475346186,,0.011481358130729723,0.36793893129770994,,,
2017,2015,True,PA,22444,Geisinger Health Plan,546673,188587,10,,,,,,,,546673.0,188587.0,0.3449722228827837,,5.3025924374426654e-05,,,,
2017,2015,True,PA,31609,Independence Blue Cross (QCC Ins. Co.),4210755,1197378,188,101,,,,,,,4210755.0,1197378.0,0.2843618305980756,,0.00015700973293312554,0.5372340425531915,,,
2017,2015,True,PA,33709,Highmark Inc.,7328862,2141374,196,39,,,,,,,7328862.0,2141374.0,0.2921836978237549,,9.15300176428779e-05,0.1989795918367347,,,
2017,2015,True,PA,33871,"Keystone Health Plan East, Inc",6718476,1964186,440,273,,,,,,,6718476.0,1964186.0,0.29235588547164565,,0.00022401137163181084,0.6204545454545455,,,
2017,2015,True,PA,45127,Capital Advantage Assurance Company,47073,11089,,,,,,,,,47073.0,11089.0,0.2355702844518089,,,,,,
2017,2015,True,PA,70194,Highmark Health Insurance Company,752674,190463,30,12,,,,,,,752674.0,190463.0,0.2530484645410895,,0.0001575109076303534,0.4,,,
2017,2015,True,SC,26065,Blue Cross and Blue Shield of South Carolina,1810378,268339,330,157,17,,,,,,1810378.0,268339.0,0.14822263637759628,,0.001229787693924476,0.47575757575757577,,,
2017,2015,True,SD,31195,Sanford Health Plan,48187,1850,,,14,11,,,,,48187.0,1850.0,0.038392097453670074,,,,0.7857142857142857,,
2017,2015,True,SD,60536,"Avera Health Plans, Inc.",115285,14636,74,44,,,,,,,115285.0,14636.0,0.12695493776293534,,0.005056026236676688,0.5945945945945946,,,
2017,2015,True,TN,14002,BlueCross BlueShield of Tennessee,,1103571,797,298,,,,,,,,1103571.0,,,0.0007222009277155706,0.3739021329987453,,,
2017,2015,True,TN,82120,Humana Insurance Company,223923,57449,102,56,21,,,,,,223923.0,57449.0,0.25655694144862295,,0.001775487823983011,0.5490196078431373,,,
2017,2015,True,TN,99248,Cigna Health and Life Insurance Company,53152,8356,63,,,,,,,,53152.0,8356.0,0.15720951234196268,,0.007539492580181905,,,,
2017,2015,True,TX,20069,Oscar Insurance Company of Texas,,,,,,,,,,,,,,,,,,,
2017,2015,True,TX,26539,"SHA, LLC DBA FirstCare Health Plans",279593,42135,,,,,,,,,279593.0,42135.0,0.15070119781253466,,,,,,
2017,2015,True,TX,27248,"Community Health Choice, Inc.",225130,33379,213,141,,,,,,,225130.0,33379.0,0.14826544663083552,,0.006381257676982534,0.6619718309859155,,,
2017,2015,True,TX,29418,Celtic Insurance Company,,,,,,,,,,,,,,,,,,,
2017,2015,True,TX,32673,"Humana Health Plan of Texas, Inc.",659078,180987,603,253,264,49,,,,,659078.0,180987.0,0.2746063440139103,,0.003331731008304464,0.41956882255389716,0.1856060606060606,,
2017,2015,True,TX,33602,Blue Cross Blue Shield of Texas,14047370,2310127,5315,296,58,,,,,,14047370.0,2310127.0,0.16445263419415876,,0.002300739310003303,0.05569143932267168,,,
2017,2015,True,TX,37392,"Prominence HealthFirst of Texas, Inc.",,,,,,,,,,,,,,,,,,,
2017,2015,True,TX,45786,Molina Healthcare of Texas,65756,10609,45,31,,,,,,,65756.0,10609.0,0.16133888922683862,,0.004241681591101895,0.6888888888888889,,,
2017,2015,True,TX,66252,CHRISTUS Health Plan,,,,,,,,,,,,,,,,,,,
2017,2015,True,TX,71837,"Sendero Health Plans, inc.",61997,13800,33,25,,,,,,,61997.0,13800.0,0.22259141571366356,,0.002391304347826087,0.7575757575757576,,,
2017,2015,True,UT,18167,Molina Healthcare of Utah,43496,5272,477,418,,,,,,,43496.0,5272.0,0.12120654772852676,,0.09047799696509863,0.8763102725366876,,,
2017,2015,True,UT,42261,University of Utah Health Insurance Plans,,,,,,,,,,,,,,,,,,,
2017,2015,True,UT,68781,SelectHealth,2882963,196754,733,269,16,,,,,,2882963.0,196754.0,0.06824714711912709,,0.003725464285351251,0.3669849931787176,,,
2017,2015,True,VA,10207,"CareFirst BlueChoice, Inc.",685831,87833,,,,,,,,,685831.0,87833.0,0.12806799342695213,,,,,,
2017,2015,True,VA,12028,Innovation Health Insurance Company,1310245,170145,667,270,,,,,,,1310245.0,170145.0,0.12985739308297303,,0.003920185723941344,0.4047976011994003,,,
2017,2015,True,VA,15668,"Piedmont Community HealthCare, Inc.",84356,11008,59,46,,,,,,,84356.0,11008.0,0.130494570629238,,0.005359738372093023,0.7796610169491526,,,
2017,2015,True,VA,20507,Optima Health Plan,1353411,245489,16,,,,,,,,1353411.0,245489.0,0.18138540325148828,,6.517603640081634e-05,,,,
2017,2015,True,VA,37204,"Piedmont Community HealthCare HMO, Inc.",,,,,,,,,,,,,,,,,,,
2017,2015,True,VA,38599,UnitedHealthcare of the Mid-Atlantic Inc,,,,,,,,,,,,,,,,,,,
2017,2015,True,VA,40308,Group Hospitalization and Medical Services Inc.,344053,43619,,,,,,,,,344053.0,43619.0,0.12677988565715165,,,,,,
2017,2015,True,VA,88380,"HealthKeepers, Inc.",6973000,1472339,365,142,,,,,,,6973000.0,1472339.0,0.21114857306754625,,0.00024790486430095244,0.38904109589041097,,,
2017,2015,True,VA,95185,"Kaiser Foundation Health Plan of the Mid-Atlantic States, Inc.",16289,15060,182,107,,,,,,,16289.0,15060.0,0.9245503100251704,,0.012084993359893758,0.5879120879120879,,,
2017,2015,True,WI,37833,Unity Health Plans Insurance Corporation,583108,93284,65,12,,,,,,,583108.0,93284.0,0.15997722548824575,,0.000696796878349985,0.18461538461538463,,,
2017,2015,True,WI,38166,"Security Health Plan of Wisconsin, Inc.",622123,220241,115,49,,,,,,,622123.0,220241.0,0.35401520278144355,,0.0005221552753574494,0.4260869565217391,,,
2017,2015,True,WI,38345,Dean Health Plan,899023,163035,105,61,,,,,,,899023.0,163035.0,0.1813468620936283,,0.0006440334897414666,0.580952380952381,,,
2017,2015,True,WI,47342,Health Tradition Health Plan,590153,48166,90,47,,,,,,,590153.0,48166.0,0.08161612327650626,,0.0018685379728439148,0.5222222222222223,,,
2017,2015,True,WI,52697,"Molina Healthcare of Wisconsin, Inc.",219314,21114,246,117,,,,,,,219314.0,21114.0,0.09627292375315757,,0.011651037226484797,0.47560975609756095,,,
2017,2015,True,WI,57845,Medica Health Plans of Wisconsin,138036,24860,,,,,,,,,138036.0,24860.0,0.18009794546350227,,,,,,
2017,2015,True,WI,58326,"MercyCare HMO, Inc.",43527,4621,,,,,,,,,43527.0,4621.0,0.10616399016702277,,,,,,
2017,2015,True,WI,79475,Compcare Health Serv Ins Co(Anthem BCBS),608306,140607,133,95,,,,,,,608306.0,140607.0,0.23114518022179625,,0.0009458988528309401,0.7142857142857143,,,
2017,2015,True,WI,81413,Network Health Plan,,,,,,,,,,,,,,,,,,,
2017,2015,True,WI,87416,Common Ground Healthcare Cooperative,1410830,299109,179,45,,,,,,,1410830.0,299109.0,0.21200924278616134,,0.0005984440454817474,0.25139664804469275,,,
2017,2015,True,WI,91058,"Gundersen Health Plan, Inc.",45910,8121,81,29,,,,,,,45910.0,8121.0,0.17688956654323676,,0.009974141115626155,0.35802469135802467,,,
2017,2015,True,WI,94529,Group Health Cooperative- SCW,59281,5325,,,,,,,,,59281.0,5325.0,0.08982641993218737,,,,,,
2017,2015,True,WV,31274,Highmark Blue Cross Blue Shield West Virginia,1853646,440837,46,11,,,,,,,1853646.0,440837.0,0.23782156895113737,,0.00010434695817274866,0.2391304347826087,,,
2017,2015,True,WV,50328,CareSource West Virginia Co.,,,,,,,,,,,,,,,,,,,
2017,2015,True,WY,11269,Blue Cross Blue Shield of Wyoming,418569,76674,323,194,,,,,,,418569.0,76674.0,0.18318126760462433,,0.004212640530036257,0.6006191950464397,,,
2018,2016,True,AK,38344,Premera Blue Cross Blue Shield of Alaska,90931,3097,150,63,,,,,,,90931.0,3097.0,0.03405879183116869,,0.048433968356474004,0.42,,,
2018,2016,True,AL,46944,Blue Cross and Blue Shield of Alabama,5831820,1334125,238,98,,,,,,,5831820.0,1334125.0,0.22876649142120298,,0.0001783940785158812,0.4117647058823529,,,
2018,2016,True,AR,37903,"QualChoice Life & Health Insurance Company, Inc.",308215,20418,,,,,,,,,308215.0,20418.0,0.06624596466752104,,,,,,
2018,2016,True,AR,62141,Celtic Insurance Company,1554130,208164,72,12,12,,,,,,1554130.0,208164.0,0.1339424629857219,,0.00034588113218423933,0.16666666666666666,,,
2018,2016,True,AR,70525,"QCA Health Plan, Inc.",365540,23881,100,,24,,,,,,365540.0,23881.0,0.0653307435574766,,0.004187429337129936,,,,
2018,2016,True,AR,75293,USAble Mutual Insurance Company,7941737,1232783,2088,878,71,15,,,,,7941737.0,1232783.0,0.155228383916516,,0.0016937287422036157,0.42049808429118773,0.2112676056338028,,
2018,2016,True,AZ,53901,Blue Cross and Blue Shield of Arizona,1407074,152700,600,212,41,,,,,,1407074.0,152700.0,0.10852307696681197,,0.003929273084479371,0.35333333333333333,,,
2018,2016,True,AZ,91450,Health Net of Arizona,153933,18127,480,292,,,,,,,153933.0,18127.0,0.11775902503037036,,0.026479836707673635,0.6083333333333333,,,
2018,2016,True,DE,76168,Highmark BCBSD Inc.,575561,48823,74,35,,,,,,,575561.0,48823.0,0.08482680376189491,,0.0015156790856768326,0.47297297297297297,,,
2018,2016,True,FL,16842,Blue Cross and Blue Shield of Florida,12859998,637343,3383,926,236,87,,,,,12859998.0,637343.0,0.049560116572335396,,0.005307973885333329,0.273721548921076,0.3686440677966102,,
2018,2016,True,FL,21663,Celtic Insurance Company,1701800,344160,454,142,,,,,,,1701800.0,344160.0,0.20223292983899402,,0.0013191538819153881,0.31277533039647576,,,
2018,2016,True,FL,30252,Health Options,5425148,349058,833,323,71,25,,,,,5425148.0,349058.0,0.06434073319290091,,0.0023864228867408856,0.3877551020408163,0.352112676056338,,
2018,2016,True,FL,36194,Health First Commercial Plans,,,,,,,,,,,,,,,,,,,
2018,2016,True,FL,54172,Molina Healthcare of Florida,4060444,1231584,844,368,45,27,,,,,4060444.0,1231584.0,0.3033126426568129,,0.0006852963338270066,0.43601895734597157,0.6,,
2018,2016,True,FL,56503,Florida Health Care Plan,53540,732,78,30,,,,,,,53540.0,732.0,0.01367202091893911,,0.10655737704918032,0.38461538461538464,,,
2018,2016,True,GA,49046,Blue Cross Blue Shield Healthcare Plan of Georgia,3433113,1010943,738,229,,,,,,,3433113.0,1010943.0,0.2944683149083645,,0.0007300114843270095,0.31029810298102983,,,
2018,2016,True,GA,70893,Ambetter of Peach State Inc.,1328886,228880,420,117,,,,,,,1328886.0,228880.0,0.17223448813517486,,0.001835022719328906,0.2785714285714286,,,
2018,2016,True,GA,83761,Alliant Health Plans,,,,,,,,,,,,,,,,,,,
2018,2016,True,GA,89942,Kaiser Foundation Health Plan of Georgia,14325,3659,152,66,,,,,,,14325.0,3659.0,0.2554275741710297,,0.04154140475539765,0.4342105263157895,,,
2018,2016,True,HI,18350,Hawaii Medical Service Association,410093,123909,20,13,,,,,,,410093.0,123909.0,0.3021485370391594,,0.00016140877579513997,0.65,,,
2018,2016,True,HI,60612,"Kaiser Foundation Health Plan, Inc.",14,,10,,,,,,,,14.0,,,,,,,,
2018,2016,True,IA,93078,Medica Insurance Company,53830,6923,,,,,,,,,53830.0,6923.0,0.12860858257477242,,,,,,
2018,2016,True,IL,20129,Health Alliance Medical Plans,1214607,104525,46,10,,,,,,,1214607.0,104525.0,0.08605664218961359,,0.00044008610380291794,0.21739130434782608,,,
2018,2016,True,IL,27833,Celtic Insurance Company,325589,85788,17,13,,,,,,,325589.0,85788.0,0.2634855600158482,,0.0001981629132279573,0.7647058823529411,,,
2018,2016,True,IL,36096,Blue Cross Blue Shield of Illinois,4054846,760222,2592,325,103,23,,,,,4054846.0,760222.0,0.18748480213551882,,0.003409530374022325,0.1253858024691358,0.22330097087378642,,
2018,2016,True,IL,53882,"Cigna HealthCare of Illinois, Inc.",,,,,,,,,,,,,,,,,,,
2018,2016,True,IN,54192,CareSource Indiana,1078790,186770,786,479,,,,,,,1078790.0,186770.0,0.17312915395952874,,0.00420838464421481,0.6094147582697201,,,
2018,2016,True,IN,76179,Celtic Insurance Company,383346,68588,544,249,,,,,,,383346.0,68588.0,0.17891930527513003,,0.00793141657432787,0.4577205882352941,,,
2018,2016,True,KS,39520,Medica Insurance Company,,,,,,,,,,,,,,,,,,,
2018,2016,True,KY,36239,Anthem Health Plans of KY(Anthem BCBS),2766919,732825,558,189,,,,,,,2766919.0,732825.0,0.26485235021336007,,0.0007614369051274179,0.3387096774193548,,,
2018,2016,True,KY,45636,CareSource Kentucky Co.,560255,89599,130,84,,,,,,,560255.0,89599.0,0.15992539111654513,,0.0014509090503242224,0.6461538461538462,,,
2018,2016,True,LA,19636,HMO Louisiana,2337163,577087,908,244,,,,,,,2337163.0,577087.0,0.2469177374449279,,0.0015734196057093643,0.2687224669603524,,,
2018,2016,True,LA,67243,Vantage Health Plan,595397,124893,496,310,,,,,,,595397.0,124893.0,0.20976424133813237,,0.003971399517987397,0.625,,,
2018,2016,True,LA,97176,Louisiana Health Service & Indemnity Company,2012919,500570,731,191,16,,,,,,2012919.0,500570.0,0.2486786601944738,,0.0014603352178516492,0.2612859097127223,,,
2018,2016,True,ME,33653,Maine Community Health Options,2521297,286449,520,285,,,,,,,2521297.0,286449.0,0.11361176410395125,,0.0018153318740857884,0.5480769230769231,,,
2018,2016,True,ME,96667,Harvard Pilgrim  Health Care Inc.,366177,73929,45,16,,,,,,,366177.0,73929.0,0.20189416593614565,,0.0006086921235239216,0.35555555555555557,,,
2018,2016,True,MI,15560,Blue Cross Blue Shield of Michigan Mutual Insurance Company,1365405,346261,477,238,20,,,,,,1365405.0,346261.0,0.25359581955537003,,0.001377573564449938,0.4989517819706499,,,
2018,2016,True,MI,29698,Priority Health,744295,484285,188,16,,,,,,,744295.0,484285.0,0.6506627076629562,,0.0003882011625385878,0.0851063829787234,,,
2018,2016,True,MI,40047,"Molina Healthcare of Michigan, Inc.",84069,23625,15,11,,,,,,,84069.0,23625.0,0.2810191628305321,,0.0006349206349206349,0.7333333333333333,,,
2018,2016,True,MI,58594,Meridian Health Plan of Michigan,21650,599,,,,,,,,,21650.0,599.0,0.02766743648960739,,,,,,
2018,2016,True,MI,60829,Physicians Health Plan,128806,16227,17,,,,,,,,128806.0,16227.0,0.12598015620390354,,0.0010476366549577864,,,,
2018,2016,True,MI,67183,"Total Health Care USA, Inc.",174360,17190,,,,,,,,,174360.0,17190.0,0.09858912594631797,,,,,,
2018,2016,True,MI,74917,McLaren Health Plan Community,19687,4639,78,,,,,,,,19687.0,4639.0,0.23563773048204398,,0.016813968527699934,,,,
2018,2016,True,MI,98185,Blue Care Network of Michigan,2719761,668110,1175,225,124,,,,,,2719761.0,668110.0,0.2456502611810376,,0.0017586924308871294,0.19148936170212766,,,
2018,2016,True,MO,32753,Healthy Alliance Life Co(Anthem BCBS),2116301,533752,477,187,,,,,,,2116301.0,533752.0,0.25220986995706185,,0.0008936734663289317,0.3920335429769392,,,
2018,2016,True,MO,74483,Cigna Health and Life Insurance Company,415337,27555,543,158,,,,,,,415337.0,27555.0,0.06634371606671209,,0.01970604246053348,0.29097605893186,,,
2018,2016,True,MS,90714,Ambetter of Magnolia Inc.,1079939,159589,173,86,,,,,,,1079939.0,159589.0,0.14777593919656573,,0.0010840346139144928,0.49710982658959535,,,
2018,2016,True,MT,23603,PacificSource Health Plans,176529,14151,39,,,,,,,,176529.0,14151.0,0.08016246622367997,,0.002755988976044096,,,,
2018,2016,True,MT,30751,Blue Cross and Blue Shield of Montana,590779,87450,307,60,,,,,,,590779.0,87450.0,0.14802489594247595,,0.003510577472841624,0.19543973941368079,,,
2018,2016,True,MT,32225,Montana Health Cooperative,116375,12386,407,146,,,,,,,116375.0,12386.0,0.10643179377013963,,0.03285968028419183,0.35872235872235875,,,
2018,2016,True,NC,11512,Blue Cross and Blue Shield of NC,12678128,1335114,1180,555,66,39,,,,,12678128.0,1335114.0,0.10530844932311774,,0.0008838196588456117,0.4703389830508475,0.5909090909090909,,
2018,2016,True,NC,73943,Cigna HealthCare of North Carolina,,,,,,,,,,,,,,,,,,,
2018,2016,True,ND,37160,Blue Cross Blue Shield of North Dakota,422374,48737,38,15,,,,,,,422374.0,48737.0,0.11538825779995927,,0.0007796950981800275,0.39473684210526316,,,
2018,2016,True,ND,89364,Sanford Health Plan,74043,5096,29,,,,,,,,74043.0,5096.0,0.0688248720338182,,0.005690737833594976,,,,
2018,2016,True,NE,20305,Medica Insurance Company,199447,24490,,,,,,,,,199447.0,24490.0,0.12278951300345455,,,,,,
2018,2016,True,NH,59025,Harvard Pilgrim Health Care of NE,344247,85343,55,29,,,,,,,344247.0,85343.0,0.24791210961896545,,0.0006444582449644376,0.5272727272727272,,,
2018,2016,True,NH,75841,Celtic Insurance Company,475989,97172,294,153,,,,,,,475989.0,97172.0,0.20414757483891435,,0.0030255629193594864,0.5204081632653061,,,
2018,2016,True,NH,96751,Matthew Thornton Hlth Plan(Anthem BCBS),1316806,317909,446,215,,,,,,,1316806.0,317909.0,0.24142432522330548,,0.0014029171869937623,0.4820627802690583,,,
2018,2016,True,NJ,77606,AmeriHealth HMO,672012,237044,113,52,,,,,,,672012.0,237044.0,0.3527377487306774,,0.0004767047467980628,0.46017699115044247,,,
2018,2016,True,NJ,91661,Horizon Healthcare Services,6023668,1537464,1258,891,30,11,,,,,6023668.0,1537464.0,0.2552371744259478,,0.0008182305406825785,0.7082670906200318,0.36666666666666664,,
2018,2016,True,NJ,91762,AmeriHealth Ins Company of New Jersey,2108754,743817,469,149,18,,,,,,2108754.0,743817.0,0.3527281987372638,,0.0006305314344791797,0.31769722814498935,,,
2018,2016,True,NM,19722,"Molina Healthcare of New Mexico, Inc.",396228,101528,50,30,,,,,,,396228.0,101528.0,0.2562363083880998,,0.0004924749822709006,0.6,,,
2018,2016,True,NM,72034,CHRISTUS Health Plan,27221,3209,156,114,,,,,,,27221.0,3209.0,0.1178869255354322,,0.048613275163602365,0.7307692307692307,,,
2018,2016,True,NM,75605,Blue Cross Blue Shield of New Mexico,5835,2306,106,24,,,,,,,5835.0,2306.0,0.3952013710368466,,0.04596704249783174,0.22641509433962265,,,
2018,2016,True,NM,93091,New Mexico Health Connections,326854,57688,88,57,,,,,,,326854.0,57688.0,0.1764947040574691,,0.0015254472333934266,0.6477272727272727,,,
2018,2016,True,NV,95865,"Health Plan of Nevada, Inc.",456278,14267,447,283,,,,,,,456278.0,14267.0,0.03126821806004234,,0.03133104366720404,0.6331096196868009,,,
2018,2016,True,OH,28162,AultCare Insurance Company,161810,1537,14,,,,,,,,161810.0,1537.0,0.009498794882887338,,0.009108653220559532,,,,
2018,2016,True,OH,41047,Buckeye Community Health Plan,186782,36994,49,,,,,,,,186782.0,36994.0,0.19805977021340387,,0.001324539114450992,,,,
2018,2016,True,OH,52664,"Summa Insurance Company, Inc.",88993,26237,136,99,,,,,,,88993.0,26237.0,0.2948209409728855,,0.005183519457255021,0.7279411764705882,,,
2018,2016,True,OH,64353,"Molina Healthcare of Ohio, Inc.",165597,62212,15,,,,,,,,165597.0,62212.0,0.37568313435629874,,0.00024111103967080306,,,,
2018,2016,True,OH,74313,Paramount Insurance Company,184423,35417,50,27,,,,,,,184423.0,35417.0,0.1920422073168748,,0.001411751418810176,0.54,,,
2018,2016,True,OH,77552,CareSource,2632177,389003,1123,772,,,,,,,2632177.0,389003.0,0.1477875538005233,,0.002886867196396943,0.6874443455031166,,,
2018,2016,True,OH,99969,Medical Health Insuring Corp. of Ohio,2182544,224411,489,220,16,,,,,,2182544.0,224411.0,0.1028208366016905,,0.0021790375694596075,0.4498977505112474,,,
2018,2016,True,OK,87571,Blue Cross Blue Shield of Oklahoma,3790437,577932,1924,268,66,12,,,,,3790437.0,577932.0,0.15247107391575165,,0.0033291113833461374,0.1392931392931393,0.18181818181818182,,
2018,2016,True,OR,10091,PacificSource Health Plans,47952,5479,,,,,,,,,47952.0,5479.0,0.11426009342676009,,,,,,
2018,2016,True,OR,39424,"Moda Health Plan, Inc.",701000,74948,149,21,14,,,,,,701000.0,74948.0,0.10691583452211127,,0.001988045044564231,0.14093959731543623,,,
2018,2016,True,OR,56707,Providence Health Plan,1089054,125953,185,85,,,,,,,1089054.0,125953.0,0.11565358558896069,,0.0014688018546600717,0.4594594594594595,,,
2018,2016,True,OR,63474,BridgeSpan Health Company,35831,2318,18,,,,,,,,35831.0,2318.0,0.064692584633418,,0.007765314926660914,,,,
2018,2016,True,OR,71287,Kaiser Foundation Healthplan of the NW,26,,152,73,,,,,,,26.0,,,,,0.48026315789473684,,,
2018,2016,True,PA,16322,"UPMC Health Options, Inc.",3092644,121182,911,177,62,,,,,,3092644.0,121182.0,0.03918394745725664,,0.007517618128104834,0.1942919868276619,,,
2018,2016,True,PA,22444,Geisinger Health Plan,702031,47774,235,113,,,,,,,702031.0,47774.0,0.06805112594742967,,0.004918993594842383,0.4808510638297872,,,
2018,2016,True,PA,31609,Independence Blue Cross (QCC Ins. Co.),4194962,639833,87,31,,,,,,,4194962.0,639833.0,0.15252414682183058,,0.00013597298044958607,0.3563218390804598,,,
2018,2016,True,PA,33709,Highmark Inc.,550375,70436,154,78,,,,,,,550375.0,70436.0,0.12797819668407903,,0.0021863819637685275,0.5064935064935064,,,
2018,2016,True,PA,33871,Keystone Health Plan East,5916949,1397973,276,134,17,,,,,,5916949.0,1397973.0,0.2362658525534021,,0.0001974287057046166,0.4855072463768116,,,
2018,2016,True,PA,45127,Capital Advantage Assurance Company,752780,82272,145,67,,,,,,,752780.0,82272.0,0.10929089508222854,,0.0017624465188642551,0.46206896551724136,,,
2018,2016,True,PA,70194,Highmark Health Insurance Company,508334,35755,56,22,,,,,,,508334.0,35755.0,0.07033761267198338,,0.0015662145154523844,0.39285714285714285,,,
2018,2016,True,PA,83731,First Priority Health,,,,,,,,,,,,,,,,,,,
2018,2016,True,SC,26065,Blue Cross and Blue Shield of South Carolina,4904800,771688,830,466,19,10,,,,,4904800.0,771688.0,0.15733322459631383,,0.001075564217663097,0.5614457831325301,0.5263157894736842,,
2018,2016,True,SD,31195,Sanford Health Plan,138964,6654,53,17,,,,,,,138964.0,6654.0,0.04788290492501655,,0.007965133754132853,0.32075471698113206,,,
2018,2016,True,SD,60536,"Avera Health Plans, Inc.",115285,14636,150,61,,,,,,,115285.0,14636.0,0.12695493776293534,,0.010248701831101393,0.4066666666666667,,,
2018,2016,True,TN,14002,BlueCross BlueShield of Tennessee,7795307,1296017,598,312,,,,,,,7795307.0,1296017.0,0.1662560563682739,,0.00046141370059189036,0.5217391304347826,,,
2018,2016,True,TN,99248,Cigna Health and Life Insurance Company,349201,22971,532,160,,,,,,,349201.0,22971.0,0.065781598563578,,0.02315963606286187,0.3007518796992481,,,
2018,2016,True,TX,20069,Oscar Insurance Company of Texas,253320,43556,47,33,2,1,,,,,253320.0,43556.0,0.17194062845412916,,0.0010790706217283497,0.7021276595744681,0.5,,
2018,2016,True,TX,26539,SHA LLC FirstCare Health Plans,600869,119502,17,,,,,,,,600869.0,119502.0,0.1988819526385951,,0.0001422570333550903,,,,
2018,2016,True,TX,27248,Community Health Choice,1669848,440693,234,104,,,,,,,1669848.0,440693.0,0.26391204468909746,,0.0005309818853487576,0.4444444444444444,,,
2018,2016,True,TX,29418,Celtic Insurance Company,1015158,195246,227,65,,,,,,,1015158.0,195246.0,0.19233065197732765,,0.001162635854255657,0.28634361233480177,,,
2018,2016,True,TX,33602,Blue Cross Blue Shield of Texas,9070408,1743204,17821,1619,397,40,,,,,9070408.0,1743204.0,0.19218584213631845,,0.010223129364090491,0.09084787610122888,0.10075566750629723,,
2018,2016,True,TX,45786,Molina Healthcare of Texas,1794309,538630,572,396,,,,,,,1794309.0,538630.0,0.30018798322919854,,0.0010619534745558176,0.6923076923076923,,,
2018,2016,True,TX,66252,CHRISTUS Health Plan,176917,22645,629,358,,,,,,,176917.0,22645.0,0.1279978747096096,,0.027776551115036432,0.5691573926868044,,,
2018,2016,True,TX,71837,Sendero Health Plans,390784,91776,24,17,,,,,,,390784.0,91776.0,0.23485096626269245,,0.0002615062761506276,0.7083333333333334,,,
2018,2016,True,UT,42261,University of Utah Health Insurance Plans,27016,2359,112,25,,,,,,,27016.0,2359.0,0.08731862599940776,,0.04747774480712166,0.22321428571428573,,,
2018,2016,True,UT,68781,SelectHealth,3851019,399198,642,236,,,,,,,3851019.0,399198.0,0.1036603558694465,,0.0016082244901026558,0.367601246105919,,,
2018,2016,True,VA,10207,"CareFirst BlueChoice, Inc.",694026,89293,,,,,,,,,694026.0,89293.0,0.1286594450352004,,,,,,
2018,2016,True,VA,20507,Optima Health Plan,1962371,422303,152,51,,,,,,,1962371.0,422303.0,0.2152003876942739,,0.0003599311394898923,0.3355263157894737,,,
2018,2016,True,VA,37204,"Piedmont Community HealthCare HMO, Inc.",67947,12228,149,131,,,,,,,67947.0,12228.0,0.17996379531105125,,0.012185148838730783,0.8791946308724832,,,
2018,2016,True,VA,40308,Group Hospitalization and Medical Services Inc.,349209,46417,,,,,,,,,349209.0,46417.0,0.13292040010423556,,,,,,
2018,2016,True,VA,41921,Cigna Health and Life Insurance Company,,,,,,,,,,,,,,,,,,,
2018,2016,True,VA,88380,"HealthKeepers, Inc.",6354806,1663477,81,22,,,,,,,6354806.0,1663477.0,0.2617667636116665,,4.869318902515634e-05,0.2716049382716049,,,
2018,2016,True,VA,95185,"Kaiser Foundation Health Plan of the Mid-Atlantic States, Inc.",9337,2523,295,142,,,,,,,9337.0,2523.0,0.27021527257148975,,0.11692429647245343,0.48135593220338985,,,
2018,2016,True,WI,14630,Children's Community Health Plan ,,,,,,,,,,,,,,,,,,,
2018,2016,True,WI,20173,HealthPartners Insurance Company,,,,,,,,,,,,,,,,,,,
2018,2016,True,WI,37833,Unity Health Plans Insurance Corporation,363997,14594,27,12,,,,,,,363997.0,14594.0,0.04009373703629426,,0.0018500753734411403,0.4444444444444444,,,
2018,2016,True,WI,38166,Security Health Plan of Wisconsin,998427,75233,156,,,,,,,,998427.0,75233.0,0.0753515279534708,,0.0020735581460263447,,,,
2018,2016,True,WI,38345,Dean Health Plan,1163802,186462,157,73,,,,,,,1163802.0,186462.0,0.1602179752225894,,0.0008419946155248791,0.46496815286624205,,,
2018,2016,True,WI,57845,Medica Health Plans of Wisconsin,180106,21620,10,,,,,,,,180106.0,21620.0,0.12004042064117797,,0.00046253469010175765,,,,
2018,2016,True,WI,58326,MercyCare HMO,,,,,,,,,,,,,,,,,,,
2018,2016,True,WI,81413,Network Health Plan,66115,15382,23,18,,,,,,,66115.0,15382.0,0.23265522196173336,,0.0014952541932128462,0.782608695652174,,,
2018,2016,True,WI,86584,Aspirus Arise Health Plan of Wisconsin,,,,,,,,,,,,,,,,,,,
2018,2016,True,WI,87416,Common Ground Healthcare Cooperative,530152,103550,62,15,,,,,,,530152.0,103550.0,0.19532134180386002,,0.0005987445678416224,0.24193548387096775,,,
2018,2016,True,WI,94529,Group Health Cooperative of South Central Wisconsin,69989,4960,,,,,,,,,69989.0,4960.0,0.07086827930103302,,,,,,
2018,2016,True,WV,31274,Highmark Blue Cross Blue Shield West Virginia,1112766,65732,84,43,,,,,,,1112766.0,65732.0,0.059070819920809946,,0.001277916387756344,0.5119047619047619,,,
2018,2016,True,WV,50328,CareSource West Virginia Co.,55215,8951,18,12,,,,,,,55215.0,8951.0,0.16211174499683056,,0.002010948497374595,0.6666666666666666,,,
2018,2016,True,WY,11269,Blue Cross Blue Shield of Wyoming,904537,144255,113,77,,,,,,,904537.0,144255.0,0.1594793800585272,,0.0007833350663755156,0.6814159292035398,,,
2019,2017,True,AK,38344,Premera Blue Cross Blue Shield of Alaska,252739,8859,437,166,6,2,,,,,252739.0,8859.0,0.035051970609996874,,0.0493283666328028,0.37986270022883295,0.3333333333333333,,
2019,2017,True,AL,46944,Blue Cross and Blue Shield of Alabama,8229097,1831644,2480,577,42,,,,,,8229097.0,1831644.0,0.2225814083853915,,0.001353974899052436,0.23266129032258065,,,
2019,2017,True,AL,73301,"Bright Health Insurance Company of Alabama, Inc.",,,,,,,,,,,,,,,,,,,
2019,2017,True,AR,37903,"QualChoice Life & Health Insurance Company, Inc.",627574,102634,200,54,15,,,,,,627574.0,102634.0,0.163540873267535,,0.0019486719800455988,0.27,,,
2019,2017,True,AR,62141,Celtic Insurance Company,3478894,351698,162,48,17,14,,,,,3478894.0,351698.0,0.10109477322390392,,0.0004606224658656006,0.2962962962962963,0.8235294117647058,,
2019,2017,True,AR,70525,"QCA Health Plan, Inc.",704563,116814,367,36,131,21,,,,,704563.0,116814.0,0.16579638726416232,,0.0031417467084424813,0.09809264305177112,0.16030534351145037,,
2019,2017,True,AR,75293,USAble Mutual Insurance Company,7882095,1344826,2417,844,53,11,,,,,7882095.0,1344826.0,0.1706178370090693,,0.0017972585300998047,0.3491932147290029,0.20754716981132076,,
2019,2017,True,AZ,53901,"Blue Cross and Blue Shield of Arizona, Inc.",123454,22937,2131,925,58,,,,,,123454.0,22937.0,0.1857938989421161,,0.09290665736582814,0.4340685124354763,,,
2019,2017,True,AZ,91450,Ambetter from Arizona Complete Health,1062617,160526,1120,502,17,,,,,,1062617.0,160526.0,0.15106665901260755,,0.00697706290569752,0.44821428571428573,,,
2019,2017,True,DE,76168,Highmark BCBSD Inc.,335263,27922,45,17,,,,,,,335263.0,27922.0,0.08328386967843156,,0.0016116324045555477,0.37777777777777777,,,
2019,2017,True,FL,16842,Blue Cross and Blue Shield of Florida,16136090,636516,3427,1187,204,55,,,,,16136090.0,636516.0,0.039446730899493,,0.005383996631663619,0.3463670849139189,0.2696078431372549,,
2019,2017,True,FL,21663,Celtic Insurance Company,4024974,834501,979,462,26,10,,,,,4024974.0,834501.0,0.20733078027336327,,0.0011731561735695943,0.47191011235955055,0.38461538461538464,,
2019,2017,True,FL,30252,"Health Options, Inc.",11419533,348938,2581,1219,111,23,,,,,11419533.0,348938.0,0.03055624078497781,,0.007396729504955035,0.4722975590856257,0.2072072072072072,,
2019,2017,True,FL,36194,"Health First Commercial Plans, Inc.",458994,59486,263,141,12,,,,,,458994.0,59486.0,0.1296008226687059,,0.004421208351544901,0.5361216730038023,,,
2019,2017,True,FL,54172,"Molina Healthcare of Florida, Inc.",7807828,1910798,1033,367,28,11,,,,,7807828.0,1910798.0,0.2447284955559984,,0.0005406118281471929,0.3552758954501452,0.39285714285714285,,
2019,2017,True,FL,56503,"Florida Health Care Plan, Inc.",371954,8837,104,24,,,,,,,371954.0,8837.0,0.02375831420014303,,0.011768699784994908,0.23076923076923078,,,
2019,2017,True,GA,49046,"BCBS Healthcare Plan of Georgia, Inc.",9342627,2439462,878,130,12,,,,,,9342627.0,2439462.0,0.2611109273655044,,0.00035991542397463045,0.1480637813211845,,,
2019,2017,True,GA,70893,"Ambetter from Peach State Health Plan, Inc. ",2908913,,1815,458,,,,,,,2908913.0,,,,,0.25234159779614324,,,
2019,2017,True,GA,83761,Alliant Health Plans,319806,33770,1262,564,39,,,,,,319806.0,33770.0,0.10559526713069799,,0.037370447142434114,0.4469096671949287,,,
2019,2017,True,GA,89942,"Kaiser Foundation Health Plan of Georgia, Inc.",21064,4455,194,63,14,,,,,,21064.0,4455.0,0.21149829092290162,,0.04354657687991021,0.3247422680412371,,,
2019,2017,True,HI,18350,Hawaii Medical Service Association,483584,161163,33,21,,,,,,,483584.0,161163.0,0.3332678500529381,,0.00020476163883769848,0.6363636363636364,,,
2019,2017,True,HI,60612,"Kaiser Foundation Health Plan, Inc.",,,14,,,,,,,,,,,,,,,,
2019,2017,True,IA,93078,Medica Insurance Company,344412,18416,116,56,,,,,,,344412.0,18416.0,0.05347084306005598,,0.00629887054735013,0.4827586206896552,,,
2019,2017,True,IL,20129,"Health Alliance Medical Plans, Inc.",2707436,330223,383,207,30,,,,,,2707436.0,330223.0,0.12196890342006238,,0.0011598223018990197,0.5404699738903395,,,
2019,2017,True,IL,27833,Celtic Insurance Company,876420,181589,54,33,,,,,,,876420.0,181589.0,0.20719403938750827,,0.0002973748409870642,0.6111111111111112,,,
2019,2017,True,IL,36096,Blue Cross Blue Shield of Illinois,3815018,785178,3247,377,237,47,,,,,3815018.0,785178.0,0.205812397215426,,0.004135368031198021,0.11610717585463505,0.19831223628691982,,
2019,2017,True,IL,53882,"Cigna HealthCare of Illinois, Inc.",315274,33798,44,14,10,,,,,,315274.0,33798.0,0.1072019893806657,,0.0013018521806024024,0.3181818181818182,,,
2019,2017,True,IN,54192,"CareSource Indiana, Inc.",336130,72335,3191,1614,15,,,,,,336130.0,72335.0,0.2151994763930622,,0.044114190917259974,0.5057975556251959,,,
2019,2017,True,IN,76179,Celtic Insurance Company,514139,4425,608,221,22,13,,,,,514139.0,4425.0,0.00860662194464921,,0.13740112994350281,0.36348684210526316,0.5909090909090909,,
2019,2017,True,KS,18558,"Blue Cross and Blue Shield of Kansas, Inc.",,,,,,,,,,,,,,,,,,,
2019,2017,True,KS,39520,Medica Insurance Company,192682,14056,94,58,,,,,,,192682.0,14056.0,0.07294921165443581,,0.006687535571997723,0.6170212765957447,,,
2019,2017,True,KS,80065,"Sunflower State Health Plan, Inc.",,,,,,,,,,,,,,,,,,,
2019,2017,True,KY,36239,Anthem Health Plans of KY(Anthem BCBS),2506600,627039,504,200,,,,,,,2506600.0,627039.0,0.2501551902976143,,0.000803777755450618,0.3968253968253968,,,
2019,2017,True,KY,45636,CareSource Kentucky Co.,273596,69492,1100,323,,,,,,,273596.0,69492.0,0.25399494144651236,,0.015829160191101133,0.29363636363636364,,,
2019,2017,True,LA,19636,"HMO Louisiana, Inc.",3906164,1122288,693,256,23,,,,,,3906164.0,1122288.0,0.28731205346216904,,0.0006174885590864378,0.3694083694083694,,,
2019,2017,True,LA,67243,"Vantage Health Plan, Inc.",153837,14092,429,310,,,,,,,153837.0,14092.0,0.09160345040529912,,0.03044280442804428,0.7226107226107226,,,
2019,2017,True,LA,97176,Louisiana Health Service & Indemnity Company,918690,293942,114,41,11,,,,,,918690.0,293942.0,0.3199577659493409,,0.0003878316130393071,0.35964912280701755,,,
2019,2017,True,ME,33653,Maine Community Health Options,1126956,148445,128,52,,,,,,,1126956.0,148445.0,0.13172209030343687,,0.0008622722220350972,0.40625,,,
2019,2017,True,ME,48396,Anthem Health Plans of ME(Anthem BCBS),836945,193746,331,164,,,,,,,836945.0,193746.0,0.231491914044531,,0.001708422367429521,0.4954682779456193,,,
2019,2017,True,ME,96667,"Harvard Pilgrim  Health Care, Inc.",603798,142411,55,26,,,,,,,603798.0,142411.0,0.2358586812145784,,0.0003862061217181257,0.4727272727272727,,,
2019,2017,True,MI,29698,Priority Health,1934517,377599,405,19,28,,,,,,1934517.0,377599.0,0.1951903239930174,,0.0010725663998050843,0.04691358024691358,,,
2019,2017,True,MI,40047,"Molina Healthcare of Michigan, Inc.",511779,110302,181,52,,,,,,,511779.0,110302.0,0.2155266237965997,,0.0016409493934833458,0.287292817679558,,,
2019,2017,True,MI,58594,"Meridian Health Plan of Michigan, Inc.",37804,8707,53,17,12,,,,,,37804.0,8707.0,0.23031954290551265,,0.006087056391409211,0.32075471698113206,,,
2019,2017,True,MI,60829,Physicians Health Plan,230906,28118,48,12,,,,,,,230906.0,28118.0,0.12177249616727152,,0.0017070915427839818,0.25,,,
2019,2017,True,MI,67183,Total Health Care,214877,87633,,,,,,,,,214877.0,87633.0,0.40782866477100854,,,,,,
2019,2017,True,MI,74917,McLaren Health Plan Community,36468,5689,36,23,,,,,,,36468.0,5689.0,0.15599978062959308,,0.0063280014062225345,0.6388888888888888,,,
2019,2017,True,MI,98185,Blue Care Network of Michigan,2581719,667674,372,266,21,,,,,,2581719.0,667674.0,0.2586160616240575,,0.0005571581340594362,0.7150537634408602,,,
2019,2017,True,MO,32753,Healthy Alliance Life Co(Anthem BCBS),4477148,1061399,229,74,,,,,,,4477148.0,1061399.0,0.23707034031486116,,0.000215752982620108,0.3231441048034934,,,
2019,2017,True,MO,74483,Cigna Health and Life Insurance Company,1607008,133048,401,171,,,,,,,1607008.0,133048.0,0.08279236942193194,,0.0030139498526847454,0.42643391521197005,,,
2019,2017,True,MO,99723,Celtic Insurance Company,,,,,,,,,,,,,,,,,,,
2019,2017,True,MS,90714,"Ambetter of Magnolia, Inc.",1735056,137875,255,188,,,,,,,1735056.0,137875.0,0.07946429394786104,,0.0018495013599274706,0.7372549019607844,,,
2019,2017,True,MT,23603,PacificSource Health Plans,291956,23502,34,14,,,,,,,291956.0,23502.0,0.08049843127046541,,0.0014466853884775764,0.4117647058823529,,,
2019,2017,True,MT,30751,Blue Cross and Blue Shield of Montana,488714,72567,255,50,10,,,,,,488714.0,72567.0,0.1484856173549356,,0.003513993964198603,0.19607843137254902,,,
2019,2017,True,MT,32225,Montana Health Cooperative,163392,17067,156,62,,,,,,,163392.0,17067.0,0.10445431844888367,,0.009140446475654773,0.3974358974358974,,,
2019,2017,True,NC,11512,Blue Cross and Blue Shield of North Carolina,21942057,4461371,1776,812,499,80,,,,,21942057.0,4461371.0,0.2033251030201954,,0.00039808390739079984,0.4572072072072072,0.16032064128256512,,
2019,2017,True,NC,73943,"Cigna HealthCare of North Carolina, Inc.",356891,28653,52,34,,,,,,,356891.0,28653.0,0.08028501699398416,,0.0018148186926325342,0.6538461538461539,,,
2019,2017,True,ND,37160,Blue Cross Blue Shield of North Dakota,554896,59134,66,16,,,,,,,554896.0,59134.0,0.10656771719385254,,0.0011161091757702845,0.24242424242424243,,,
2019,2017,True,ND,89364,Sanford Health Plan,68269,6271,36,16,,,,,,,68269.0,6271.0,0.09185721191170224,,0.00574071121033328,0.4444444444444444,,,
2019,2017,True,NE,20305,Medica Insurance Company,799419,39237,293,177,,,,,,,799419.0,39237.0,0.04908189572677157,,0.00746744144557433,0.6040955631399317,,,
2019,2017,True,NH,59025,Harvard Pilgrim Health Care of New England,348690,84490,99,41,,,,,,,348690.0,84490.0,0.24230692018698557,,0.0011717363001538643,0.41414141414141414,,,
2019,2017,True,NH,75841,Celtic Insurance Company,591673,165489,170,73,,,,,,,591673.0,165489.0,0.27969672437309123,,0.001027258609333551,0.4294117647058823,,,
2019,2017,True,NH,96751,Matthew Thornton Hlth Plan(Anthem BCBS),1320102,291939,451,216,,,,,,,1320102.0,291939.0,0.22114882031842995,,0.0015448432720534084,0.4789356984478936,,,
2019,2017,True,NJ,23818,Oscar Garden State Insurance Corporation,,,,,,,,,,,,,,,,,,,
2019,2017,True,NJ,77606,"AmeriHealth HMO, Inc.",302492,48873,51,,,,,,,,302492.0,48873.0,0.16156790923396322,,0.001043520962494629,,,,
2019,2017,True,NJ,91661,"Horizon Healthcare Services, Inc.",7391551,1796692,2179,539,69,32,,,,,7391551.0,1796692.0,0.24307374730959713,,0.0012127843837452384,0.24736117485084902,0.463768115942029,,
2019,2017,True,NJ,91762,AmeriHealth Ins Company of New Jersey,1856110,279833,229,43,14,,,,,,1856110.0,279833.0,0.15076315520093098,,0.0008183452273320159,0.18777292576419213,,,
2019,2017,True,NM,19722,"Molina Healthcare of New Mexico, Inc.",746507,151976,50,16,,,,,,,746507.0,151976.0,0.20358281971903813,,0.0003289993156814234,0.32,,,
2019,2017,True,NM,72034,CHRISTUS Health Plan,28693,3421,105,67,,,,,,,28693.0,3421.0,0.11922768619523925,,0.030692779888921367,0.638095238095238,,,
2019,2017,True,NM,75605,Blue Cross Blue Shield of New Mexico,50063,8988,41,,,,,,,,50063.0,8988.0,0.17953378742784093,,0.004561637739207832,,,,
2019,2017,True,NM,93091,New Mexico Health Connections,318328,63420,365,232,,,,,,,318328.0,63420.0,0.19922846874921465,,0.00575528224534847,0.6356164383561644,,,
2019,2017,True,NV,45142,SilverSummit Health Plan,,,,,,,,,,,,,,,,,,,
2019,2017,True,NV,95865,"Health Plan of Nevada, Inc.",922439,147295,412,220,,,,,,,922439.0,147295.0,0.15967993547540812,,0.002797107844801249,0.5339805825242718,,,
2019,2017,True,OH,28162,AultCare Insurance Company,182635,17555,20,11,,,,,,,182635.0,17555.0,0.09612067785473759,,0.0011392765593847907,0.55,,,
2019,2017,True,OH,29276,Community Insurance Company(Anthem BCBS),1956586,490245,144,31,15,,,,,,1956586.0,490245.0,0.2505614371154654,,0.0002937306856775694,0.2152777777777778,,,
2019,2017,True,OH,41047,Buckeye Community Health Plan,186782,36994,11,,,,,,,,186782.0,36994.0,0.19805977021340387,,0.00029734551548899824,,,,
2019,2017,True,OH,45845,Oscar Insurance Corporation of Ohio,,,,,,,,,,,,,,,,,,,
2019,2017,True,OH,52664,Summa Insurance Company,78102,10099,137,102,,,,,,,78102.0,10099.0,0.1293052674707434,,0.01356569957421527,0.7445255474452555,,,
2019,2017,True,OH,64353,"Molina Healthcare of Ohio, Inc.",610707,131311,248,122,,,,,,,610707.0,131311.0,0.21501472883068312,,0.001888646038793399,0.49193548387096775,,,
2019,2017,True,OH,74313,Paramount Insurance Company,197937,47912,41,26,,,,,,,197937.0,47912.0,0.2420568160576345,,0.0008557355151110369,0.6341463414634146,,,
2019,2017,True,OH,77552,CareSource,657078,114482,3365,1003,18,,,,,,657078.0,114482.0,0.17422893476877935,,0.029393267063817893,0.29806835066864784,,,
2019,2017,True,OH,99969,Medical Health Insuring Corp. of Ohio,2094646,280022,575,341,28,15,,,,,2094646.0,280022.0,0.13368464170079336,,0.0020534100892072764,0.5930434782608696,0.5357142857142857,,
2019,2017,True,OK,87571,Blue Cross Blue Shield of Oklahoma,2604101,388445,2522,305,192,29,,,,,2604101.0,388445.0,0.1491666413860292,,0.0064925536433729355,0.12093576526566217,0.15104166666666666,,
2019,2017,True,OR,10091,PacificSource Health Plans,148366,11496,35,,,,,,,,148366.0,11496.0,0.07748405969022552,,0.003044537230340988,,,,
2019,2017,True,OR,39424,"Moda Health Plan, Inc.",368623,38023,110,38,,,,,,,368623.0,38023.0,0.10314874546623515,,0.0028929858243694605,0.34545454545454546,,,
2019,2017,True,OR,56707,Providence Health Plan,411671,29342,290,133,16,,,,,,411671.0,29342.0,0.07127536309334395,,0.00988344352804853,0.4586206896551724,,,
2019,2017,True,OR,63474,BridgeSpan Health Company,236023,10170,58,18,10,,,,,,236023.0,10170.0,0.04308902098524296,,0.005703048180924287,0.3103448275862069,,,
2019,2017,True,OR,71287,"Kaiser Foundation Health Plan of the Northwest, Inc.",15,,266,99,,,,,,,15.0,,,,,0.37218045112781956,,,
2019,2017,True,PA,16322,UPMC Health Plan,4113544,156919,815,187,,,,,,,4113544.0,156919.0,0.038146911762703885,,0.005193762386963975,0.2294478527607362,,,
2019,2017,True,PA,22444,Geisinger Health Plan,1264166,250114,105,39,,,,,,,1264166.0,250114.0,0.19784901666395077,,0.00041980856729331424,0.37142857142857144,,,
2019,2017,True,PA,31609,Independence Blue Cross (QCC Ins. Co.),1176989,151264,45,15,,,,,,,1176989.0,151264.0,0.12851776864524647,,0.0002974931246033425,0.3333333333333333,,,
2019,2017,True,PA,33709,"Highmark, Inc.",265821,23754,39,17,,,,,,,265821.0,23754.0,0.08936088570880404,,0.001641828744632483,0.4358974358974359,,,
2019,2017,True,PA,33871,"Keystone Health Plan East, Inc.",4176544,554029,101,29,10,,,,,,4176544.0,554029.0,0.13265249929128006,,0.00018230092648579768,0.2871287128712871,,,
2019,2017,True,PA,38949,Highmark Choice Company,,,,,,,,,,,,,,,,,,,
2019,2017,True,PA,45127,Capital Advantage Assurance Company PA,2337663,402910,228,93,,,,,,,2337663.0,402910.0,0.17235589561027403,,0.0005658831997220223,0.40789473684210525,,,
2019,2017,True,PA,70194,Highmark Health Insurance Company,568325,49643,80,25,,,,,,,568325.0,49643.0,0.0873496678836933,,0.0016115061539391253,0.3125,,,
2019,2017,True,PA,83731,First Priority Health,446881,37624,141,75,,,,,,,446881.0,37624.0,0.08419243601764229,,0.00374760790984478,0.5319148936170213,,,
2019,2017,True,SC,26065,Blue Cross and Blue Shield of South Carolina,10001346,1558807,3855,1850,48,17,,,,,10001346.0,1558807.0,0.1558597212815155,,0.0024730450915347443,0.4798962386511025,0.3541666666666667,,
2019,2017,True,SD,31195,Sanford Health Plan,165412,11564,75,29,,,,,,,165412.0,11564.0,0.06991028462263923,,0.006485645105499827,0.38666666666666666,,,
2019,2017,True,SD,60536,Avera Health Plans,124698,13041,153,55,,,,,,,124698.0,13041.0,0.10458066689120916,,0.011732229123533472,0.35947712418300654,,,
2019,2017,True,TN,14002,BlueCross BlueShield of Tennessee,4437499,662631,978,335,22,,,,,,4437499.0,662631.0,0.14932532942542634,,0.0014759345699190047,0.3425357873210634,,,
2019,2017,True,TN,23552,Oscar Insurance Company,,,,,,,,,,,,,,,,,,,
2019,2017,True,TN,99248,Cigna Health and Life Insurance Company,1594841,122820,406,118,,,,,,,1594841.0,122820.0,0.07701081173609156,,0.00330565054551376,0.29064039408866993,,,
2019,2017,True,TX,20069,Oscar Insurance Corporation of Ohio,284709,54077,63,16,,,,,,,284709.0,54077.0,0.18993779613570347,,0.0011650054551842744,0.25396825396825395,,,
2019,2017,True,TX,26539,"SHA, LLC",575174,118555,105,52,11,,,,,,575174.0,118555.0,0.20612023492021544,,0.0008856648812787314,0.49523809523809526,,,
2019,2017,True,TX,27248,Community Health Choice,4271916,696500,390,83,,,,,,,4271916.0,696500.0,0.16304159538717522,,0.0005599425699928213,0.2128205128205128,,,
2019,2017,True,TX,29418,Celtic Insurance Company,3117047,1395265,112078,1597,80,34,,,,,3117047.0,1395265.0,0.4476239851372148,,0.08032739300419633,0.014249005157122718,0.425,,
2019,2017,True,TX,33602,Blue Cross Blue Shield of Texas,8172875,1696455,17561,1213,780,53,,,,,8172875.0,1696455.0,0.2075713870577979,,0.010351586101605996,0.06907351517567337,0.06794871794871794,,
2019,2017,True,TX,45786,"Molina Healthcare of Texas, Inc.",5117725,1132812,1846,1114,,,,,,,5117725.0,1132812.0,0.22135069781983205,,0.001629573133052969,0.6034669555796316,,,
2019,2017,True,TX,66252,CHRISTUS Health Plan,214345,18881,356,158,,,,,,,214345.0,18881.0,0.08808696260701206,,0.018854933531062972,0.4438202247191011,,,
2019,2017,True,TX,71837,"Sendero Health Plans, Inc.",910955,228319,75,58,,,,,,,910955.0,228319.0,0.25063696889528025,,0.0003284877736850634,0.7733333333333333,,,
2019,2017,True,UT,18167,Molina Healthcare of Utah,1461387,301881,310,100,,,,,,,1461387.0,301881.0,0.2065715652322075,,0.0010268947035421243,0.3225806451612903,,,
2019,2017,True,UT,42261,University of Utah Health Insurance Plans,60768,7152,291,99,,,,,,,60768.0,7152.0,0.11769352290679305,,0.040687919463087245,0.3402061855670103,,,
2019,2017,True,UT,68781,"SelectHealth, Inc.",5039595,497366,2889,934,23,,,,,,5039595.0,497366.0,0.09869166073861094,,0.0058085997032366506,0.32329525787469715,,,
2019,2017,True,VA,10207,"CareFirst BlueChoice, Inc.",698743,89257,,,,,,,,,698743.0,89257.0,0.12773938343568378,,,,,,
2019,2017,True,VA,20507,Optima Health Plan,733233,135386,115,32,,,,,,,733233.0,135386.0,0.1846425351832228,,0.0008494231308997976,0.2782608695652174,,,
2019,2017,True,VA,37204,"Piedmont Community HealthCare HMO, Inc.",86799,5510,163,142,,,,,,,86799.0,5510.0,0.06347999400914757,,0.02958257713248639,0.8711656441717791,,,
2019,2017,True,VA,40308,"Group Hospitalization and Medical Services, Inc.",353748,48012,,,,,,,,,353748.0,48012.0,0.13572373554055428,,,,,,
2019,2017,True,VA,41921,Cigna Health and Life Insurance Company,295996,30465,66,30,,,,,,,295996.0,30465.0,0.10292368815794808,,0.0021664204825209256,0.45454545454545453,,,
2019,2017,True,VA,88380,"HealthKeepers, Inc(Anthem BCBS)",7141892,1717634,178,33,33,11,,,,,7141892.0,1717634.0,0.2405012565297823,,0.00010363092486525069,0.1853932584269663,0.3333333333333333,,
2019,2017,True,VA,95185,"Kaiser Foundation Health Plan of the Mid-Atlantic States, Inc.",10303,2772,92,55,,,,,,,10303.0,2772.0,0.26904785014073573,,0.03318903318903319,0.5978260869565217,,,
2019,2017,True,WI,14630,Children's Community Health Plan ,42662,6998,139,44,,,,,,,42662.0,6998.0,0.1640335661713,,0.01986281794798514,0.31654676258992803,,,
2019,2017,True,WI,20173,"HealthPartners, Inc.",42354,6865,,,,,,,,,42354.0,6865.0,0.16208622562213723,,,,,,
2019,2017,True,WI,37833,Unity Health Plans Insurance Corporation,127825,17651,113,45,,,,,,,127825.0,17651.0,0.13808722863289655,,0.006401903574868279,0.39823008849557523,,,
2019,2017,True,WI,38166,"Security Health Plan of Wisconsin, Inc.",952777,65514,117,52,,,,,,,952777.0,65514.0,0.06876110569419706,,0.0017858778276398939,0.4444444444444444,,,
2019,2017,True,WI,38345,"Dean Health Plan, Inc.",1030413,183187,70,30,10,,,,,,1030413.0,183187.0,0.17778017163991525,,0.00038212318559723127,0.42857142857142855,,,
2019,2017,True,WI,52697,"Molina Healthcare of Wisconsin, Inc.",2081778,427607,563,285,19,,,,,,2081778.0,427607.0,0.20540470693801163,,0.001316629521967601,0.5062166962699822,,,
2019,2017,True,WI,57845,Medica Health Plans of Wisconsin,130108,7490,60,49,,,,,,,130108.0,7490.0,0.0575675592584622,,0.00801068090787717,0.8166666666666667,,,
2019,2017,True,WI,58326,"MercyCare HMO, Inc.",150067,31030,27,13,,,,,,,150067.0,31030.0,0.20677430747599407,,0.0008701256848211408,0.48148148148148145,,,
2019,2017,True,WI,81413,Network Health Plan,192867,17500,156,111,,,,,,,192867.0,17500.0,0.09073610311769251,,0.008914285714285715,0.7115384615384616,,,
2019,2017,True,WI,86584,"Aspirus Arise Health Plan of Wisconsin, Inc.",75947,9864,63,31,,,,,,,75947.0,9864.0,0.12988004792816044,,0.006386861313868613,0.49206349206349204,,,
2019,2017,True,WI,87416,Common Ground Healthcare Cooperative,802139,133654,441,95,15,,,,,,802139.0,133654.0,0.16662199444235973,,0.0032995645472638307,0.21541950113378686,,,
2019,2017,True,WI,94529,Group Health Cooperative of South Central Wisconsin,113954,8564,,,15,,,,,,113954.0,8564.0,0.07515313196552995,,,,,,
2019,2017,True,WV,31274,Highmark Blue Cross Blue Shield West Virginia,808499,57535,63,23,,,,,,,808499.0,57535.0,0.07116273489515756,,0.0010949856609020596,0.36507936507936506,,,
2019,2017,True,WV,50328,CareSource West Virginia,57596,16259,504,106,,,,,,,57596.0,16259.0,0.2822939092992569,,0.030998216372470633,0.21031746031746032,,,
2019,2017,True,WY,11269,Blue Cross Blue Shield of Wyoming,932043,156104,1606,338,,,,,,,932043.0,156104.0,0.1674858348810087,,0.010288013119458822,0.21046077210460773,,,
2020,2018,True,AK,38344,Premera Blue Cross Blue Shield of Alaska,504380,70912,178,76,11,,,,,,504380.0,70912.0,0.14059241048415877,,0.002510153429602888,0.42696629213483145,,,
2020,2018,True,AK,77963,Moda Assurance Company,,,,,,,,,,,,,,,,,,,
2020,2018,True,AL,46944,Blue Cross and Blue Shield of Alabama,5816631,1204590,7009,1787,220,23,,,,,5816631.0,1204590.0,0.20709410653692834,,0.005818577275255481,0.2549579112569553,0.10454545454545454,,
2020,2018,True,AL,73301,"Bright Health Insurance Company of Alabama, Inc.",21635,3961,,,,,,,,,21635.0,3961.0,0.18308296741391264,,,,,,
2020,2018,True,AR,37903,"QualChoice Life & Health Insurance Company, Inc.",559994,92765,71,13,33,,,,,,559994.0,92765.0,0.1656535605738633,,0.0007653748719883577,0.18309859154929578,,,
2020,2018,True,AR,62141,Celtic Insurance Company,3048249,540482,825,235,24,16,,,,,3048249.0,540482.0,0.17730900592438478,,0.0015264153107781573,0.28484848484848485,0.6666666666666666,,
2020,2018,True,AR,70525,"QCA Health Plan, Inc.",571445,93792,106,43,45,13,,,,,571445.0,93792.0,0.16413128122566475,,0.001130160354827704,0.4056603773584906,0.28888888888888886,,
2020,2018,True,AR,75293,USAble Mutual Insurance Company,1987042,396900,6848,2959,20,,,,,,1987042.0,396900.0,0.1997441422979484,,0.017253716301335348,0.43209696261682246,,,
2020,2018,True,AZ,13877,"Oscar Health Plan, Inc.",,,,,,,,,,,,,,,,,,,
2020,2018,True,AZ,53901,"Blue Cross and Blue Shield of Arizona, Inc.",735948,74709,579,264,47,,,,,,735948.0,74709.0,0.10151396566061732,,0.007750070272657912,0.45595854922279794,,,
2020,2018,True,AZ,87247,Bright Health Company of Arizona,,,,,,,,,,,,,,,,,,,
2020,2018,True,AZ,91450,"Health Net of Arizona, Inc.",3606632,764177,4109,969,27,,,,,,3606632.0,764177.0,0.21188105689740455,,0.005377026526576958,0.23582380141153567,,,
2020,2018,True,AZ,97667,"Cigna HealthCare of Arizona, Inc",,,,,,,,,,,,,,,,,,,
2020,2018,True,DE,76168,Highmark BCBSD Inc.,534911,39301,56,29,,,,,,,534911.0,39301.0,0.07347203553488338,,0.0014249001297676903,0.5178571428571429,,,
2020,2018,True,FL,12379,Bright Health Insurance Company of Florida,,,,,,,,,,,,,,,,,,,
2020,2018,True,FL,16842,Blue Cross and Blue Shield of Florida,14666581,95386,2224,577,122,34,,,,,14666581.0,95386.0,0.006503628896196053,,0.023315790577233556,0.25944244604316546,0.2786885245901639,,
2020,2018,True,FL,21663,Celtic Insurance Company,10593502,2527263,2074,488,,,,,,,10593502.0,2527263.0,0.23856728398219965,,0.0008206506406337607,0.23529411764705882,,,
2020,2018,True,FL,30252,"Health Options, Inc.",19045851,92770,2249,818,90,17,,,,,19045851.0,92770.0,0.00487087712699212,,0.02424275088929611,0.3637172076478435,0.18888888888888888,,
2020,2018,True,FL,36194,"Health First Commercial Plans, Inc.",715287,115313,363,190,18,,,,,,715287.0,115313.0,0.1612122127202088,,0.0031479538300104933,0.5234159779614325,,,
2020,2018,True,FL,40572,Oscar Insurance Company of Florida,,,,,,,,,,,,,,,,,,,
2020,2018,True,FL,48121,Cigna Health and Life Insurance Company,5978,2011,11,,,,,,,,5978.0,2011.0,0.3364001338240214,,0.005469915464942815,,,,
2020,2018,True,FL,54172,"Molina Healthcare of Florida, Inc",1220152,418296,231,65,12,,,,,,1220152.0,418296.0,0.34282286141398777,,0.0005522405186757703,0.2813852813852814,,,
2020,2018,True,FL,56503,"Florida Health Care Plan, Inc.",460129,29092,170,29,,,,,,,460129.0,29092.0,0.06322574756209672,,0.005843530867592465,0.17058823529411765,,,
2020,2018,True,GA,49046,"Blue Cross Blue Shield Healthcare Plan of Georgia, Inc.",2754610,141186,216,40,,,,,,,2754610.0,141186.0,0.05125444255266626,,0.001529896731970592,0.18518518518518517,,,
2020,2018,True,GA,58081,Oscar Health Plan of Georgia,,,,,,,,,,,,,,,,,,,
2020,2018,True,GA,60224,CareSource Georgia Co.,,,,,,,,,,,,,,,,,,,
2020,2018,True,GA,70893,Ambetter of Peach State Inc.,5204713,977496,1820,427,,,,,,,5204713.0,977496.0,0.1878097793288506,,0.001861900202149165,0.23461538461538461,,,
2020,2018,True,GA,83761,Alliant Health Plans,608701,38668,5676,2860,46,17,,,,,608701.0,38668.0,0.06352544188361774,,0.14678804179166235,0.5038759689922481,0.3695652173913043,,
2020,2018,True,GA,89942,Kaiser Foundation Health Plan of Georgia,197521,21642,328,143,12,,,,,,197521.0,21642.0,0.1095680965568218,,0.015155715737917012,0.43597560975609756,,,
2020,2018,True,HI,18350,Hawaii Medical Service Association,409325,93146,,,,,,,,,409325.0,93146.0,0.22756000732913945,,,,,,
2020,2018,True,HI,60612,"Kaiser Foundation Health Plan, Inc.",,,,,,,,,,,,,,,,,,,
2020,2018,True,IA,25896,"Wellmark Health Plan of Iowa, Inc.",,,,,,,,,,,,,,,,,,,
2020,2018,True,IA,74406,"Wellmark Value Health Plan, Inc.",,,,,,,,,,,,,,,,,,,
2020,2018,True,IA,93078,Medica Insurance Company,985619,127089,319,152,,,,,,,985619.0,127089.0,0.12894333408751252,,0.002510052010795584,0.47648902821316613,,,
2020,2018,True,IL,20129,"Health Alliance Medical Plans, Inc.",1450727,205736,384,210,24,,,,,,1450727.0,205736.0,0.14181579304721012,,0.0018664696504257885,0.546875,,,
2020,2018,True,IL,27833,Celtic Insurance Company,507107,127642,83,34,,,,,,,507107.0,127642.0,0.251706247399464,,0.0006502561852681719,0.40963855421686746,,,
2020,2018,True,IL,36096,Blue Cross Blue Shield of Illinois,7982772,1330008,326,68,16,,,,,,7982772.0,1330008.0,0.16660979419179203,,0.0002451113076011573,0.2085889570552147,,,
2020,2018,True,IL,53882,"Cigna HealthCare of Illinois, Inc.",342939,18284,457,88,,,,,,,342939.0,18284.0,0.05331560423282275,,0.024994530737256618,0.1925601750547046,,,
2020,2018,True,IL,85773,Quartz Health Benefit Plans Corporation,,,,,,,,,,,,,,,,,,,
2020,2018,True,IN,54192,"CareSource Indiana, Inc.",3322601,637709,5462,,,,,,,,3322601.0,637709.0,0.1919306591432435,,0.00856503514926087,,,,
2020,2018,True,IN,76179,Celtic Insurance Company,1478237,317224,959,,,,,,,,1478237.0,317224.0,0.21459617097934905,,0.0030231003959347337,,,,
2020,2018,True,KS,18558,"Blue Cross and Blue Shield of Kansas, Inc.",2446426,300502,254,,,,,,,,2446426.0,300502.0,0.12283306341577468,,0.0008452522778550559,,,,
2020,2018,True,KS,39520,Medica Insurance Company,336341,58835,148,,,,,,,,336341.0,58835.0,0.17492663695475721,,0.0025155094756522476,,,,
2020,2018,True,KS,43490,Oscar Insurance Company,,,,,,,,,,,,,,,,,,,
2020,2018,True,KS,76763,Cigna Health and Life Insurance Company,,,,,,,,,,,,,,,,,,,
2020,2018,True,KS,80065,"Sunflower State Health Plan, Inc",206095,36648,414,,,,,,,,206095.0,36648.0,0.17782090783376597,,0.011296660117878193,,,,
2020,2018,True,KY,36239,Anthem Health Plans of KY(Anthem BCBS),1590335,59062,108,,,,,,,,1590335.0,59062.0,0.03713808725834494,,0.0018285869086722428,,,,
2020,2018,True,KY,45636,CareSource Kentucky Co.,2375183,434113,2017,,,,,,,,2375183.0,434113.0,0.18277033811710508,,0.004646255698401108,,,,
2020,2018,True,LA,19636,"HMO Louisiana, Inc.",2667055,381864,1026,,,,,,,,2667055.0,381864.0,0.14317814968195255,,0.0026868204386902143,,,,
2020,2018,True,LA,67243,"Vantage Health Plan, Inc.",332606,49693,457,,,,,,,,332606.0,49693.0,0.14940500171373938,,0.009196466303101041,,,,
2020,2018,True,LA,97176,Louisiana Health Service & Indemnity Company,206160,25239,169,,,,,,,,206160.0,25239.0,0.12242433061699651,,0.006695986370299932,,,,
2020,2018,True,LA,98780,CHRISTUS Health Plan Louisiana,,,,,,,,,,,,,,,,,,,
2020,2018,True,ME,33653,Maine Community Health Options,1167484,73744,521,,,,,,,,1167484.0,73744.0,0.06316489133898195,,0.007064981557821653,,,,
2020,2018,True,ME,48396,Anthem Health Plans of ME(Anthem BCBS),37516,3290,11,,,,,,,,37516.0,3290.0,0.08769591640899883,,0.0033434650455927053,,,,
2020,2018,True,ME,96667,Harvard Pilgrim Health Care Inc.,1065105,278794,124,,,,,,,,1065105.0,278794.0,0.2617525971617822,,0.0004447728430310552,,,,
2020,2018,True,MI,15560,Blue Cross Blue Shield of Michigan Mutual Insurance Company,2040782,373469,435,,,,,,,,2040782.0,373469.0,0.18300288810857798,,0.0011647553076694452,,,,
2020,2018,True,MI,29698,Priority Health,951552,61208,462,,,,,,,,951552.0,61208.0,0.0643243879472693,,0.007548032936870997,,,,
2020,2018,True,MI,40047,"Molina Healthcare of Michigan, Inc.",394733,106686,172,,,,,,,,394733.0,106686.0,0.27027383066528515,,0.0016122077873385449,,,,
2020,2018,True,MI,58594,"Meridian Health Plan of Michigan, Inc.",117295,33292,60,,,,,,,,117295.0,33292.0,0.2838313653608423,,0.0018022347711161841,,,,
2020,2018,True,MI,60829,Physicians Health Plan,188443,20377,16,,,,,,,,188443.0,20377.0,0.10813349394777201,,0.0007851989988712765,,,,
2020,2018,True,MI,67183,"Total Health Care USA, Inc.",389289,31627,,,,,,,,,389289.0,31627.0,0.08124298400417171,,,,,,
2020,2018,True,MI,74917,McLaren Health Plan Community,261534,90244,75,37,,,,,,,261534.0,90244.0,0.3450564744928002,,0.0008310801826160188,0.49333333333333335,,,
2020,2018,True,MI,77739,Oscar Insurance Company,,,,,,,,,,,,,,,,,,,
2020,2018,True,MI,98185,Blue Care Network of Michigan,3946599,620084,394,,,,,,,,3946599.0,620084.0,0.15711857221876355,,0.0006353977848162507,,,,
2020,2018,True,MO,32753,Healthy Alliance Life Co(Anthem BCBS),1589808,57222,136,,,,,,,,1589808.0,57222.0,0.03599302557289937,,0.0023767082590612004,,,,
2020,2018,True,MO,47840,SSM Health Insurance Company,,,,,,,,,,,,,,,,,,,
2020,2018,True,MO,53461,Medica Insurance Company,,,,,,,,,,,,,,,,,,,
2020,2018,True,MO,69512,Oscar Insurance Company,,,,,,,,,,,,,,,,,,,
2020,2018,True,MO,74483,Cigna Health and Life Insurance Company,2264511,113991,1902,,,,,,,,2264511.0,113991.0,0.050338019996370074,,0.016685527804826697,,,,
2020,2018,True,MO,96384,Cox Health Systems Insurance Company,,,,,,,,,,,,,,,,,,,
2020,2018,True,MO,99723,Celtic Insurance Company,2047926,445424,455,,,,,,,,2047926.0,445424.0,0.2175000463883949,,0.0010214986170480262,,,,
2020,2018,True,MS,79975,"Molina Healthcare of Mississippi, Inc",,,,,,,,,,,,,,,,,,,
2020,2018,True,MS,90714,Ambetter of Magnolia Inc.,60429,11128,492,,,,,,,,60429.0,11128.0,0.1841499942080789,,0.04421279654924515,,,,
2020,2018,True,MT,23603,PacificSource Health Plans,225458,14412,215,,,,,,,,225458.0,14412.0,0.06392321407978425,,0.01491812378573411,,,,
2020,2018,True,MT,30751,Blue Cross and Blue Shield of Montana,530172,64786,22,,,,,,,,530172.0,64786.0,0.12219807911394792,,0.00033957953878924457,,,,
2020,2018,True,MT,32225,Montana Health Cooperative,552464,37760,442,,,,,,,,552464.0,37760.0,0.06834834486952997,,0.01170550847457627,,,,
2020,2018,True,NC,11512,Blue Cross and Blue Shield of NC,27232607,3950642,1426,,,,,,,,27232607.0,3950642.0,0.14507028284144813,,0.00036095399178158894,,,,
2020,2018,True,NC,37900,Bright Health Company of North Carolina,,,,,,,,,,,,,,,,,,,
2020,2018,True,NC,73943,"Cigna HealthCare of North Carolina, Inc.",328760,13948,148,,,,,,,,328760.0,13948.0,0.0424260858985278,,0.01061084026383711,,,,
2020,2018,True,NC,77264,Ambetter of North Carolina Inc.,,,,,,,,,,,,,,,,,,,
2020,2018,True,ND,37160,Blue Cross Blue Shield of North Dakota,625860,62415,113,,,,,,,,625860.0,62415.0,0.09972677595628415,,0.001810462228630938,,,,
2020,2018,True,ND,73751,Medica Health Plans,,,,,,,,,,,,,,,,,,,
2020,2018,True,ND,89364,Sanford Health Plan,113101,7475,622,,,,,,,,113101.0,7475.0,0.0660913696607457,,0.08321070234113713,,,,
2020,2018,True,NE,20305,Medica Insurance Company,1842141,186695,492,,,,,,,,1842141.0,186695.0,0.1013467481588,,0.0026353142826535257,,,,
2020,2018,True,NE,83653,Bright Health Insurance Company,,,,,,,,,,,,,,,,,,,
2020,2018,True,NH,59025,Harvard Pilgrim Health Care of NE,175731,48053,37,,,,,,,,175731.0,48053.0,0.2734463469734993,,0.0007699831436122614,,,,
2020,2018,True,NH,75841,Celtic Insurance Company,28079,6429,236,,,,,,,,28079.0,6429.0,0.22896114533993375,,0.03670866386685332,,,,
2020,2018,True,NH,96751,Matthew Thornton Hlth Plan(Anthem BCBS),1360893,174394,167,,,,,,,,1360893.0,174394.0,0.12814673894273834,,0.0009576017523538654,,,,
2020,2018,True,NJ,23818,Oscar Garden State Insurance Corporation,101645,16699,38,,,,,,,,101645.0,16699.0,0.16428747110039846,,0.0022755853643930775,,,,
2020,2018,True,NJ,77606,"AmeriHealth HMO, Inc.",396776,95226,75,,,,,,,,396776.0,95226.0,0.2399993951247051,,0.0007876000252032008,,,,
2020,2018,True,NJ,91661,"Horizon Healthcare Services, Inc.",5598686,1162898,12703,,,,,,,,5598686.0,1162898.0,0.20770909459826822,,0.010923571972778353,,,,
2020,2018,True,NJ,91762,AmeriHealth Ins Company of New Jersey,3020127,615028,658,,,,,,,,3020127.0,615028.0,0.20364309183024423,,0.0010698699896590073,,,,
2020,2018,True,NM,19722,"Molina Healthcare of New Mexico, Inc.",689861,151197,69,,,,,,,,689861.0,151197.0,0.21917023864227722,,0.00045635826107660865,,,,
2020,2018,True,NM,42776,"True Health New Mexico, Inc.",,,,,,,,,,,,,,,,,,,
2020,2018,True,NM,75605,Blue Cross Blue Shield of New Mexico,145699,28550,24,,,,,,,,145699.0,28550.0,0.19595192829051675,,0.000840630472854641,,,,
2020,2018,True,NM,93091,New Mexico Health Connections,439200,72546,371,,,,,,,,439200.0,72546.0,0.1651775956284153,,0.005113996636616767,,,,
2020,2018,True,OH,28162,AultCare Insurance Company,199095,8617,16,,,,,,,,199095.0,8617.0,0.043280845827368845,,0.0018567947081350818,,,,
2020,2018,True,OH,29276,Community Insurance Company(Anthem BCBS),11442,3417,25,,,,,,,,11442.0,3417.0,0.2986366019926586,,0.0073163593795727245,,,,
2020,2018,True,OH,29341,Oscar Buckeye State Insurance Corp.,,,,,,,,,,,,,,,,,,,
2020,2018,True,OH,41047,Buckeye Community Health Plan,519747,116979,685,,,,,,,,519747.0,116979.0,0.22506912016808178,,0.005855751887090845,,,,
2020,2018,True,OH,45845,Oscar Insurance Corporation of Ohio,8665,55,82,,,,,,,,8665.0,55.0,0.006347374495095211,,1.490909090909091,,,,
2020,2018,True,OH,52664,"Summa Insurance Company, Inc.",70493,9648,115,,,,,,,,70493.0,9648.0,0.13686465322798008,,0.011919568822553897,,,,
2020,2018,True,OH,64353,"Molina Healthcare of Ohio, Inc.",632864,150361,318,,,,,,,,632864.0,150361.0,0.23758817060221468,,0.0021149101163200562,,,,
2020,2018,True,OH,74313,Paramount Insurance Company,270262,44046,56,,,,,,,,270262.0,44046.0,0.16297518704072345,,0.0012713980838214593,,,,
2020,2018,True,OH,77552,CareSource,3508607,652564,3164,,,,,,,,3508607.0,652564.0,0.18598948243562188,,0.004848566577377851,,,,
2020,2018,True,OH,99969,Medical Health Insuring Corp. of Ohio,2058140,239390,1203,,,,,,,,2058140.0,239390.0,0.1163137590251392,,0.005025272567776432,,,,
2020,2018,True,OK,21333,Medica Insurance Company,,,,,,,,,,,,,,,,,,,
2020,2018,True,OK,40463,Bright Health Insurance Company,,,,,,,,,,,,,,,,,,,
2020,2018,True,OK,87571,Blue Cross Blue Shield of Oklahoma,6995708,1075645,240,,,,,,,,6995708.0,1075645.0,0.15375784695416103,,0.00022312194078901495,,,,
2020,2018,True,OR,10091,PacificSource Health Plans,206797,19070,197,,,,,,,,206797.0,19070.0,0.0922160379502604,,0.010330361824855794,,,,
2020,2018,True,OR,39424,"Moda Health Plan, Inc.",661162,54600,72,,,,,,,,661162.0,54600.0,0.08258187857136375,,0.0013186813186813187,,,,
2020,2018,True,OR,56707,Providence Health Plan,530180,44866,561,,,,,,,,530180.0,44866.0,0.0846240899317213,,0.012503900503722194,,,,
2020,2018,True,OR,63474,BridgeSpan Health Company,34009,2408,54,,,,,,,,34009.0,2408.0,0.0708047869681555,,0.022425249169435217,,,,
2020,2018,True,OR,71287,Kaiser Foundation Healthplan of the NW,,,334,,,,,,,,,,,,,,,,
2020,2018,True,PA,16322,"UPMC Health Options, Inc.",3836202,146905,95,,,,,,,,3836202.0,146905.0,0.03829438595777803,,0.0006466764235390218,,,,
2020,2018,True,PA,22444,Geisinger Health Plan,1353167,201575,166,,,,,,,,1353167.0,201575.0,0.14896535313084047,,0.0008235148207863079,,,,
2020,2018,True,PA,31609,Independence Blue Cross (QCC Ins. Co.),1165326,160079,87,,,,,,,,1165326.0,160079.0,0.13736842737568714,,0.0005434816559323833,,,,
2020,2018,True,PA,33709,Highmark Inc.,21172,1581,19,,,,,,,,21172.0,1581.0,0.07467409786510486,,0.012017710309930424,,,,
2020,2018,True,PA,33871,"Keystone Health Plan East, Inc",4478410,744583,329,,,,,,,,4478410.0,744583.0,0.16626057015771223,,0.0004418580601491036,,,,
2020,2018,True,PA,38949,Highmark Choice Company,92376,5735,23,,,,,,,,92376.0,5735.0,0.062083225080107385,,0.004010462074978204,,,,
2020,2018,True,PA,45127,Capital Advantage Assurance Company,1566002,205517,325,,,,,,,,1566002.0,205517.0,0.13123674171552782,,0.001581377696248972,,,,
2020,2018,True,PA,75729,Geisinger Quality Options,,,,,,,,,,,,,,,,,,,
2020,2018,True,PA,79279,Highmark Coverage Advantage Inc.,,,,,,,,,,,,,,,,,,,
2020,2018,True,PA,79962,Highmark Benefits Group Inc.,,,,,,,,,,,,,,,,,,,
2020,2018,True,PA,86199,"Pennsylvania Health & Wellness, Inc.",,,,,,,,,,,,,,,,,,,
2020,2018,True,PA,98517,"Oscar Health Plan of Pennsylvania, Inc.",,,,,,,,,,,,,,,,,,,
2020,2018,True,SC,16985,Bright Health Company of South Carolina,,,,,,,,,,,,,,,,,,,
2020,2018,True,SC,26065,Blue Cross and Blue Shield of South Carolina,9849995,1605683,2013,,,,,,,,9849995.0,1605683.0,0.1630135852860839,,0.0012536721133623511,,,,
2020,2018,True,SC,42326,"MOLINA HEALTHCARE OF SOUTH CAROLINA, INC",,,,,,,,,,,,,,,,,,,
2020,2018,True,SC,79222,"Absolute Total Care, Inc",,,,,,,,,,,,,,,,,,,
2020,2018,True,SD,31195,Sanford Health Plan,453255,22448,280,,,,,,,,453255.0,22448.0,0.04952620489569889,,0.012473271560940842,,,,
2020,2018,True,SD,60536,"Avera Health Plans, Inc.",372944,58063,94,,,,,,,,372944.0,58063.0,0.15568825346432708,,0.0016189311609803145,,,,
2020,2018,True,TN,14002,BlueCross BlueShield of Tennessee,7317202,1207868,981,,,,,,,,7317202.0,1207868.0,0.16507238695884027,,0.0008121748402971186,,,,
2020,2018,True,TN,23552,Oscar Insurance Company,336971,73674,148,,,,,,,,336971.0,73674.0,0.2186360250585362,,0.0020088497977576894,,,,
2020,2018,True,TN,70111,Celtic Insurance Company,,,,,,,,,,,,,,,,,,,
2020,2018,True,TN,97906,Bright Health Insurance Company of Tennessee,,,,,,,,,,,,,,,,,,,
2020,2018,True,TN,99248,Cigna Health and Life Insurance Company,1952184,98068,3099,,,,,,,,1952184.0,98068.0,0.050235018830192234,,0.03160052208671534,,,,
2020,2018,True,TX,20069,Oscar Insurance Company,1234053,262171,677,,,,,,,,1234053.0,262171.0,0.21244711531838584,,0.002582284081763429,,,,
2020,2018,True,TX,26539,"SHA, LLC DBA FirstCare Health Plans",689194,129149,191,,,,,,,,689194.0,129149.0,0.18739135860149683,,0.0014789119544092483,,,,
2020,2018,True,TX,27248,"Community Health Choice, Inc.",2259355,385861,138,,,,,,,,2259355.0,385861.0,0.17078369711709757,,0.0003576417414561202,,,,
2020,2018,True,TX,29418,Celtic Insurance Company,4835793,1199078,1127,,,,,,,,4835793.0,1199078.0,0.24795891800993136,,0.0009398888145725299,,,,
2020,2018,True,TX,33602,Blue Cross Blue Shield of Texas,14065915,2535879,1102,,,,,,,,14065915.0,2535879.0,0.18028539202746496,,0.0004345633210417374,,,,
2020,2018,True,TX,45786,"Molina Healthcare of Texas, Inc.",5814783,1538371,2161,,,,,,,,5814783.0,1538371.0,0.26456206534276516,,0.0014047326685175422,,,,
2020,2018,True,TX,66252,CHRISTUS Health Plan,650838,135197,262,,,,,,,,650838.0,135197.0,0.207727575833003,,0.0019379128235093974,,,,
2020,2018,True,TX,71837,"Sendero Health Plans, inc.",446191,65619,26,,,,,,,,446191.0,65619.0,0.14706482201568385,,0.00039622670263185966,,,,
2020,2018,True,UT,18167,Molina Healthcare of Utah,,,,,,,,,,,,,,,,,,,
2020,2018,True,UT,34541,BridgeSpan Health Company,,,,,,,,,,,,,,,,,,,
2020,2018,True,UT,42261,University of Utah Health Insurance Plans,633043,215466,737,,,,,,,,633043.0,215466.0,0.3403655043970157,,0.00342049325647666,,,,
2020,2018,True,UT,68781,SelectHealth,6303368,669556,3060,,,,,,,,6303368.0,669556.0,0.10622194357048485,,0.004570192784472098,,,,
2020,2018,True,UT,81808,Cigna Health and Life Insurance Company,,,,,,,,,,,,,,,,,,,
2020,2018,True,VA,10207,"CareFirst BlueChoice, Inc.",107299,15996,49,,,,,,,,107299.0,15996.0,0.149078742579148,,0.0030632658164541134,,,,
2020,2018,True,VA,20507,Optima Health Plan,214900,99764,117,,,,,,,,214900.0,99764.0,0.4642345276872964,,0.0011727677318471594,,,,
2020,2018,True,VA,25922,Oscar Insurance Company,,,,,,,,,,,,,,,,,,,
2020,2018,True,VA,37204,"Piedmont Community HealthCare HMO, Inc.",,,,,,,,,,,,,,,,,,,
2020,2018,True,VA,40308,Group Hospitalization and Medical Services Inc.,76859,10927,23,,,,,,,,76859.0,10927.0,0.14216942713280162,,0.0021048778255696897,,,,
2020,2018,True,VA,41921,Cigna Health and Life Insurance Company,1930580,101737,3344,,,,,,,,1930580.0,101737.0,0.052697634907644335,,0.03286906435220225,,,,
2020,2018,True,VA,80352,"Virginia Premier Health Plan, Inc.",,,,,,,,,,,,,,,,,,,
2020,2018,True,VA,88380,"HealthKeepers, Inc.",2538860,150723,105,31,,,,,,,2538860.0,150723.0,0.0593664085455677,,0.0006966421846698912,0.29523809523809524,,,
2020,2018,True,VA,95185,"Kaiser Foundation Health Plan of the Mid-Atlantic States, Inc.",61424,8623,148,,,,,,,,61424.0,8623.0,0.1403848658504819,,0.017163400208744056,,,,
2020,2018,True,WI,14630,Children's Community Health Plan,616715,37326,491,171,14,,,,,,616715.0,37326.0,0.06052390488313078,,0.01315436960831592,0.34826883910386963,,,
2020,2018,True,WI,20173,HealthPartners Insurance Company,79939,4939,,,,,,,,,79939.0,4939.0,0.061784610765708854,,,,,,
2020,2018,True,WI,37833,Quartz Health Benefit Plans Corporation,538480,45592,165,51,,,,,,,538480.0,45592.0,0.08466795424156887,,0.0036190559747324093,0.3090909090909091,,,
2020,2018,True,WI,38166,"Security Health Plan of Wisconsin, Inc.",446488,21460,177,101,,,,,,,446488.0,21460.0,0.048064001720091024,,0.008247903075489282,0.5706214689265536,,,
2020,2018,True,WI,38345,Dean Health Plan,839270,64321,68,31,,,,,,,839270.0,64321.0,0.07663922218118127,,0.0010571974938200588,0.45588235294117646,,,
2020,2018,True,WI,52697,"Molina Healthcare of Wisconsin, Inc.",,,,,,,,,,,,,,,,,,,
2020,2018,True,WI,57845,Medica Community Health Plan,159539,13318,52,29,,,,,,,159539.0,13318.0,0.08347802104814497,,0.0039044901636882414,0.5576923076923077,,,
2020,2018,True,WI,58326,"MercyCare HMO, Inc.",249078,7329,,,,,,,,,249078.0,7329.0,0.029424517620986197,,,,,,
2020,2018,True,WI,81413,Network Health Plan,299081,73600,34,24,,,,,,,299081.0,73600.0,0.24608718039594624,,0.00046195652173913043,0.7058823529411765,,,
2020,2018,True,WI,84670,"WPS Health Plan, Inc.",,,,,,,,,,,,,,,,,,,
2020,2018,True,WI,86584,"Aspirus Arise Health Plan of Wisconsin, Inc.",82993,9764,198,75,,,,,,,82993.0,9764.0,0.11764847637752582,,0.020278574354772635,0.3787878787878788,,,
2020,2018,True,WI,87416,Common Ground Healthcare Cooperative,2430068,327062,53,17,15,,,,,,2430068.0,327062.0,0.13458964934314596,,0.00016204878585711577,0.32075471698113206,,,
2020,2018,True,WI,94529,Group Health Cooperative of South Central Wisconsin,100069,7220,19,,,,,,,,100069.0,7220.0,0.072150216350718,,0.002631578947368421,,,,
2020,2018,True,WV,31274,Highmark Blue Cross Blue Shield West Virginia,608399,35812,42,18,,,,,,,608399.0,35812.0,0.058862687151030824,,0.0011727912431587178,0.42857142857142855,,,
2020,2018,True,WV,50328,CareSource West Virginia Co.,352387,67650,364,230,,,,,,,352387.0,67650.0,0.19197643499902095,,0.0053806356245380636,0.6318681318681318,,,
2020,2018,True,WY,11269,Blue Cross Blue Shield of Wyoming,890759,128838,422,275,,,,,,,890759.0,128838.0,0.14463844878356547,,0.0032754311616138097,0.6516587677725119,,,
2021,2019,True,AK,38344,Premera Blue Cross Blue Shield of Alaska,440412,64537,180,63,,,,,,,440412.0,64537.0,0.14653778734457734,,0.0027890977268853526,0.35,,,
2021,2019,True,AK,77963,Moda Assurance Company,,,,,,,,,,,,,,,,,,,
2021,2019,True,AL,46944,Blue Cross and Blue Shield of Alabama,5726497,1258985,4392,1782,52,,,,,,5726497.0,1258985.0,0.21985255558502867,,0.0034885244859946705,0.4057377049180328,,,
2021,2019,True,AL,73301,"Bright Health Insurance Company of Alabama, Inc.",81484,23912,42,18,,,,,,,81484.0,23912.0,0.2934563840754013,,0.001756440281030445,0.42857142857142855,,,
2021,2019,True,AR,13262,"HMO Partners, Inc.",,,,,,,,,,,,,,,,,,,
2021,2019,True,AR,37903,"QualChoice Life & Health Insurance Company, Inc.",660234,122371,107,75,20,,,,,,660234.0,122371.0,0.1853448928713153,,0.0008743901741425664,0.7009345794392523,,,
2021,2019,True,AR,62141,Celtic Insurance Company,2556008,485794,436,194,,,,,,,2556008.0,485794.0,0.19005965552533483,,0.000897499763274145,0.44495412844036697,,,
2021,2019,True,AR,70525,"QCA Health Plan, Inc.",663481,123578,102,44,47,,,,,,663481.0,123578.0,0.18625702921409956,,0.0008253896324588519,0.43137254901960786,,,
2021,2019,True,AR,75293,USAble Mutual Insurance Company,5351709,1117028,3939,1387,14,,,,,,5351709.0,1117028.0,0.2087236058612305,,0.0035263216320450337,0.35211982736735215,,,
2021,2019,True,AZ,13877,"Oscar Health Plan, Inc.",9985,367,168,58,0,0,,,,,9985.0,367.0,0.03675513269904857,,0.45776566757493187,0.34523809523809523,nan,,
2021,2019,True,AZ,40702,"UnitedHealthcare of Arizona, Inc.",,,,,,,,,,,,,,,,,,,
2021,2019,True,AZ,53901,"Blue Cross and Blue Shield of Arizona, Inc.",1333839,135450,1276,534,74,,,,,,1333839.0,135450.0,0.101548987546473,,0.009420450350682908,0.41849529780564265,,,
2021,2019,True,AZ,87247,Bright Health Company of Arizona,299580,65396,304,114,28,,,,,,299580.0,65396.0,0.21829227585286068,,0.004648602361000673,0.375,,,
2021,2019,True,AZ,91450,"Health Net of Arizona, Inc.",2651029,719338,99,70,0,0,,,,,2651029.0,719338.0,0.27134293891164524,,0.0001376265399575721,0.7070707070707071,nan,,
2021,2019,True,AZ,97667,"Cigna HealthCare of Arizona, Inc",135130,15955,22,,,,,,,,135130.0,15955.0,0.11807148671649523,,0.0013788780946411784,,,,
2021,2019,True,DE,76168,Highmark BCBSD Inc.,550141,65768,96,35,,0,,,,,550141.0,65768.0,0.11954753417760174,,0.0014596764383894903,0.3645833333333333,,,
2021,2019,True,FL,12379,Bright Health Insurance Company of Florida,,,,,,,,,,,,,,,,,,,
2021,2019,True,FL,16842,Blue Cross and Blue Shield of Florida,17003717,797290,3381,1256,161,59,,,,,17003717.0,797290.0,0.046889159587871286,,0.00424061508359568,0.3714877255249926,0.36645962732919257,,
2021,2019,True,FL,19898,"AvMed, Inc.",,,,,,,,,,,,,,,,,,,
2021,2019,True,FL,21663,Celtic Insurance Company,10905345,2550671,626,372,,0,,,,,10905345.0,2550671.0,0.2338918209373477,,0.00024542561545569776,0.5942492012779552,,,
2021,2019,True,FL,30252,"Health Options, Inc.",18628060,1131069,2637,900,108,54,,,,,18628060.0,1131069.0,0.06071856113841162,,0.0023314227513971295,0.3412969283276451,0.5,,
2021,2019,True,FL,36194,"Health First Commercial Plans, Inc.",600003,65789,201,111,,,,,,,600003.0,65789.0,0.10964778509440787,,0.0030552219975983827,0.5522388059701493,,,
2021,2019,True,FL,40572,Oscar Insurance Company of Florida,228784,12114,271,118,,0,,,,,228784.0,12114.0,0.05294950695852857,,0.022370810632326234,0.4354243542435424,,,
2021,2019,True,FL,48121,Cigna Health and Life Insurance Company,7109,2605,40,,0,0,,,,,7109.0,2605.0,0.3664369109579406,,0.015355086372360844,,nan,,
2021,2019,True,FL,54172,"Molina Healthcare of Florida, Inc",787733,186976,0,0,0,0,,,,,787733.0,186976.0,0.23735961296530678,,0.0,nan,nan,,
2021,2019,True,FL,56503,"Florida Health Care Plan, Inc.",519193,29793,196,57,11,,,,,,519193.0,29793.0,0.0573832852137837,,0.0065787265465042126,0.29081632653061223,,,
2021,2019,True,GA,49046,Anthem Blue Cross and Blue Shield,1992857,806296,900,265,,0,,,,,1992857.0,806296.0,0.40459300391347697,,0.0011162153849206744,0.29444444444444445,,,
2021,2019,True,GA,58081,Oscar Health Plan of Georgia,,,,,,,,,,,,,,,,,,,
2021,2019,True,GA,60224,CareSource Georgia Co.,,,,,,,,,,,,,,,,,,,
2021,2019,True,GA,70893,Ambetter of Peach State Inc.,5892952,1366602,1319,748,,0,,,,,5892952.0,1366602.0,0.23190448522234697,,0.0009651676201264158,0.5670962850644428,,,
2021,2019,True,GA,83761,Alliant Health Plans,293787,20757,5063,1322,53,36,,,,,293787.0,20757.0,0.07065322835932154,,0.2439177145059498,0.26111001382579496,0.6792452830188679,,
2021,2019,True,GA,89942,Kaiser Foundation Health Plan of Georgia,87347,8918,1083,577,,0,,,,,87347.0,8918.0,0.10209852656645334,,0.12143978470509083,0.5327793167128347,,,
2021,2019,True,HI,18350,Hawaii Medical Service Association,555061,121993,58,36,0,0,,,,,555061.0,121993.0,0.21978305087188615,,0.0004754371152443173,0.6206896551724138,nan,,
2021,2019,True,HI,60612,"Kaiser Foundation Health Plan, Inc.",9055,335,82,27,0,0,,,,,9055.0,335.0,0.03699613473219216,,0.24477611940298508,0.32926829268292684,nan,,
2021,2019,True,IA,25896,"Wellmark Health Plan of Iowa, Inc.",217135,38815,,,,0,,,,,217135.0,38815.0,0.17875975775439243,,,,,,
2021,2019,True,IA,45819,Oscar Insurance Company,,,,,,,,,,,,,,,,,,,
2021,2019,True,IA,93078,Medica Insurance Company,1435262,140421,389,228,,,,,,,1435262.0,140421.0,0.0978364925706944,,0.002770240918381154,0.5861182519280206,,,
2021,2019,True,IL,20129,"Health Alliance Medical Plans, Inc.",1155063,160154,275,125,,,,,,,1155063.0,160154.0,0.13865390892098525,,0.0017170972938546649,0.45454545454545453,,,
2021,2019,True,IL,27833,Celtic Insurance Company,494314,129336,64,25,0,0,,,,,494314.0,129336.0,0.2616474548566296,,0.0004948351580379786,0.390625,nan,,
2021,2019,True,IL,36096,Blue Cross Blue Shield of Illinois,7491522,1216478,273,48,11,0,,,,,7491522.0,1216478.0,0.16238062172146062,,0.00022441836186104476,0.17582417582417584,0.0,,
2021,2019,True,IL,44522,Bright Health Insurance Company of Illinois,,,,,,,,,,,,,,,,,,,
2021,2019,True,IL,53882,"Cigna HealthCare of Illinois, Inc.",458558,73157,42,15,,,,,,,458558.0,73157.0,0.1595370705559602,,0.0005741077408860396,0.35714285714285715,,,
2021,2019,True,IL,54322,"MercyCare HMO, Inc.",,,,,,,,,,,,,,,,,,,
2021,2019,True,IL,65280,SSM Health Plan,,,,,,,,,,,,,,,,,,,
2021,2019,True,IL,85773,Quartz Health Benefit Plans Corporation,,,,,,,,,,,,,,,,,,,
2021,2019,True,IN,17575,Anthem Ins Companies Inc(Anthem BCBS),83940,6129,,,0,0,,,,,83940.0,6129.0,0.07301644031451036,,,,nan,,
2021,2019,True,IN,54192,"CareSource Indiana, Inc.",2509529,379181,515,276,82,33,,,,,2509529.0,379181.0,0.15109648065433792,,0.0013581904156590124,0.5359223300970873,0.4024390243902439,,
2021,2019,True,IN,76179,Celtic Insurance Company,1296378,288893,977,283,50,15,,,,,1296378.0,288893.0,0.222846268603756,,0.003381874950241093,0.2896622313203685,0.3,,
2021,2019,True,KS,18558,"Blue Cross and Blue Shield of Kansas, Inc.",2509717,266556,276,99,42,14,,,,,2509717.0,266556.0,0.10620958458662869,,0.0010354297033268807,0.358695652173913,0.3333333333333333,,
2021,2019,True,KS,39520,Medica Insurance Company,273244,42026,137,77,,,,,,,273244.0,42026.0,0.15380392616123317,,0.0032598867367819922,0.5620437956204379,,,
2021,2019,True,KS,43490,Oscar Insurance Company,,,,,,,,,,,,,,,,,,,
2021,2019,True,KS,76763,Cigna Health and Life Insurance Company,,,,,,,,,,,,,,,,,,,
2021,2019,True,KS,80065,"Sunflower State Health Plan, Inc",502794,117317,144,83,,0,,,,,502794.0,117317.0,0.2333301511155662,,0.001227443593000162,0.5763888888888888,,,
2021,2019,True,KS,94248,Blue Cross and Blue Shield of Kansas City,,,,,,,,,,,,,,,,,,,
2021,2019,True,KY,36239,Anthem Health Plans of KY(Anthem BCBS),1157764,386018,338,150,,0,,,,,1157764.0,386018.0,0.333416827609081,,0.0008756068369868763,0.4437869822485207,,,
2021,2019,True,KY,45636,CareSource Kentucky Co.,2007295,324939,828,512,57,26,,,,,2007295.0,324939.0,0.16187904617906188,,0.0025481705797088068,0.6183574879227053,0.45614035087719296,,
2021,2019,True,LA,19636,"HMO Louisiana, Inc.",2399726,388709,987,324,49,17,,,,,2399726.0,388709.0,0.1619805761157732,,0.0025391745495988,0.3282674772036474,0.3469387755102041,,
2021,2019,True,LA,67243,"Vantage Health Plan, Inc.",155633,24885,25,16,0,0,,,,,155633.0,24885.0,0.15989539493552138,,0.0010046212577858146,0.64,nan,,
2021,2019,True,LA,97176,Louisiana Health Service & Indemnity Company,202091,24618,113,28,,,,,,,202091.0,24618.0,0.12181640943931199,,0.004590137297912097,0.24778761061946902,,,
2021,2019,True,LA,98780,CHRISTUS Health Plan Louisiana,,,,,,,,,,,,,,,,,,,
2021,2019,True,ME,33653,Maine Community Health Options,614195,29170,568,279,,,,,,,614195.0,29170.0,0.04749306002165436,,0.019472060335961605,0.49119718309859156,,,
2021,2019,True,ME,48396,Anthem Health Plans of ME(Anthem BCBS),349038,141013,141,59,0,0,,,,,349038.0,141013.0,0.40400472154894307,,0.0009999078099182344,0.41843971631205673,nan,,
2021,2019,True,ME,96667,Harvard Pilgrim  Health Care Inc.,595690,194246,84,58,0,0,,,,,595690.0,194246.0,0.32608571572462186,,0.0004324413372733544,0.6904761904761905,nan,,
2021,2019,True,MI,15560,Blue Cross Blue Shield of Michigan Mutual Insurance Company,1250223,254929,239,149,27,,,,,,1250223.0,254929.0,0.20390682302277274,,0.0009375159358095784,0.6234309623430963,,,
2021,2019,True,MI,29698,Priority Health,1406408,81183,40,14,11,,,,,,1406408.0,81183.0,0.05772364776082047,,0.0004927139918455834,0.35,,,
2021,2019,True,MI,40047,"Molina Healthcare of Michigan, Inc.",218534,50869,106,21,,,,,,,218534.0,50869.0,0.23277384754775002,,0.002083783836914427,0.19811320754716982,,,
2021,2019,True,MI,58594,"Meridian Health Plan of Michigan, Inc.",27024,10333,84,24,12,,,,,,27024.0,10333.0,0.38236382474837183,,0.008129294493370754,0.2857142857142857,,,
2021,2019,True,MI,60829,Physicians Health Plan,325077,27418,50,13,,0,,,,,325077.0,27418.0,0.08434309409770609,,0.0018236195200233424,0.26,,,
2021,2019,True,MI,67183,"Total Health Care USA, Inc.",2161630,479264,227,215,0,0,,,,,2161630.0,479264.0,0.22171416939994357,,0.00047364291914268544,0.947136563876652,nan,,
2021,2019,True,MI,74917,McLaren Health Plan Community,87987,21699,70,64,,0,,,,,87987.0,21699.0,0.24661597736029187,,0.003225955113138854,0.9142857142857143,,,
2021,2019,True,MI,77739,Oscar Insurance Company,2965,113,13,,0,0,,,,,2965.0,113.0,0.03811129848229342,,0.11504424778761062,,nan,,
2021,2019,True,MI,98185,Blue Care Network of Michigan,3868860,978200,169,140,20,,,,,,3868860.0,978200.0,0.2528393376860367,,0.00017276630545900635,0.8284023668639053,,,
2021,2019,True,MO,32753,Healthy Alliance Life Co(Anthem BCBS),737777,233099,81,28,0,0,,,,,737777.0,233099.0,0.3159477728365075,,0.00034749183823182424,0.345679012345679,nan,,
2021,2019,True,MO,34762,Blue Cross and Blue Shield of Kansas City,,,,,,,,,,,,,,,,,,,
2021,2019,True,MO,47840,SSM Health Insurance Company,,,,,,,,,,,,,,,,,,,
2021,2019,True,MO,53461,Medica Insurance Company,43942,7009,50,29,0,0,,,,,43942.0,7009.0,0.15950571207500797,,0.007133685261806249,0.58,nan,,
2021,2019,True,MO,69512,Oscar Insurance Company,,,,,,,,,,,,,,,,,,,
2021,2019,True,MO,74483,Cigna Health and Life Insurance Company,2530715,319941,374,124,,,,,,,2530715.0,319941.0,0.126423164994873,,0.0011689655280192285,0.3315508021390374,,,
2021,2019,True,MO,96384,Cox Health Systems Insurance Company,,,,,,,,,,,,,,,,,,,
2021,2019,True,MO,99723,Celtic Insurance Company,2158578,455780,780,368,19,0,,,,,2158578.0,455780.0,0.21114826520051627,,0.0017113519680547634,0.4717948717948718,0.0,,
2021,2019,True,MS,79975,"Molina Healthcare of Mississippi, Inc",,,,,,,,,,,,,,,,,,,
2021,2019,True,MS,90714,Ambetter of Magnolia Inc.,2467593,500010,291,159,,,,,,,2467593.0,500010.0,0.20263066072889654,,0.0005819883602327954,0.5463917525773195,,,
2021,2019,True,MT,23603,PacificSource Health Plans,175271,10155,153,50,,,,,,,175271.0,10155.0,0.05793884898243292,,0.015066469719350073,0.32679738562091504,,,
2021,2019,True,MT,30751,Blue Cross and Blue Shield of Montana,551500,73240,67,18,,,,,,,551500.0,73240.0,0.1328014505893019,,0.000914800655379574,0.26865671641791045,,,
2021,2019,True,MT,32225,Montana Health Cooperative,535495,29421,653,307,,0,,,,,535495.0,29421.0,0.05494168946488763,,0.022195030760341253,0.47013782542113325,,,
2021,2019,True,NC,11512,Blue Cross and Blue Shield of NC,22727362,3707549,1773,662,69,28,,,,,22727362.0,3707549.0,0.16313151521940822,,0.0004782135043933337,0.3733784545967287,0.4057971014492754,,
2021,2019,True,NC,19958,"UnitedHealthcare of Wisconsin, Inc.",,,,,,,,,,,,,,,,,,,
2021,2019,True,NC,37900,Bright Health Company of North Carolina,,,,,,,,,,,,,,,,,,,
2021,2019,True,NC,69803,"Oscar Health Plan of North Carolina, Inc",,,,,,,,,,,,,,,,,,,
2021,2019,True,NC,73943,"Cigna HealthCare of North Carolina, Inc.",158564,17777,15,,,0,,,,,158564.0,17777.0,0.11211245932241871,,0.0008437869156775609,,,,
2021,2019,True,NC,77264,Ambetter of North Carolina Inc.,176382,48561,83,45,,,,,,,176382.0,48561.0,0.275317209239038,,0.0017091905026667491,0.5421686746987951,,,
2021,2019,True,ND,37160,Blue Cross Blue Shield of North Dakota,428051,69533,71,26,,0,,,,,428051.0,69533.0,0.1624409240954933,,0.001021097895963068,0.36619718309859156,,,
2021,2019,True,ND,73751,Medica Health Plans,5392,555,,,0,0,,,,,5392.0,555.0,0.10293026706231453,,,,nan,,
2021,2019,True,ND,89364,Sanford Health Plan,165093,8188,88,60,,0,,,,,165093.0,8188.0,0.04959628815273815,,0.01074743527112848,0.6818181818181818,,,
2021,2019,True,NE,20305,Medica Insurance Company,2644510,254306,865,414,11,,,,,,2644510.0,254306.0,0.09616375056248605,,0.0034014140444975738,0.47861271676300576,,,
2021,2019,True,NE,83653,Bright Health Insurance Company,,,,,,,,,,,,,,,,,,,
2021,2019,True,NH,59025,Harvard Pilgrim Health Care of NE,150021,46840,48,19,0,0,,,,,150021.0,46840.0,0.31222295545290324,,0.0010247651579846286,0.3958333333333333,nan,,
2021,2019,True,NH,75841,Celtic Insurance Company,219172,46387,130,73,,,,,,,219172.0,46387.0,0.2116465606920592,,0.0028025093237329423,0.5615384615384615,,,
2021,2019,True,NH,96751,Matthew Thornton Hlth Plan(Anthem BCBS),305993,107840,216,83,0,0,,,,,305993.0,107840.0,0.35242636269457145,,0.0020029673590504452,0.38425925925925924,nan,,
2021,2019,True,NM,19722,"Molina Healthcare of New Mexico, Inc.",644100,128043,205,126,,0,,,,,644100.0,128043.0,0.1987936655798789,,0.001601024655779699,0.6146341463414634,,,
2021,2019,True,NM,39006,"Western Sky Community Care, Inc.",,,,,,,,,,,,,,,,,,,
2021,2019,True,NM,42776,"True Health New Mexico, Inc.",,,,,,,,,,,,,,,,,,,
2021,2019,True,NM,75605,Blue Cross Blue Shield of New Mexico,110234,22607,15,,,0,,,,,110234.0,22607.0,0.2050819166500354,,0.0006635113018091741,,,,
2021,2019,True,NM,75787,"Friday Health Plans of Colorado, Inc.",,,,,,,,,,,,,,,,,,,
2021,2019,True,OH,28162,AultCare Insurance Company,214697,12570,36,29,0,0,,,,,214697.0,12570.0,0.0585476275867851,,0.002863961813842482,0.8055555555555556,nan,,
2021,2019,True,OH,29276,Community Insurance Company(Anthem BCBS),112754,44594,119,34,,0,,,,,112754.0,44594.0,0.3954981641449527,,0.0026685204287572317,0.2857142857142857,,,
2021,2019,True,OH,29341,Oscar Buckeye State Insurance Corp.,23359,550,96,44,,0,,,,,23359.0,550.0,0.023545528490089472,,0.17454545454545456,0.4583333333333333,,,
2021,2019,True,OH,41047,Buckeye Community Health Plan,491357,116723,442,253,,,,,,,491357.0,116723.0,0.2375523295689285,,0.0037867429726789067,0.5723981900452488,,,
2021,2019,True,OH,45845,Oscar Insurance Corporation of Ohio,84829,1690,197,93,,,,,,,84829.0,1690.0,0.019922432187105824,,0.1165680473372781,0.4720812182741117,,,
2021,2019,True,OH,52664,"Summa Insurance Company, Inc.",93259,20588,65,42,,,,,,,93259.0,20588.0,0.2207615350797242,,0.0031571789391878764,0.6461538461538462,,,
2021,2019,True,OH,64353,"Molina Healthcare of Ohio, Inc.",524522,106273,291,114,,,,,,,524522.0,106273.0,0.2026092327871853,,0.0027382307829834484,0.3917525773195876,,,
2021,2019,True,OH,74313,Paramount Insurance Company,139290,25805,38,27,,0,,,,,139290.0,25805.0,0.18526096632924116,,0.0014725828327843441,0.7105263157894737,,,
2021,2019,True,OH,77552,"CareSource Ohio, Inc.",1402738,135557,1317,839,75,40,,,,,1402738.0,135557.0,0.09663743336246683,,0.009715470244989192,0.6370539104024298,0.5333333333333333,,
2021,2019,True,OH,99969,Medical Health Insuring Corp. of Ohio,2101664,406989,1194,701,17,,,,,,2101664.0,406989.0,0.19365084047687928,,0.002933740223937256,0.5871021775544388,,,
2021,2019,True,OK,21333,Medica Insurance Company,107302,15571,30,18,0,0,,,,,107302.0,15571.0,0.14511379098246072,,0.0019266585318861986,0.6,nan,,
2021,2019,True,OK,28292,"UnitedHealthcare of Wisconsin, Inc.",,,,,,,,,,,,,,,,,,,
2021,2019,True,OK,40463,Bright Health Insurance Company,,,,,,,,,,,,,,,,,,,
2021,2019,True,OK,87571,Blue Cross Blue Shield of Oklahoma,7156844,1129132,194,34,,,,,,,7156844.0,1129132.0,0.1577695419936497,,0.00017181339294254348,0.17525773195876287,,,
2021,2019,True,OK,91908,Oscar Insurance Company,,,,,,,,,,,,,,,,,,,
2021,2019,True,OK,98905,CommunityCare HMO Inc.,,,,,,,,,,,,,,,,,,,
2021,2019,True,OR,10091,PacificSource Health Plans,385463,21192,504,138,17,,,,,,385463.0,21192.0,0.05497803939677738,,0.02378255945639864,0.27380952380952384,,,
2021,2019,True,OR,39424,"Moda Health Plan, Inc.",664085,61131,69,12,,0,,,,,664085.0,61131.0,0.09205297514625387,,0.0011287235608774598,0.17391304347826086,,,
2021,2019,True,OR,56707,Providence Health Plan,0,0,0,0,0,0,,,,,0.0,0.0,nan,,nan,nan,nan,,
2021,2019,True,OR,63474,BridgeSpan Health Company,16085,2853,17,,,0,,,,,16085.0,2853.0,0.17737022070251787,,0.005958640028040659,,,,
2021,2019,True,OR,71287,Kaiser Foundation Healthplan of the NW,35466,2909,363,167,,,,,,,35466.0,2909.0,0.08202221846275307,,0.124785149535923,0.46005509641873277,,,
2021,2019,True,OR,77969,Regence BlueCross BlueShield of Oregon,,,,,,,,,,,,,,,,,,,
2021,2019,True,SC,16985,Bright Health Company of South Carolina,,,,,,,,,,,,,,,,,,,
2021,2019,True,SC,26065,Blue Cross and Blue Shield of South Carolina,9117119,1353231,1536,687,59,12,,,,,9117119.0,1353231.0,0.14842748021606386,,0.0011350611979772855,0.447265625,0.2033898305084746,,
2021,2019,True,SC,42326,"MOLINA HEALTHCARE OF SOUTH CAROLINA, INC",,,,,,,,,,,,,,,,,,,
2021,2019,True,SC,79222,"Absolute Total Care, Inc",7630,2346,,,0,0,,,,,7630.0,2346.0,0.30747051114023594,,,,nan,,
2021,2019,True,SD,31195,Sanford Health Plan,366779,13560,183,130,0,0,,,,,366779.0,13560.0,0.03697049176752213,,0.013495575221238938,0.7103825136612022,nan,,
2021,2019,True,SD,60536,"Avera Health Plans, Inc.",81737,16538,109,29,,,,,,,81737.0,16538.0,0.2023318692880825,,0.006590881605998307,0.26605504587155965,,,
2021,2019,True,TN,14002,BlueCross BlueShield of Tennessee,7063552,1391395,303,117,,,,,,,7063552.0,1391395.0,0.1969823397633372,,0.00021776706111492424,0.38613861386138615,,,
2021,2019,True,TN,23552,Oscar Insurance Company,99027,3862,221,133,,0,,,,,99027.0,3862.0,0.03899946479243035,,0.05722423614707405,0.6018099547511312,,,
2021,2019,True,TN,69443,UnitedHealthcare Insurance Company,,,,,,,,,,,,,,,,,,,
2021,2019,True,TN,70111,Celtic Insurance Company,164222,43836,39,17,,,,,,,164222.0,43836.0,0.2669313490275359,,0.0008896797153024911,0.4358974358974359,,,
2021,2019,True,TN,97906,Bright Health Insurance Company of Tennessee,327140,67540,402,162,,,,,,,327140.0,67540.0,0.20645595158036315,,0.00595202842759846,0.40298507462686567,,,
2021,2019,True,TN,99248,Cigna Health and Life Insurance Company,2513829,377231,361,129,27,,,,,,2513829.0,377231.0,0.15006231529670475,,0.0009569733134339437,0.3573407202216066,,,
2021,2019,True,TX,20069,Oscar Insurance Company,373709,8525,984,541,,0,,,,,373709.0,8525.0,0.02281186698741534,,0.11542521994134898,0.5497967479674797,,,
2021,2019,True,TX,26539,"SHA, LLC DBA FirstCare Health Plans",594372,97449,67,24,,0,,,,,594372.0,97449.0,0.1639528779955987,,0.0006875391230284559,0.3582089552238806,,,
2021,2019,True,TX,27248,"Community Health Choice, Inc.",2051792,332869,332,61,,,,,,,2051792.0,332869.0,0.1622333063000538,,0.000997389363383193,0.18373493975903615,,,
2021,2019,True,TX,29418,Celtic Insurance Company,8286116,2156565,1643,663,63,29,,,,,8286116.0,2156565.0,0.2602624679644842,,0.0007618597167254406,0.4035301278149726,0.4603174603174603,,
2021,2019,True,TX,33602,Blue Cross Blue Shield of Texas,14438208,2764624,2951,400,18,,,,,,14438208.0,2764624.0,0.19147971825866478,,0.0010674145923640973,0.13554727211114875,,,
2021,2019,True,TX,40788,Scott and White Health Plan,,,,,,,,,,,,,,,,,,,
2021,2019,True,TX,45786,"Molina Healthcare of Texas, Inc.",3818415,890036,1767,1111,34,14,,,,,3818415.0,890036.0,0.23309043150102857,,0.0019853129536333363,0.6287492925863045,0.4117647058823529,,
2021,2019,True,TX,54837,Friday Health Insurance Company Inc,,,,,,,,,,,,,,,,,,,
2021,2019,True,TX,66252,CHRISTUS Health Plan,190803,16111,390,133,15,,,,,,190803.0,16111.0,0.08443787571474243,,0.024207063496989634,0.34102564102564104,,,
2021,2019,True,TX,71837,"Sendero Health Plans, Inc.",403753,133602,28,26,0,0,,,,,403753.0,133602.0,0.33090032767558386,,0.00020957770093262077,0.9285714285714286,nan,,
2021,2019,True,UT,18167,Molina Healthcare of Utah,33391,14884,,,0,0,,,,,33391.0,14884.0,0.44574885448174656,,,,nan,,
2021,2019,True,UT,22013,Regence BlueCross BlueShield of Utah,,,,,,,,,,,,,,,,,,,
2021,2019,True,UT,34541,BridgeSpan Health Company,,,,,,,,,,,,,,,,,,,
2021,2019,True,UT,42261,University of Utah Health Insurance Plans,547211,129146,925,375,,,,,,,547211.0,129146.0,0.2360076825940999,,0.007162436312390628,0.40540540540540543,,,
2021,2019,True,UT,68781,SelectHealth,6566501,703669,2709,853,26,12,,,,,6566501.0,703669.0,0.10716041922478958,,0.0038498214359308142,0.3148763381321521,0.46153846153846156,,
2021,2019,True,UT,81808,Cigna Health and Life Insurance Company,,,,,,,,,,,,,,,,,,,
2021,2019,True,VA,10207,"CareFirst BlueChoice, Inc.",106435,15470,49,26,,0,,,,,106435.0,15470.0,0.14534692535350213,,0.003167420814479638,0.5306122448979592,,,
2021,2019,True,VA,20507,Optima Health Plan,262631,28392,103,48,,,,,,,262631.0,28392.0,0.1081060499331762,,0.0036277824739363203,0.46601941747572817,,,
2021,2019,True,VA,24251,"Optimum Choice, Inc.",,,,,,,,,,,,,,,,,,,
2021,2019,True,VA,25922,Oscar Insurance Company,,,,,,,,,,,,,,,,,,,
2021,2019,True,VA,37204,"Piedmont Community HealthCare HMO, Inc.",0,0,0,0,0,0,,,,,0.0,0.0,nan,,nan,nan,nan,,
2021,2019,True,VA,40308,Group Hospitalization and Medical Services Inc.,76562,10637,22,13,0,0,,,,,76562.0,10637.0,0.13893315221650426,,0.002068252326783868,0.5909090909090909,nan,,
2021,2019,True,VA,41921,Cigna Health and Life Insurance Company,2951278,331909,277,108,11,,,,,,2951278.0,331909.0,0.11246280424954884,,0.0008345661009493566,0.3898916967509025,,,
2021,2019,True,VA,88380,"HealthKeepers, Inc.",2092191,758038,217,33,0,0,,,,,2092191.0,758038.0,0.36231778073799187,,0.0002862653323448165,0.15207373271889402,nan,,
2021,2019,True,VA,95185,"Kaiser Foundation Health Plan of the Mid-Atlantic States, Inc.",21882,2768,701,302,0,0,,,,,21882.0,2768.0,0.12649666392468695,,0.2532514450867052,0.43081312410841655,nan,,
2021,2019,True,WI,14630,Children's Community Health Plan,142646,12186,339,131,,,,,,,142646.0,12186.0,0.08542826297267361,,0.027818808468734614,0.3864306784660767,,,
2021,2019,True,WI,20173,HealthPartners Insurance Company,92721,6111,0,0,0,0,,,,,92721.0,6111.0,0.06590739961820946,,0.0,nan,nan,,
2021,2019,True,WI,37833,Quartz Health Benefit Plans Corporation,561019,46099,123,48,,,,,,,561019.0,46099.0,0.08217012258051866,,0.0026681706761534957,0.3902439024390244,,,
2021,2019,True,WI,38166,"Security Health Plan of Wisconsin, Inc.",815205,59144,116,67,,0,,,,,815205.0,59144.0,0.07255107610969021,,0.0019613147572027593,0.5775862068965517,,,
2021,2019,True,WI,38345,Dean Health Plan,791884,67686,132,77,0,0,,,,,791884.0,67686.0,0.08547464022508347,,0.0019501817214785924,0.5833333333333334,nan,,
2021,2019,True,WI,52697,"Molina Healthcare of Wisconsin, Inc.",290500,64435,196,54,,,,,,,290500.0,64435.0,0.22180722891566265,,0.003041825095057034,0.2755102040816326,,,
2021,2019,True,WI,57845,Medica Community Health Plan,194359,18998,82,38,,0,,,,,194359.0,18998.0,0.09774695280383208,,0.004316243815138436,0.4634146341463415,,,
2021,2019,True,WI,58326,"MercyCare HMO, Inc.",201406,2139,30,15,,,,,,,201406.0,2139.0,0.010620339016712511,,0.014025245441795231,0.5,,,
2021,2019,True,WI,79475,Compcare Health Serv Ins Co(Anthem BCBS),,,,,,,,,,,,,,,,,,,
2021,2019,True,WI,81413,Network Health Plan,294284,77725,81,65,,0,,,,,294284.0,77725.0,0.26411561620747304,,0.0010421357349630106,0.8024691358024691,,,
2021,2019,True,WI,84670,"WPS Health Plan, Inc.",,,,,,,,,,,,,,,,,,,
2021,2019,True,WI,86584,"Aspirus Health Plan, Inc.",79708,14256,229,135,,,,,,,79708.0,14256.0,0.1788528127665981,,0.01606341189674523,0.5895196506550219,,,
2021,2019,True,WI,87416,Common Ground Healthcare Cooperative,2722726,408955,13,,,,,,,,2722726.0,408955.0,0.15020057104534207,,3.1788338570258344e-05,,,,
2021,2019,True,WI,94529,Group Health Cooperative of South Central Wisconsin,45712,4133,,,0,0,,,,,45712.0,4133.0,0.09041389569478474,,,,nan,,
2021,2019,True,WV,31274,Highmark Blue Cross Blue Shield West Virginia,537020,41598,51,23,0,0,,,,,537020.0,41598.0,0.0774608022047596,,0.0012260204817539306,0.45098039215686275,nan,,
2021,2019,True,WV,50328,CareSource West Virginia Co.,369941,61665,139,90,,,,,,,369941.0,61665.0,0.16668874225890074,,0.0022541149760804346,0.6474820143884892,,,
2021,2019,True,WY,11269,Blue Cross Blue Shield of Wyoming,840263,118059,741,279,,,,,,,840263.0,118059.0,0.1405024379271728,,0.006276522755571367,0.3765182186234818,,,
2021,2019,True,WY,38576,Montana Health Cooperative,,,,,,,,,,,,,,,,,,,
2022,2020,True,AK,38344,Premera Blue Cross Blue Shield of Alaska,440169,95724,103,55,,,,,,,440169.0,95724.0,0.21747101681399644,,0.0010760101959801094,0.5339805825242718,,,
2022,2020,True,AK,77963,Moda Assurance Company,7965,628,,,0,0,,,,,7965.0,628.0,0.0788449466415568,,,,nan,,
2022,2020,True,AL,46944,Blue Cross and Blue Shield of Alabama,5903602,1319590,2052,438,56,,,,,,5903602.0,1319590.0,0.22352285943395236,,0.0015550284558082435,0.2134502923976608,,,
2022,2020,True,AL,69461,UnitedHealthcare Insurance Company,,,,,,,,,,,,,,,,,,,
2022,2020,True,AL,73301,Bright Health Insurance Company,136527,33519,33,22,,,,,,,136527.0,33519.0,0.24551187677162759,,0.0009845162445180345,0.6666666666666666,,,
2022,2020,True,AR,13262,"HMO Partners, Inc.",,,,,,,,,,,,,,,,,,,
2022,2020,True,AR,15724,Oscar Insurance Company,,,,,,,,,,,,,,,,,,,
2022,2020,True,AR,37903,"QualChoice Life & Health Insurance Company, Inc.",599681,204398,93,53,0,0,,,,,599681.0,204398.0,0.34084454901856154,,0.000454994667266803,0.5698924731182796,nan,,
2022,2020,True,AR,62141,Celtic Insurance Company,1576474,539476,286,146,0,0,,,,,1576474.0,539476.0,0.34220418478198816,,0.000530144065723035,0.5104895104895105,nan,,
2022,2020,True,AR,70525,"QCA Health Plan, Inc.",595103,203216,131,62,,,,,,,595103.0,203216.0,0.3414803823875867,,0.0006446342807652941,0.4732824427480916,,,
2022,2020,True,AR,75293,USAble Mutual Insurance Company,5248921,964896,3000,1230,,,,,,,5248921.0,964896.0,0.18382749521282565,,0.003109143368819023,0.41,,,
2022,2020,True,AZ,13877,"Oscar Health Plan, Inc.",10388,6986,,,0,0,,,,,10388.0,6986.0,0.6725067385444744,,,,nan,,
2022,2020,True,AZ,23435,Banner Health and Aetna Health Plan Inc.,,,,,,,,,,,,,,,,,,,
2022,2020,True,AZ,32311,Medica Community Health Plan,,,,,,,,,,,,,,,,,,,
2022,2020,True,AZ,40702,"UnitedHealthcare of Arizona, Inc.",,,,,,,,,,,,,,,,,,,
2022,2020,True,AZ,53901,"Blue Cross and Blue Shield of Arizona, Inc.",1374409,177779,1362,648,39,,,,,,1374409.0,177779.0,0.12934941491215496,,0.0076611973292683615,0.47577092511013214,,,
2022,2020,True,AZ,87247,Bright Health Company of Arizona,666465,129389,512,268,40,22,,,,,666465.0,129389.0,0.19414222802397726,,0.003957059719141504,0.5234375,0.55,,
2022,2020,True,AZ,91450,"Health Net of Arizona, Inc.",1943258,527951,409,195,,,,,,,1943258.0,527951.0,0.2716834306098315,,0.0007746931059890027,0.4767726161369193,,,
2022,2020,True,AZ,97667,"Cigna HealthCare of Arizona, Inc",203309,24216,228,13,,0,,,,,203309.0,24216.0,0.11910933603529603,,0.009415262636273538,0.05701754385964912,,,
2022,2020,True,DE,76168,Highmark BCBSD Inc.,615303,79487,123,58,,0,,,,,615303.0,79487.0,0.12918350796274355,,0.0015474228490193365,0.4715447154471545,,,
2022,2020,True,FL,12379,Bright Health Insurance Company of Florida,1166695,263373,311,152,,0,,,,,1166695.0,263373.0,0.22574280338906055,,0.0011808347856462128,0.4887459807073955,,,
2022,2020,True,FL,16842,Blue Cross and Blue Shield of Florida,18459475,1931938,3515,1416,157,52,,,,,18459475.0,1931938.0,0.10465833941647854,,0.0018194165651278665,0.40284495021337124,0.33121019108280253,,
2022,2020,True,FL,19898,"AvMed, Inc.",,,,,,,,,,,,,,,,,,,
2022,2020,True,FL,21663,Celtic Insurance Company,8990578,2508389,56,11,0,0,,,,,8990578.0,2508389.0,0.27900197295435286,,2.232508594161432e-05,0.19642857142857142,nan,,
2022,2020,True,FL,30252,"Health Options, Inc.",18327228,2030172,2519,1086,103,41,,,,,18327228.0,2030172.0,0.11077354414972085,,0.0012407815692463495,0.4311234616911473,0.39805825242718446,,
2022,2020,True,FL,36194,"Health First Commercial Plans, Inc.",1010192,134692,398,204,14,,,,,,1010192.0,134692.0,0.1333330693571123,,0.0029548896742197014,0.5125628140703518,,,
2022,2020,True,FL,40572,Oscar Insurance Company of Florida,288746,156218,85,81,,,,,,,288746.0,156218.0,0.5410222132947297,,0.0005441114340216876,0.9529411764705882,,,
2022,2020,True,FL,48121,Cigna Health and Life Insurance Company,504329,79531,778,36,0,0,,,,,504329.0,79531.0,0.15769666229782542,,0.009782349021136413,0.04627249357326478,nan,,
2022,2020,True,FL,54172,"Molina Healthcare of Florida, Inc",592003,181491,327,109,,,,,,,592003.0,181491.0,0.30657108156546503,,0.0018017422351521563,0.3333333333333333,,,
2022,2020,True,FL,56503,"Florida Health Care Plan, Inc.",1935231,251538,349,133,,0,,,,,1935231.0,251538.0,0.1299782816624992,,0.0013874643195063967,0.38108882521489973,,,
2022,2020,True,FL,66966,Capital Health Plan,,,,,,,,,,,,,,,,,,,
2022,2020,True,FL,68398,"UnitedHealthcare of Florida, Inc.",,,,,,,,,,,,,,,,,,,
2022,2020,True,FL,86382,Sunshine State Health Plan,,,,,,,,,,,,,,,,,,,
2022,2020,True,FL,92120,"Coventry Health Plan of Florida, Inc.",,,,,,,,,,,,,,,,,,,
2022,2020,True,GA,15105,"Cigna HealthCare of Georgia, Inc.",,,,,,,,,,,,,,,,,,,
2022,2020,True,GA,38146,Bright Health Company of Georgia,,,,,,,,,,,,,,,,,,,
2022,2020,True,GA,43802,"UnitedHealthcare of Georgia, Inc.",,,,,,,,,,,,,,,,,,,
2022,2020,True,GA,49046,Anthem Blue Cross and Blue Shield,3209584,663354,481,34,0,0,,,,,3209584.0,663354.0,0.20667912103250763,,0.0007251030369908073,0.07068607068607069,nan,,
2022,2020,True,GA,58081,Oscar Health Plan of Georgia,971,664,0,0,0,0,,,,,971.0,664.0,0.6838311019567456,,0.0,nan,nan,,
2022,2020,True,GA,60224,CareSource Georgia Co.,588516,177566,,,0,0,,,,,588516.0,177566.0,0.3017182200653848,,,,nan,,
2022,2020,True,GA,70893,Ambetter of Peach State Inc.,4893055,1466168,1097,381,0,0,,,,,4893055.0,1466168.0,0.29964265678599566,,0.000748208936492953,0.3473108477666363,nan,,
2022,2020,True,GA,82824,Aetna Health Inc. (a GA corp.),,,,,,,,,,,,,,,,,,,
2022,2020,True,GA,83761,Alliant Health Plans,281982,15116,4537,713,48,21,,,,,281982.0,15116.0,0.053606258555510634,,0.300145541148452,0.15715230328410845,0.4375,,
2022,2020,True,GA,89942,Kaiser Foundation Health Plan of Georgia,50093,4359,63,18,0,0,,,,,50093.0,4359.0,0.08701814624797875,,0.014452856159669649,0.2857142857142857,nan,,
2022,2020,True,GA,90617,Friday Health Plans of Georgia Inc,,,,,,,,,,,,,,,,,,,
2022,2020,True,HI,18350,Hawaii Medical Service Association,344408,86148,64,37,,0,,,,,344408.0,86148.0,0.250133562518873,,0.0007429075544411942,0.578125,,,
2022,2020,True,HI,60612,"Kaiser Foundation Health Plan, Inc.",9656,496,53,11,0,0,,,,,9656.0,496.0,0.05136702568351284,,0.10685483870967742,0.20754716981132076,nan,,
2022,2020,True,IA,25896,"Wellmark Health Plan of Iowa, Inc.",134917,24957,19,,0,0,,,,,134917.0,24957.0,0.18498039535418073,,0.0007613094522578835,,nan,,
2022,2020,True,IA,45819,Oscar Insurance Company,,,,,,,,,,,,,,,,,,,
2022,2020,True,IA,93078,Medica Insurance Company,1804363,307050,599,255,,0,,,,,1804363.0,307050.0,0.17017085808121757,,0.0019508223416381696,0.4257095158597663,,,
2022,2020,True,IL,11574,"Oscar Health Plan, Inc.",,,,,,,,,,,,,,,,,,,
2022,2020,True,IL,20129,"Health Alliance Medical Plans, Inc.",1114480,117972,138,62,42,,,,,,1114480.0,117972.0,0.10585385112339386,,0.001169769097752009,0.4492753623188406,,,
2022,2020,True,IL,27833,Celtic Insurance Company,393081,127282,79,45,0,0,,,,,393081.0,127282.0,0.32380603488848353,,0.0006206690655395107,0.569620253164557,nan,,
2022,2020,True,IL,32355,"Molina Healthcare of Illinois, Inc.",,,,,,,,,,,,,,,,,,,
2022,2020,True,IL,36096,Blue Cross Blue Shield of Illinois,7625874,1142225,351,118,35,,,,,,7625874.0,1142225.0,0.14978283144987709,,0.0003072949725316816,0.33618233618233617,,,
2022,2020,True,IL,42529,"UnitedHealthcare of Illinois, Inc.",,,,,,,,,,,,,,,,,,,
2022,2020,True,IL,44522,Bright Health Insurance Company of Illinois,,,,,,,,,,,,,,,,,,,
2022,2020,True,IL,53882,"Cigna HealthCare of Illinois, Inc.",385085,58528,623,56,,,,,,,385085.0,58528.0,0.15198722359998443,,0.010644477856752323,0.0898876404494382,,,
2022,2020,True,IL,54322,"MercyCare HMO, Inc.",,,,,,,,,,,,,,,,,,,
2022,2020,True,IL,65280,SSM Health Plan,,,,,,,,,,,,,,,,,,,
2022,2020,True,IL,85773,Quartz Health Benefit Plans Corporation,33685,2932,11,,0,0,,,,,33685.0,2932.0,0.08704170995992282,,0.003751705320600273,,nan,,
2022,2020,True,IN,17575,Anthem Ins Companies Inc(Anthem BCBS),10900,816,,,0,0,,,,,10900.0,816.0,0.07486238532110091,,,,nan,,
2022,2020,True,IN,35755,US HEALTH AND LIFE INSURANCE COMPANY,,,,,,,,,,,,,,,,,,,
2022,2020,True,IN,54192,"CareSource Indiana, Inc.",2799836,723742,120,27,11,,,,,,2799836.0,723742.0,0.25849442610210027,,0.00016580494153994104,0.225,,,
2022,2020,True,IN,76179,Celtic Insurance Company,1458253,510195,630,182,29,11,,,,,1458253.0,510195.0,0.3498672726886212,,0.001234821979831241,0.28888888888888886,0.3793103448275862,,
2022,2020,True,KS,18558,"Blue Cross and Blue Shield of Kansas, Inc.",2171781,312941,231,71,16,,,,,,2171781.0,312941.0,0.14409417892503895,,0.0007381583109915288,0.30735930735930733,,,
2022,2020,True,KS,32542,US Health and Life Insurance Company,,,,,,,,,,,,,,,,,,,
2022,2020,True,KS,34368,Celtic Insurance Company,,,,,,,,,,,,,,,,,,,
2022,2020,True,KS,39520,Medica Insurance Company,266061,62351,132,60,0,0,,,,,266061.0,62351.0,0.2343485140625646,,0.0021170470401437025,0.45454545454545453,nan,,
2022,2020,True,KS,43490,Oscar Insurance Company,9329,802,,,0,0,,,,,9329.0,802.0,0.08596848536820667,,,,nan,,
2022,2020,True,KS,76763,Cigna Health and Life Insurance Company,109766,12299,80,,0,0,,,,,109766.0,12299.0,0.1120474463859483,,0.006504593869420278,,nan,,
2022,2020,True,KS,94248,Blue Cross and Blue Shield of Kansas City,,,,,,,,,,,,,,,,,,,
2022,2020,True,LA,19636,"HMO Louisiana, Inc.",2606297,403073,1214,543,92,16,,,,,2606297.0,403073.0,0.15465351799890803,,0.0030118613749866648,0.4472817133443163,0.17391304347826086,,
2022,2020,True,LA,61604,Louisiana Healthcare Connections,,,,,,,,,,,,,,,,,,,
2022,2020,True,LA,67243,"Vantage Health Plan, Inc.",288271,77099,42,32,,0,,,,,288271.0,77099.0,0.26745319508379267,,0.0005447541472652045,0.7619047619047619,,,
2022,2020,True,LA,69842,UnitedHealthcare Insurance Company,,,,,,,,,,,,,,,,,,,
2022,2020,True,LA,97176,Louisiana Health Service & Indemnity Company,187960,29076,93,49,,,,,,,187960.0,29076.0,0.1546924877633539,,0.0031985142385472553,0.5268817204301075,,,
2022,2020,True,LA,98780,CHRISTUS Health Plan Louisiana,31090,9806,117,55,25,16,,,,,31090.0,9806.0,0.31540688324220006,,0.011931470528248011,0.4700854700854701,0.64,,
2022,2020,True,MI,15560,Blue Cross Blue Shield of Michigan Mutual Insurance Company,650602,195189,152,67,20,,,,,,650602.0,195189.0,0.30001291111924033,,0.0007787324080762748,0.4407894736842105,,,
2022,2020,True,MI,29698,Priority Health,1553321,108862,205,,13,,,,,,1553321.0,108862.0,0.07008338907411926,,0.0018831180760963421,,,,
2022,2020,True,MI,40047,"Molina Healthcare of Michigan, Inc.",282888,104573,103,42,,0,,,,,282888.0,104573.0,0.3696621984672379,,0.0009849578763160662,0.4077669902912621,,,
2022,2020,True,MI,58594,"Meridian Health Plan of Michigan, Inc.",55806,20814,67,27,15,0,,,,,55806.0,20814.0,0.37297064831738524,,0.00321898722014029,0.40298507462686567,0.0,,
2022,2020,True,MI,58996,US HEALTH AND LIFE INSURANCE COMPANY,,,,,,,,,,,,,,,,,,,
2022,2020,True,MI,60829,Physicians Health Plan,319152,33102,63,16,0,0,,,,,319152.0,33102.0,0.1037186043013987,,0.0019032082653616096,0.25396825396825395,nan,,
2022,2020,True,MI,71667,"UnitedHealthcare Community Plan, Inc.",,,,,,,,,,,,,,,,,,,
2022,2020,True,MI,74917,McLaren Health Plan Community,88925,20536,46,41,0,0,,,,,88925.0,20536.0,0.23093618217599102,,0.002239968835216206,0.8913043478260869,nan,,
2022,2020,True,MI,77739,Oscar Insurance Company,2692,1765,,,0,0,,,,,2692.0,1765.0,0.6556463595839525,,,,nan,,
2022,2020,True,MI,98185,Blue Care Network of Michigan,3145721,908338,142,114,13,,,,,,3145721.0,908338.0,0.288753516284502,,0.00015632947206876735,0.8028169014084507,,,
2022,2020,True,MO,32753,Healthy Alliance Life Co(Anthem BCBS),1656780,316192,83,43,0,0,,,,,1656780.0,316192.0,0.1908473062205,,0.0002624987349458557,0.5180722891566265,nan,,
2022,2020,True,MO,34762,Blue Cross and Blue Shield of Kansas City,,,,,,,,,,,,,,,,,,,
2022,2020,True,MO,47840,SSM Health Insurance Company,121389,20416,31,17,0,0,,,,,121389.0,20416.0,0.1681865737422666,,0.0015184169278996864,0.5483870967741935,nan,,
2022,2020,True,MO,48161,Aetna Life Insurance Company,,,,,,,,,,,,,,,,,,,
2022,2020,True,MO,53461,Medica Insurance Company,103287,21738,50,16,,,,,,,103287.0,21738.0,0.2104621104301606,,0.0023001196062195236,0.32,,,
2022,2020,True,MO,69512,Oscar Insurance Company,3760,2543,0,0,0,0,,,,,3760.0,2543.0,0.6763297872340426,,0.0,nan,nan,,
2022,2020,True,MO,74483,Cigna Health and Life Insurance Company,1942723,234494,1114,196,,,,,,,1942723.0,234494.0,0.12070377506211642,,0.0047506546009706005,0.17594254937163376,,,
2022,2020,True,MO,96384,Cox Health Systems Insurance Company,11712,1732,,0,0,0,,,,,11712.0,1732.0,0.1478825136612022,,,,nan,,
2022,2020,True,MO,99723,Celtic Insurance Company,2054568,732660,798,315,0,0,,,,,2054568.0,732660.0,0.35660051164040324,,0.0010891818851854885,0.39473684210526316,nan,,
2022,2020,True,MS,14624,"Vantage Health Plan of Mississippi, Inc.",,,,,,,,,,,,,,,,,,,
2022,2020,True,MS,56766,Cigna Health and Life Insurance Company,,,,,,,,,,,,,,,,,,,
2022,2020,True,MS,79975,"Molina Healthcare of Mississippi, Inc",142850,49828,486,115,,0,,,,,142850.0,49828.0,0.3488134406720336,,0.009753552219635546,0.2366255144032922,,,
2022,2020,True,MS,90714,Ambetter of Magnolia Inc.,1724582,485205,175,81,,,,,,,1724582.0,485205.0,0.28134643641183776,,0.0003606722931544399,0.46285714285714286,,,
2022,2020,True,MT,23603,PacificSource Health Plans,97515,3712,124,35,,0,,,,,97515.0,3712.0,0.03806593857355279,,0.0334051724137931,0.28225806451612906,,,
2022,2020,True,MT,30751,Blue Cross and Blue Shield of Montana,586995,73934,114,45,19,,,,,,586995.0,73934.0,0.12595337268630907,,0.0015419157627072795,0.39473684210526316,,,
2022,2020,True,MT,32225,Montana Health Cooperative,454636,24610,829,356,,0,,,,,454636.0,24610.0,0.054131217061561335,,0.033685493701747254,0.4294330518697226,,,
2022,2020,True,NC,11512,Blue Cross and Blue Shield of NC,19424054,2901677,1473,579,26,11,,,,,19424054.0,2901677.0,0.14938575644404614,,0.0005076374799814038,0.39307535641547864,0.4230769230769231,,
2022,2020,True,NC,17414,"AmeriHealth Caritas North Carolina, Inc.",,,,,,,,,,,,,,,,,,,
2022,2020,True,NC,37900,Bright Health Company of North Carolina,474638,8627,159,65,0,0,,,,,474638.0,8627.0,0.018175957255845508,,0.018430508867508983,0.4088050314465409,nan,,
2022,2020,True,NC,44007,Celtic Insurance Company,,,,,,,,,,,,,,,,,,,
2022,2020,True,NC,54332,"UnitedHealthcare of North Carolina, Inc",,,,,,,,,,,,,,,,,,,
2022,2020,True,NC,61671,Aetna Health Inc. (a PA corp.),,,,,,,,,,,,,,,,,,,
2022,2020,True,NC,69803,"Oscar Health Plan of North Carolina, Inc",,,,,,,,,,,,,,,,,,,
2022,2020,True,NC,73943,"Cigna HealthCare of North Carolina, Inc.",110324,10325,78,16,0,0,,,,,110324.0,10325.0,0.0935879772307023,,0.0075544794188861985,0.20512820512820512,nan,,
2022,2020,True,NC,77264,Ambetter of North Carolina Inc.,332414,133565,139,85,0,0,,,,,332414.0,133565.0,0.401803173151552,,0.0010406917980009733,0.6115107913669064,nan,,
2022,2020,True,NC,77320,Friday Health Plans of North Carolina Inc,,,,,,,,,,,,,,,,,,,
2022,2020,True,ND,37160,Blue Cross Blue Shield of North Dakota,346514,45764,105,41,,,,,,,346514.0,45764.0,0.13206969992554413,,0.0022943798619001836,0.3904761904761905,,,
2022,2020,True,ND,73751,Medica Health Plans,18883,3305,,,0,0,,,,,18883.0,3305.0,0.1750251549012339,,,,nan,,
2022,2020,True,ND,89364,Sanford Health Plan,233206,15410,277,197,,,,,,,233206.0,15410.0,0.06607891735204069,,0.01797534068786502,0.7111913357400722,,,
2022,2020,True,NE,20305,Medica Insurance Company,2598403,435623,994,450,,,,,,,2598403.0,435623.0,0.16765028365499887,,0.0022817895290193585,0.45271629778672035,,,
2022,2020,True,NE,26289,"Nebraska Total Care, Inc.",,,,,,,,,,,,,,,,,,,
2022,2020,True,NE,57424,Oscar Insurance Company,,,,,,,,,,,,,,,,,,,
2022,2020,True,NE,83653,Bright Health Insurance Company,421080,46352,208,132,0,0,,,,,421080.0,46352.0,0.11007884487508313,,0.0044874007594062825,0.6346153846153846,nan,,
2022,2020,True,NH,59025,Harvard Pilgrim Health Care of NE,190128,43498,59,33,0,0,,,,,190128.0,43498.0,0.22878271480265927,,0.001356384201572486,0.559322033898305,nan,,
2022,2020,True,NH,75841,Celtic Insurance Company,241032,76585,14,,,0,,,,,241032.0,76585.0,0.31773789372365496,,0.0001828034210354508,,,,
2022,2020,True,NH,96751,Matthew Thornton Hlth Plan(Anthem BCBS),833667,125957,157,53,,0,,,,,833667.0,125957.0,0.151087904403077,,0.0012464571242566907,0.3375796178343949,,,
2022,2020,True,OH,28162,AultCare Insurance Company,186533,28753,62,28,0,0,,,,,186533.0,28753.0,0.15414430690548053,,0.002156296734253817,0.45161290322580644,nan,,
2022,2020,True,OH,29276,Community Insurance Company(Anthem BCBS),252910,51185,67,36,13,0,,,,,252910.0,51185.0,0.2023842473607212,,0.001308977239425613,0.5373134328358209,0.0,,
2022,2020,True,OH,29341,Oscar Buckeye State Insurance Corp.,552610,48483,63,63,,,,,,,552610.0,48483.0,0.0877345686831581,,0.0012994245405606088,1.0,,,
2022,2020,True,OH,41047,Buckeye Community Health Plan,670413,197753,463,250,0,0,,,,,670413.0,197753.0,0.2949719053777298,,0.0023413045566944624,0.5399568034557235,nan,,
2022,2020,True,OH,45845,Oscar Insurance Corporation of Ohio,552610,48483,63,63,,,,,,,552610.0,48483.0,0.0877345686831581,,0.0012994245405606088,1.0,,,
2022,2020,True,OH,52664,"Summa Insurance Company, Inc.",75710,16793,43,28,,,,,,,75710.0,16793.0,0.22180689472989037,,0.0025605907223247783,0.6511627906976745,,,
2022,2020,True,OH,64353,"Molina Healthcare of Ohio, Inc.",726274,257715,466,179,29,11,,,,,726274.0,257715.0,0.3548454164681649,,0.0018081989794928506,0.38412017167381973,0.3793103448275862,,
2022,2020,True,OH,74313,Paramount Insurance Company,105382,19216,51,32,,0,,,,,105382.0,19216.0,0.18234613121785503,,0.0026540383014154872,0.6274509803921569,,,
2022,2020,True,OH,77552,"CareSource Ohio, Inc.",2683988,675152,561,234,18,,,,,,2683988.0,675152.0,0.2515480695144688,,0.0008309239993364457,0.41711229946524064,,,
2022,2020,True,OH,99969,Medical Health Insuring Corp. of Ohio,1363346,233019,698,379,11,,,,,,1363346.0,233019.0,0.17091699392523982,,0.002995463889210751,0.5429799426934098,,,
2022,2020,True,OK,21333,Medica Insurance Company,236873,52015,100,45,0,0,,,,,236873.0,52015.0,0.21959024456143164,,0.001922522349322311,0.45,nan,,
2022,2020,True,OK,40463,Bright Health Insurance Company,279064,69701,110,60,0,0,,,,,279064.0,69701.0,0.24976707851962274,,0.0015781696101921062,0.5454545454545454,nan,,
2022,2020,True,OK,45480,"UnitedHealthcare of Oklahoma, Inc.",,,,,,,,,,,,,,,,,,,
2022,2020,True,OK,62505,Celtic Insurance Company,,,,,,,,,,,,,,,,,,,
2022,2020,True,OK,87571,Blue Cross Blue Shield of Oklahoma,7338783,1057951,131,13,,,,,,,7338783.0,1057951.0,0.14415891572212994,,0.00012382426029182826,0.09923664122137404,,,
2022,2020,True,OK,91538,Friday Health Plans of Oklahoma Inc,,,,,,,,,,,,,,,,,,,
2022,2020,True,OK,91908,Oscar Insurance Company,,,,,,,,,,,,,,,,,,,
2022,2020,True,OK,98905,CommunityCare HMO Inc.,,,,,,,,,,,,,,,,,,,
2022,2020,True,OR,10091,PacificSource Health Plans,75372,3650,257,63,,0,,,,,75372.0,3650.0,0.048426471368678024,,0.07041095890410959,0.245136186770428,,,
2022,2020,True,OR,39424,"Moda Health Plan, Inc.",717729,54476,63,18,,0,,,,,717729.0,54476.0,0.07590051398229694,,0.0011564725750789339,0.2857142857142857,,,
2022,2020,True,OR,56707,Providence Health Plan,0,0,0,0,0,0,,,,,0.0,0.0,nan,,nan,nan,nan,,
2022,2020,True,OR,63474,BridgeSpan Health Company,6477,558,16,0,,,,,,,6477.0,558.0,0.08615099583140343,,0.02867383512544803,0.0,,,
2022,2020,True,OR,71287,Kaiser Foundation Healthplan of the NW,44137,4071,67,24,0,0,,,,,44137.0,4071.0,0.09223553934340803,,0.016457872758535986,0.3582089552238806,nan,,
2022,2020,True,OR,77969,Regence BlueCross BlueShield of Oregon,,,,,,,,,,,,,,,,,,,
2022,2020,True,SC,16985,Bright Health Company of South Carolina,83294,17741,37,26,0,0,,,,,83294.0,17741.0,0.21299253247532834,,0.002085564511583338,0.7027027027027027,nan,,
2022,2020,True,SC,26065,Blue Cross and Blue Shield of South Carolina,7306863,1056260,912,340,561,179,,,,,7306863.0,1056260.0,0.1445572470703228,,0.0008634237782364191,0.37280701754385964,0.31907308377896615,,
2022,2020,True,SC,42326,"MOLINA HEALTHCARE OF SOUTH CAROLINA, INC",170847,72547,160,102,,,,,,,170847.0,72547.0,0.42463139534203115,,0.0022054668008325636,0.6375,,,
2022,2020,True,SC,79222,"Absolute Total Care, Inc",114057,36917,71,43,0,0,,,,,114057.0,36917.0,0.32367149758454106,,0.001923233198797302,0.6056338028169014,nan,,
2022,2020,True,SD,31195,Sanford Health Plan,299209,15885,202,136,0,0,,,,,299209.0,15885.0,0.0530899805821349,,0.012716399118665407,0.6732673267326733,nan,,
2022,2020,True,SD,60536,"Avera Health Plans, Inc.",195254,13476,103,47,,,,,,,195254.0,13476.0,0.06901779220912248,,0.007643217571979816,0.4563106796116505,,,
2022,2020,True,TN,14002,BlueCross BlueShield of Tennessee,6448939,1225395,200,59,,,,,,,6448939.0,1225395.0,0.19001497765756506,,0.00016321267836085507,0.295,,,
2022,2020,True,TN,23552,Oscar Insurance Company,27681,22301,,,0,0,,,,,27681.0,22301.0,0.8056428597232759,,,,nan,,
2022,2020,True,TN,69443,UnitedHealthcare Insurance Company,,,,,,,,,,,,,,,,,,,
2022,2020,True,TN,70111,Celtic Insurance Company,200327,85109,88,48,,,,,,,200327.0,85109.0,0.4248503696456294,,0.0010339682054776817,0.5454545454545454,,,
2022,2020,True,TN,97906,Bright Health Insurance Company of Tennessee,362462,66920,316,174,14,,,,,,362462.0,66920.0,0.18462625047591197,,0.004722056186491333,0.5506329113924051,,,
2022,2020,True,TN,99248,Cigna Health and Life Insurance Company,3027685,442167,1804,233,16,,,,,,3027685.0,442167.0,0.14604128236590003,,0.0040799064606811455,0.12915742793791574,,,
2022,2020,True,TX,17933,"Moda Health Plan, Inc.",,,,,,,,,,,,,,,,,,,
2022,2020,True,TX,20069,Oscar Insurance Company,9276,4843,65,56,,,,,,,9276.0,4843.0,0.5221000431220354,,0.013421432996076812,0.8615384615384616,,,
2022,2020,True,TX,26539,"SHA, LLC DBA FirstCare Health Plans",634030,98848,238,143,,,,,,,634030.0,98848.0,0.1559042947494598,,0.0024077371317578504,0.6008403361344538,,,
2022,2020,True,TX,27248,"Community Health Choice, Inc.",2423364,405859,365,94,,,,,,,2423364.0,405859.0,0.16747752298045196,,0.0008993271062117632,0.25753424657534246,,,
2022,2020,True,TX,29418,Celtic Insurance Company,7058234,2773390,1399,906,43,22,,,,,7058234.0,2773390.0,0.3929297328481884,,0.000504436808382521,0.6476054324517513,0.5116279069767442,,
2022,2020,True,TX,33602,Blue Cross Blue Shield of Texas,16149484,2877345,1526,254,15,,,,,,16149484.0,2877345.0,0.17816946968708103,,0.0005303500275427521,0.16644823066841416,,,
2022,2020,True,TX,40220,"UnitedHealthcare of Texas, Inc.",,,,,,,,,,,,,,,,,,,
2022,2020,True,TX,40788,Scott and White Health Plan,,,,,,,,,,,,,,,,,,,
2022,2020,True,TX,45786,"Molina Healthcare of Texas, Inc.",4042295,1169666,1358,906,39,22,,,,,4042295.0,1169666.0,0.2893569123480597,,0.0011610151957909352,0.6671575846833578,0.5641025641025641,,
2022,2020,True,TX,54837,Friday Health Insurance Company Inc,,,,,,,,,,,,,,,,,,,
2022,2020,True,TX,58840,Aetna Health Inc.  (a TX corp.),,,,,,,,,,,,,,,,,,,
2022,2020,True,TX,63251,Community First Insurance Plans,,,,,,,,,,,,,,,,,,,
2022,2020,True,TX,66252,CHRISTUS Health Plan,571386,157326,3427,944,228,118,,,,,571386.0,157326.0,0.2753410129054615,,0.02178279496078207,0.2754595856434199,0.5175438596491229,,
2022,2020,True,TX,71837,"Sendero Health Plans, Inc.",226343,66331,39,32,,,,,,,226343.0,66331.0,0.2930552303362596,,0.0005879603805158975,0.8205128205128205,,,
2022,2020,True,TX,87226,Superior Health Plan,,,,,,,,,,,,,,,,,,,
2022,2020,True,TX,98312,Bright HealthCare Insurance Company of Texas,,,,,,,,,,,,,,,,,,,
2022,2020,True,UT,18167,Molina Healthcare of Utah,90389,36902,39,25,0,0,,,,,90389.0,36902.0,0.4082576419697087,,0.0010568532870847108,0.6410256410256411,nan,,
2022,2020,True,UT,22013,Regence BlueCross BlueShield of Utah,,,,,,,,,,,,,,,,,,,
2022,2020,True,UT,34541,BridgeSpan Health Company,0,0,0,0,0,0,,,,,0.0,0.0,nan,,nan,nan,nan,,
2022,2020,True,UT,39889,Bright Health Insurance Company,,,,,,,,,,,,,,,,,,,
2022,2020,True,UT,42261,University of Utah Health Insurance Plans,673816,155276,936,373,,,,,,,673816.0,155276.0,0.23044273214052502,,0.00602797599113836,0.39850427350427353,,,
2022,2020,True,UT,68781,SelectHealth,6368921,706709,2896,986,21,,,,,,6368921.0,706709.0,0.11096212372551018,,0.00409786772207514,0.3404696132596685,,,
2022,2020,True,UT,81808,Cigna Health and Life Insurance Company,179701,19492,74,,,0,,,,,179701.0,19492.0,0.10846906806306031,,0.0037964293043299814,,,,
2022,2020,True,VA,10207,"CareFirst BlueChoice, Inc.",70300,19012,12,,0,0,,,,,70300.0,19012.0,0.27044096728307254,,0.0006311803071744162,,nan,,
2022,2020,True,VA,20507,Optima Health Plan,1073818,251158,287,68,,0,,,,,1073818.0,251158.0,0.23389252182399625,,0.0011427069812627907,0.23693379790940766,,,
2022,2020,True,VA,24251,"Optimum Choice, Inc.",,,,,,,,,,,,,,,,,,,
2022,2020,True,VA,25922,Oscar Insurance Company,4183,3042,0,0,0,0,,,,,4183.0,3042.0,0.7272292612957207,,0.0,nan,nan,,
2022,2020,True,VA,25928,Bright Health Insurance Company,,,,,,,,,,,,,,,,,,,
2022,2020,True,VA,37204,"Piedmont Community HealthCare HMO, Inc.",57333,7366,91,46,0,0,,,,,57333.0,7366.0,0.12847749114820434,,0.012354059190877002,0.5054945054945055,nan,,
2022,2020,True,VA,38234,Aetna Life Insurance Company,,,,,,,,,,,,,,,,,,,
2022,2020,True,VA,40308,Group Hospitalization and Medical Services Inc.,21720,6072,,,0,0,,,,,21720.0,6072.0,0.2795580110497238,,,,nan,,
2022,2020,True,VA,41921,Cigna Health and Life Insurance Company,1889983,202665,585,52,13,,,,,,1889983.0,202665.0,0.10723112324290747,,0.0028865368958626305,0.08888888888888889,,,
2022,2020,True,VA,86443,"Innovation Health Plan, Inc.",,,,,,,,,,,,,,,,,,,
2022,2020,True,VA,88380,"HealthKeepers, Inc.",4664589,900035,458,79,0,0,,,,,4664589.0,900035.0,0.19295054719719143,,0.000508869099535018,0.17248908296943233,nan,,
2022,2020,True,VA,95185,"Kaiser Foundation Health Plan of the Mid-Atlantic States, Inc.",21100,2958,20,,,,,,,,21100.0,2958.0,0.14018957345971564,,0.0067613252197430695,,,,
2022,2020,True,WI,14630,Children's Community Health Plan,149466,12413,318,140,,,,,,,149466.0,12413.0,0.08304898772965089,,0.025618303391605576,0.44025157232704404,,,
2022,2020,True,WI,20173,HealthPartners Insurance Company,101937,7640,,,0,0,,,,,101937.0,7640.0,0.07494825235194287,,,,nan,,
2022,2020,True,WI,37833,Quartz Health Benefit Plans Corporation,536333,43844,140,49,0,0,,,,,536333.0,43844.0,0.08174772016638916,,0.0031931393121065596,0.35,nan,,
2022,2020,True,WI,38166,"Security Health Plan of Wisconsin, Inc.",660640,55573,84,55,,,,,,,660640.0,55573.0,0.08411994429643982,,0.0015115253810303565,0.6547619047619048,,,
2022,2020,True,WI,38345,Dean Health Plan,738330,64499,157,59,,0,,,,,738330.0,64499.0,0.08735795646932944,,0.002434146265833579,0.37579617834394907,,,
2022,2020,True,WI,52697,"Molina Healthcare of Wisconsin, Inc.",645671,234295,392,272,,,,,,,645671.0,234295.0,0.36287056411082425,,0.0016731044196419045,0.6938775510204082,,,
2022,2020,True,WI,57845,Medica Community Health Plan,309731,46645,90,30,,,,,,,309731.0,46645.0,0.15059842250210667,,0.0019294672526530175,0.3333333333333333,,,
2022,2020,True,WI,58326,"MercyCare HMO, Inc.",200323,1722,17,11,,0,,,,,200323.0,1722.0,0.008596117270607969,,0.009872241579558653,0.6470588235294118,,,
2022,2020,True,WI,79475,Compcare Health Serv Ins Co(Anthem BCBS),,,,,,,,,,,,,,,,,,,
2022,2020,True,WI,81413,Network Health Plan,94506,20867,87,67,,0,,,,,94506.0,20867.0,0.22080079571667408,,0.0041692624718454975,0.7701149425287356,,,
2022,2020,True,WI,84670,"WPS Health Plan, Inc.",2564,678,,,0,0,,,,,2564.0,678.0,0.26443057722308894,,,,nan,,
2022,2020,True,WI,86584,"Aspirus Health Plan, Inc.",68693,14820,54,24,0,0,,,,,68693.0,14820.0,0.215742506514492,,0.0036437246963562753,0.4444444444444444,nan,,
2022,2020,True,WI,87416,Common Ground Healthcare Cooperative,3483472,413569,40,23,,,,,,,3483472.0,413569.0,0.11872321637722365,,9.671904809112869e-05,0.575,,,
2022,2020,True,WI,94529,Group Health Cooperative of South Central Wisconsin,53450,7143,,0,0,0,,,,,53450.0,7143.0,0.13363891487371374,,,,nan,,
2022,2020,True,WV,31274,Highmark Blue Cross Blue Shield West Virginia,521615,40071,38,23,0,0,,,,,521615.0,40071.0,0.07682102700267439,,0.000948316737790422,0.6052631578947368,nan,,
2022,2020,True,WV,50328,CareSource West Virginia Co.,410744,97542,,,0,0,,,,,410744.0,97542.0,0.23747638431723897,,,,nan,,
2022,2020,True,WY,11269,Blue Cross Blue Shield of Wyoming,935848,121710,2589,1756,11,,,,,,935848.0,121710.0,0.13005317102777375,,0.0212718757702736,0.6782541521823098,,,
2022,2020,True,WY,38576,Montana Health Cooperative,,,,,,,,,,,,,,,,,,,
2023,2021,True,AK,38344,Premera Blue Cross Blue Shield of Alaska,603348,143208,2156,1079,,,,,,,603348.0,143208.0,0.23735555599753377,,0.015055024858946428,0.5004638218923934,,,
2023,2021,True,AK,77963,Moda Assurance Company,7965,628,,,0,0,,,,,7965.0,628.0,0.0788449466415568,,,,nan,,
2023,2021,True,AL,46944,Blue Cross and Blue Shield of Alabama,7557971,1710597,1974,569,56,,,,,,7557971.0,1710597.0,0.22633018835346153,,0.0011539830830990584,0.28824721377912865,,,
2023,2021,True,AL,53932,Celtic Insurance Company,,,,,,,,,,,,,,,,,,,
2023,2021,True,AL,69461,UnitedHealthcare Insurance Company,,,,,,,,,,,,,,,,,,,
2023,2021,True,AL,73301,Bright Health Insurance Company,99090,6396,20,0,0,0,,,,,99090.0,6396.0,0.06454738116863458,,0.0031269543464665416,0.0,nan,,
2023,2021,True,AR,13262,"HMO Partners, Inc.",919095,152474,311,68,0,0,,,,,919095.0,152474.0,0.16589579967250392,,0.0020396920130645226,0.21864951768488747,nan,,
2023,2021,True,AR,37903,"QualChoice Life & Health Insurance Company, Inc.",1971681,361647,103,86,0,0,,,,,1971681.0,361647.0,0.18342064461746094,,0.00028480811398960866,0.8349514563106796,nan,,
2023,2021,True,AR,62141,Celtic Insurance Company,4540069,877096,742,356,,,,,,,4540069.0,877096.0,0.19319001539403916,,0.0008459735308335689,0.4797843665768194,,,
2023,2021,True,AR,70525,"QCA Health Plan, Inc.",1954143,362988,297,135,0,0,,,,,1954143.0,362988.0,0.18575303854426212,,0.0008182088664088069,0.45454545454545453,nan,,
2023,2021,True,AR,75293,USAble Mutual Insurance Company,5795970,1054292,6575,1930,54,12,,,,,5795970.0,1054292.0,0.18190087250279074,,0.006236412682634413,0.2935361216730038,0.2222222222222222,,
2023,2021,True,AZ,13877,"Oscar Health Plan, Inc.",322617,11378,54,51,0,0,,,,,322617.0,11378.0,0.035267825316086875,,0.004746001054666901,0.9444444444444444,nan,,
2023,2021,True,AZ,23435,Banner Health and Aetna Health Plan Inc.,,,,,,,,,,,,,,,,,,,
2023,2021,True,AZ,32311,Medica Community Health Plan,,,,,,,,,,,,,,,,,,,
2023,2021,True,AZ,40702,"UnitedHealthcare of Arizona, Inc.",22221,8586,329,141,0,0,,,,,22221.0,8586.0,0.3863912515188335,,0.03831819240624272,0.42857142857142855,nan,,
2023,2021,True,AZ,53901,"Blue Cross and Blue Shield of Arizona, Inc.",1702700,270255,1917,615,47,14,,,,,1702700.0,270255.0,0.15872144241498795,,0.00709330077149359,0.3208137715179969,0.2978723404255319,,
2023,2021,True,AZ,85533,"Imperial Insurance Companies, Inc.",,,,,,,,,,,,,,,,,,,
2023,2021,True,AZ,87247,Bright Health Company of Arizona,426315,20527,139,,0,0,,,,,426315.0,20527.0,0.0481498422527943,,0.006771569152823111,,nan,,
2023,2021,True,AZ,91450,"Health Net of Arizona, Inc.",892318,351934,951,395,,,,,,,892318.0,351934.0,0.394404237054503,,0.002702211210056431,0.4153522607781283,,,
2023,2021,True,AZ,97667,"Cigna HealthCare of Arizona, Inc",245947,32296,25,15,,,,,,,245947.0,32296.0,0.13131284382407593,,0.0007740896705474362,0.6,,,
2023,2021,True,DE,67190,Aetna Health Inc. (a PA corp.),,,,,,,,,,,,,,,,,,,
2023,2021,True,DE,72760,"AmeriHealth Caritas VIP Next, Inc.",,,,,,,,,,,,,,,,,,,
2023,2021,True,DE,76168,Highmark BCBSD Inc.,814191,121035,109,,,0,,,,,814191.0,121035.0,0.14865676481317036,,0.0009005659519973561,,,,
2023,2021,True,FL,12379,Bright Health Insurance Company of Florida,14147996,800924,1445,64,0,0,,,,,14147996.0,800924.0,0.056610420302635085,,0.001804166188052799,0.044290657439446365,nan,,
2023,2021,True,FL,16842,Blue Cross and Blue Shield of Florida,18025819,1936124,3519,1665,111,38,,,,,18025819.0,1936124.0,0.10740837905894872,,0.0018175488760017438,0.4731457800511509,0.34234234234234234,,
2023,2021,True,FL,18628,Aetna Health Inc. (a FL corp.),,,,,,,,,,,,,,,,,,,
2023,2021,True,FL,19898,"AvMed, Inc.",1155539,311070,108,65,,,,,,,1155539.0,311070.0,0.2691990491017612,,0.00034718873565435434,0.6018518518518519,,,
2023,2021,True,FL,21663,Celtic Insurance Company,5169919,2167829,4177,2163,22,,,,,,5169919.0,2167829.0,0.4193158538847514,,0.0019268124930518044,0.5178357672971032,,,
2023,2021,True,FL,30252,"Health Options, Inc.",23017981,3063375,3022,1233,88,29,,,,,23017981.0,3063375.0,0.13308617293584524,,0.0009864936548741176,0.40800794176042354,0.32954545454545453,,
2023,2021,True,FL,36194,"Health First Commercial Plans, Inc.",968641,147827,215,103,14,,,,,,968641.0,147827.0,0.1526127843029564,,0.0014544027816298783,0.4790697674418605,,,
2023,2021,True,FL,40572,Oscar Insurance Company of Florida,7137398,470215,271,228,,,,,,,7137398.0,470215.0,0.06588045111117524,,0.0005763321033995087,0.8413284132841329,,,
2023,2021,True,FL,48121,Cigna Health and Life Insurance Company,3040820,554799,484,161,18,,,,,,3040820.0,554799.0,0.1824504574424004,,0.0008723880180029164,0.33264462809917356,,,
2023,2021,True,FL,54172,"Molina Healthcare of Florida, Inc",515439,113466,623,222,,0,,,,,515439.0,113466.0,0.22013468131049455,,0.005490631554826997,0.3563402889245586,,,
2023,2021,True,FL,56503,"Florida Health Care Plan, Inc.",2408855,303057,426,177,,,,,,,2408855.0,303057.0,0.12580956512533964,,0.0014056761599303101,0.4154929577464789,,,
2023,2021,True,FL,66966,Capital Health Plan,,,,,,,,,,,,,,,,,,,
2023,2021,True,FL,67926,"AmeriHealth Caritas Florida, Inc.",,,,,,,,,,,,,,,,,,,
2023,2021,True,FL,68398,"UnitedHealthcare of Florida, Inc.",,,,,,,,,,,,,,,,,,,
2023,2021,True,FL,86382,Sunshine State Health Plan,,,,,,,,,,,,,,,,,,,
2023,2021,True,FL,92120,"Coventry Health Plan of Florida, Inc.",,,,,,,,,,,,,,,,,,,
2023,2021,True,GA,15105,"Cigna HealthCare of Georgia, Inc.",,,,,,,,,,,,,,,,,,,
2023,2021,True,GA,38146,Bright Health Company of Georgia,,,,,,,,,,,,,,,,,,,
2023,2021,True,GA,43802,"UnitedHealthcare of Georgia, Inc.",,,,,,,,,,,,,,,,,,,
2023,2021,True,GA,49046,Anthem Blue Cross and Blue Shield,3857828,717223,421,56,0,0,,,,,3857828.0,717223.0,0.18591367992559543,,0.0005869861953674101,0.1330166270783848,nan,,
2023,2021,True,GA,58081,Oscar Health Plan of Georgia,10714,356,,,0,0,,,,,10714.0,356.0,0.033227552734739596,,,,nan,,
2023,2021,True,GA,60224,CareSource Georgia Co.,1641847,408202,30,,0,0,,,,,1641847.0,408202.0,0.24862365372656525,,7.349302551187893e-05,,nan,,
2023,2021,True,GA,70893,Ambetter of Peach State Inc.,4809122,1966976,1705,885,,,,,,,4809122.0,1966976.0,0.40900937842708085,,0.0008668128131710809,0.5190615835777126,,,
2023,2021,True,GA,82824,Aetna Health Inc. (a GA corp.),,,,,,,,,,,,,,,,,,,
2023,2021,True,GA,83761,Alliant Health Plans,406302,25742,5639,1205,33,12,,,,,406302.0,25742.0,0.06335681340480726,,0.21905834822469117,0.213690370633091,0.36363636363636365,,
2023,2021,True,GA,89942,Kaiser Foundation Health Plan of Georgia,99336,9464,54,11,0,0,,,,,99336.0,9464.0,0.09527261013127164,,0.005705832628909552,0.2037037037037037,nan,,
2023,2021,True,GA,90617,Friday Health Plans of Georgia Inc,,,,,,,,,,,,,,,,,,,
2023,2021,True,HI,18350,Hawaii Medical Service Association,471082,117703,82,42,0,0,,,,,471082.0,117703.0,0.2498567128440484,,0.0006966687340169749,0.5121951219512195,nan,,
2023,2021,True,HI,60612,"Kaiser Foundation Health Plan, Inc.",15097,875,37,,0,0,,,,,15097.0,875.0,0.05795853480824005,,0.04228571428571429,,nan,,
2023,2021,True,IA,25896,"Wellmark Health Plan of Iowa, Inc.",1966886,313471,145,53,,,,,,,1966886.0,313471.0,0.1593742596164699,,0.0004625627251005675,0.36551724137931035,,,
2023,2021,True,IA,45819,Oscar Insurance Company,9620,269,,,0,0,,,,,9620.0,269.0,0.027962577962577964,,,,nan,,
2023,2021,True,IA,63876,CareSource Iowa Co.,,,,,,,,,,,,,,,,,,,
2023,2021,True,IA,93078,Medica Insurance Company,851854,107718,322,140,,,,,,,851854.0,107718.0,0.1264512463403353,,0.0029892868415677975,0.43478260869565216,,,
2023,2021,True,IL,11574,"Oscar Health Plan, Inc.",,,,,,,,,,,,,,,,,,,
2023,2021,True,IL,20129,"Health Alliance Medical Plans, Inc.",1311179,141720,203,80,17,,,,,,1311179.0,141720.0,0.10808592877097635,,0.0014324019192774485,0.39408866995073893,,,
2023,2021,True,IL,27833,Celtic Insurance Company,589599,280694,298,204,,,,,,,589599.0,280694.0,0.47607611274781675,,0.0010616543282008166,0.6845637583892618,,,
2023,2021,True,IL,32355,"Molina Healthcare of Illinois, Inc.",,,,,,,,,,,,,,,,,,,
2023,2021,True,IL,36096,Blue Cross Blue Shield of Illinois,8309652,1373756,1598,486,59,33,,,,,8309652.0,1373756.0,0.16532052124445162,,0.0011632342279123803,0.3041301627033792,0.559322033898305,,
2023,2021,True,IL,42529,"UnitedHealthcare of Illinois, Inc.",,,,,,,,,,,,,,,,,,,
2023,2021,True,IL,53882,"Cigna HealthCare of Illinois, Inc.",400949,78631,59,17,,,,,,,400949.0,78631.0,0.19611222374915513,,0.0007503401966145668,0.288135593220339,,,
2023,2021,True,IL,54322,"MercyCare HMO, Inc.",34094,3577,31,17,,0,,,,,34094.0,3577.0,0.10491582096556579,,0.008666480290746436,0.5483870967741935,,,
2023,2021,True,IL,65280,SSM Health Plan,27295,7047,,,0,0,,,,,27295.0,7047.0,0.25817915369115224,,,,nan,,
2023,2021,True,IL,85773,Quartz Health Benefit Plans Corporation,82763,8480,26,12,,0,,,,,82763.0,8480.0,0.1024612447591315,,0.003066037735849057,0.46153846153846156,,,
2023,2021,True,IL,99129,Aetna Health Inc. (a PA corp.),,,,,,,,,,,,,,,,,,,
2023,2021,True,IN,17575,Anthem Ins Companies Inc(Anthem BCBS),14711,2586,,,0,0,,,,,14711.0,2586.0,0.1757868261844878,,,,nan,,
2023,2021,True,IN,35755,US HEALTH AND LIFE INSURANCE COMPANY,,,,,,,,,,,,,,,,,,,
2023,2021,True,IN,54192,"CareSource Indiana, Inc.",3761608,820029,111,17,0,0,,,,,3761608.0,820029.0,0.21799958953724047,,0.0001353610664988677,0.15315315315315314,nan,,
2023,2021,True,IN,76179,Celtic Insurance Company,456944,174499,726,263,36,,,,,,456944.0,174499.0,0.3818826814664379,,0.004160482295027479,0.3622589531680441,,,
2023,2021,True,IN,94419,Cigna Health and Life Insurance Company,,,,,,,,,,,,,,,,,,,
2023,2021,True,KS,18558,"Blue Cross and Blue Shield of Kansas, Inc.",1894345,229743,224,59,72,25,,,,,1894345.0,229743.0,0.12127833103262606,,0.0009750025027966032,0.26339285714285715,0.3472222222222222,,
2023,2021,True,KS,32542,US Health and Life Insurance Company,,,,,,,,,,,,,,,,,,,
2023,2021,True,KS,34368,Celtic Insurance Company,,,,,,,,,,,,,,,,,,,
2023,2021,True,KS,39520,Medica Insurance Company,215860,42384,95,55,0,0,,,,,215860.0,42384.0,0.19634948577781897,,0.0022414118535296337,0.5789473684210527,nan,,
2023,2021,True,KS,43490,Oscar Insurance Company,19822,1244,,,0,0,,,,,19822.0,1244.0,0.06275855110483301,,,,nan,,
2023,2021,True,KS,76763,Cigna Health and Life Insurance Company,105888,12661,21,,,0,,,,,105888.0,12661.0,0.11956973405862799,,0.0016586367585498776,,,,
2023,2021,True,KS,94248,Blue Cross and Blue Shield of Kansas City,97698,28030,34,22,0,0,,,,,97698.0,28030.0,0.2869045425699605,,0.0012129860863360686,0.6470588235294118,nan,,
2023,2021,True,KS,94968,UnitedHealthcare Insurance Company,,,,,,,,,,,,,,,,,,,
2023,2021,True,LA,19636,"HMO Louisiana, Inc.",4351415,629374,1577,550,108,33,,,,,4351415.0,629374.0,0.14463662969401908,,0.002505664358553102,0.34876347495244137,0.3055555555555556,,
2023,2021,True,LA,61604,Louisiana Healthcare Connections,,,,,,,,,,,,,,,,,,,
2023,2021,True,LA,67243,"Vantage Health Plan, Inc.",365025,88330,129,95,,0,,,,,365025.0,88330.0,0.24198342579275392,,0.0014604324691497791,0.7364341085271318,,,
2023,2021,True,LA,69842,UnitedHealthcare Insurance Company,,,,,,,,,,,,,,,,,,,
2023,2021,True,LA,97176,Louisiana Health Service & Indemnity Company,308100,42387,95,36,,,,,,,308100.0,42387.0,0.13757546251217137,,0.0022412532144289524,0.37894736842105264,,,
2023,2021,True,LA,98780,CHRISTUS Health Plan Louisiana,15654,1490,50,219,0,0,,,,,15654.0,1490.0,0.09518333972147694,,0.03355704697986577,4.38,nan,,
2023,2021,True,MI,15560,Blue Cross Blue Shield of Michigan Mutual Insurance Company,1235529,317708,269,111,30,,,,,,1235529.0,317708.0,0.257143296515096,,0.0008466894129200398,0.41263940520446096,,,
2023,2021,True,MI,29698,Priority Health,2522336,183482,109,18,18,,,,,,2522336.0,183482.0,0.07274288595968181,,0.0005940637228719983,0.1651376146788991,,,
2023,2021,True,MI,40047,"Molina Healthcare of Michigan, Inc.",180358,40144,96,52,,,,,,,180358.0,40144.0,0.22257953625566929,,0.0023913909924272616,0.5416666666666666,,,
2023,2021,True,MI,58594,"Meridian Health Plan of Michigan, Inc.",70673,34424,77,52,0,0,,,,,70673.0,34424.0,0.4870884213207307,,0.002236811526841738,0.6753246753246753,nan,,
2023,2021,True,MI,58996,US HEALTH AND LIFE INSURANCE COMPANY,,,,,,,,,,,,,,,,,,,
2023,2021,True,MI,60829,Physicians Health Plan,118674,32569,35,11,0,0,,,,,118674.0,32569.0,0.27444090533731064,,0.0010746415302895392,0.3142857142857143,nan,,
2023,2021,True,MI,71667,"UnitedHealthcare Community Plan, Inc.",,,,,,,,,,,,,,,,,,,
2023,2021,True,MI,74917,McLaren Health Plan Community,135089,27905,64,56,0,0,,,,,135089.0,27905.0,0.20656752215206273,,0.0022934957892850744,0.875,nan,,
2023,2021,True,MI,77739,Oscar Insurance Company,28220,764,,,0,0,,,,,28220.0,764.0,0.027072997873848335,,,,nan,,
2023,2021,True,MI,98185,Blue Care Network of Michigan,3492808,962052,295,260,,,,,,,3492808.0,962052.0,0.2754379857123552,,0.00030663623172136226,0.8813559322033898,,,
2023,2021,True,MO,32753,Healthy Alliance Life Co(Anthem BCBS),1380403,191605,91,28,0,0,,,,,1380403.0,191605.0,0.1388036682041404,,0.0004749354140027661,0.3076923076923077,nan,,
2023,2021,True,MO,34762,Blue Cross and Blue Shield of Kansas City,190430,49240,77,41,,0,,,,,190430.0,49240.0,0.2585727038806911,,0.0015637692932575142,0.5324675324675324,,,
2023,2021,True,MO,47840,SSM Health Insurance Company,328852,69382,53,24,0,0,,,,,328852.0,69382.0,0.21098244803133323,,0.0007638868870888703,0.4528301886792453,nan,,
2023,2021,True,MO,48161,Aetna Life Insurance Company,,,,,,,,,,,,,,,,,,,
2023,2021,True,MO,53461,Medica Insurance Company,671235,113397,292,165,,0,,,,,671235.0,113397.0,0.16893785335985162,,0.002575024030618094,0.565068493150685,,,
2023,2021,True,MO,69512,Oscar Insurance Company,19070,966,,,0,0,,,,,19070.0,966.0,0.050655479811221815,,,,nan,,
2023,2021,True,MO,74483,Cigna Health and Life Insurance Company,2505793,352949,399,161,,0,,,,,2505793.0,352949.0,0.14085321493036337,,0.0011304749411388047,0.40350877192982454,,,
2023,2021,True,MO,95426,UnitedHealthcare Insurance Company,,,,,,,,,,,,,,,,,,,
2023,2021,True,MO,96384,Cox Health Systems Insurance Company,8910,1978,0,0,0,0,,,,,8910.0,1978.0,0.22199775533108868,,0.0,nan,nan,,
2023,2021,True,MO,99723,Celtic Insurance Company,1069251,402664,1387,699,28,,,,,,1069251.0,402664.0,0.37658510490053315,,0.0034445592354916256,0.5039653929343908,,,
2023,2021,True,MS,14624,"Vantage Health Plan of Mississippi, Inc.",,,,,,,,,,,,,,,,,,,
2023,2021,True,MS,56766,Cigna Health and Life Insurance Company,,,,,,,,,,,,,,,,,,,
2023,2021,True,MS,79975,"Molina Healthcare of Mississippi, Inc",344007,83409,53,17,,,,,,,344007.0,83409.0,0.2424630894138782,,0.0006354230358834179,0.32075471698113206,,,
2023,2021,True,MS,90714,Ambetter of Magnolia Inc.,1067870,453813,383,207,,,,,,,1067870.0,453813.0,0.4249702679165067,,0.0008439599570748303,0.5404699738903395,,,
2023,2021,True,MS,97560,"UnitedHealthcare of Mississippi, Inc.",,,,,,,,,,,,,,,,,,,
2023,2021,True,MT,23603,PacificSource Health Plans,159163,7918,288,105,,0,,,,,159163.0,7918.0,0.04974774287994069,,0.036372821419550394,0.3645833333333333,,,
2023,2021,True,MT,30751,Blue Cross and Blue Shield of Montana,684257,94689,129,45,,,,,,,684257.0,94689.0,0.1383822160387106,,0.0013623546557678294,0.3488372093023256,,,
2023,2021,True,MT,32225,Montana Health Cooperative,536004,29883,1277,340,,0,,,,,536004.0,29883.0,0.05575144961604764,,0.04273332664056487,0.2662490211433046,,,
2023,2021,True,NC,11512,Blue Cross and Blue Shield of NC,21053385,2885751,1254,517,33,16,,,,,21053385.0,2885751.0,0.13706826716938866,,0.0004345489267785058,0.41228070175438597,0.48484848484848486,,
2023,2021,True,NC,13591,CareSource North Carolina Co.,,,,,,,,,,,,,,,,,,,
2023,2021,True,NC,17414,"AmeriHealth Caritas North Carolina, Inc.",,,,,,,,,,,,,,,,,,,
2023,2021,True,NC,37900,Bright Health Company of North Carolina,4055811,124211,426,16,,0,,,,,4055811.0,124211.0,0.030625440879764862,,0.003429647937783288,0.03755868544600939,,,
2023,2021,True,NC,44007,Celtic Insurance Company,,,,,,,,,,,,,,,,,,,
2023,2021,True,NC,54332,"UnitedHealthcare of North Carolina, Inc",,,,,,,,,,,,,,,,,,,
2023,2021,True,NC,61671,Aetna Health Inc. (a PA corp.),,,,,,,,,,,,,,,,,,,
2023,2021,True,NC,69803,"Oscar Health Plan of North Carolina, Inc",2966,140,0,0,0,0,,,,,2966.0,140.0,0.04720161834120027,,0.0,nan,nan,,
2023,2021,True,NC,73943,"Cigna HealthCare of North Carolina, Inc.",989870,129812,103,23,0,0,,,,,989870.0,129812.0,0.13114045278672956,,0.0007934551505253751,0.22330097087378642,nan,,
2023,2021,True,NC,77264,Ambetter of North Carolina Inc.,344608,155864,321,222,,,,,,,344608.0,155864.0,0.4522936205775838,,0.0020594877585587436,0.6915887850467289,,,
2023,2021,True,NC,77320,Friday Health Plans of North Carolina Inc,,,,,,,,,,,,,,,,,,,
2023,2021,True,ND,37160,Blue Cross Blue Shield of North Dakota,404244,50258,77,29,33,,,,,,404244.0,50258.0,0.12432590217789256,,0.0015320943929324684,0.37662337662337664,,,
2023,2021,True,ND,73751,Medica Health Plans,45251,4752,17,,0,0,,,,,45251.0,4752.0,0.10501425382864467,,0.0035774410774410776,,nan,,
2023,2021,True,ND,89364,Sanford Health Plan,1423955,22926,131,79,,,,,,,1423955.0,22926.0,0.01610022788641495,,0.005714036465148739,0.6030534351145038,,,
2023,2021,True,NE,20305,Medica Insurance Company,2535166,290195,836,429,,,,,,,2535166.0,290195.0,0.1144678494426006,,0.0028808215165664467,0.5131578947368421,,,
2023,2021,True,NE,26289,"Nebraska Total Care, Inc.",,,,,,,,,,,,,,,,,,,
2023,2021,True,NE,29678,Blue Cross and Blue Shield of Nebraska,,,,,,,,,,,,,,,,,,,
2023,2021,True,NE,57424,Oscar Insurance Company,,,,,,,,,,,,,,,,,,,
2023,2021,True,NE,83653,Bright Health Insurance Company,770610,48497,74,,0,0,,,,,770610.0,48497.0,0.06293326066363011,,0.0015258675794379035,,nan,,
2023,2021,True,NH,59025,Harvard Pilgrim Health Care of NE,244687,56220,80,44,0,0,,,,,244687.0,56220.0,0.22976292161005693,,0.001422981145499822,0.55,nan,,
2023,2021,True,NH,75841,Celtic Insurance Company,278880,93069,266,174,0,0,,,,,278880.0,93069.0,0.333724182444062,,0.002858094532013882,0.6541353383458647,nan,,
2023,2021,True,NH,96751,Matthew Thornton Hlth Plan(Anthem BCBS),912964,115319,165,67,0,0,,,,,912964.0,115319.0,0.12631275712952536,,0.001430813656032397,0.40606060606060607,nan,,
2023,2021,True,OH,28162,AultCare Insurance Company,215616,22006,51,28,,,,,,,215616.0,22006.0,0.10206107153458,,0.002317549759156594,0.5490196078431373,,,
2023,2021,True,OH,29276,Community Insurance Company(Anthem BCBS),470047,73728,154,56,0,0,,,,,470047.0,73728.0,0.15685239986639635,,0.0020887586805555555,0.36363636363636365,nan,,
2023,2021,True,OH,29341,Oscar Buckeye State Insurance Corp.,135743,4594,30,29,,,,,,,135743.0,4594.0,0.033843365772084015,,0.006530256856769699,0.9666666666666667,,,
2023,2021,True,OH,33931,"UnitedHealthcare of Ohio, Inc.",,,,,,,,,,,,,,,,,,,
2023,2021,True,OH,41047,Buckeye Community Health Plan,756000,318183,1614,1109,,,,,,,756000.0,318183.0,0.4208769841269841,,0.005072552587661817,0.6871127633209417,,,
2023,2021,True,OH,45845,Oscar Insurance Corporation of Ohio,283069,7956,72,69,0,0,,,,,283069.0,7956.0,0.028106221451306927,,0.00904977375565611,0.9583333333333334,nan,,
2023,2021,True,OH,46400,Sidecar Health Insurance Company,,,,,,,,,,,,,,,,,,,
2023,2021,True,OH,52664,"Summa Insurance Company, Inc.",72669,15668,36,27,,,,,,,72669.0,15668.0,0.21560775571426605,,0.002297676793464386,0.75,,,
2023,2021,True,OH,64353,"Molina Healthcare of Ohio, Inc.",412168,88629,250,65,,,,,,,412168.0,88629.0,0.21503124939345122,,0.0028207471595076104,0.26,,,
2023,2021,True,OH,74313,Paramount Insurance Company,115366,27857,30,25,,0,,,,,115366.0,27857.0,0.24146628989476968,,0.0010769285996338443,0.8333333333333334,,,
2023,2021,True,OH,77552,"CareSource Ohio, Inc.",2365974,517465,720,336,11,,,,,,2365974.0,517465.0,0.2187111946285124,,0.001391398452069222,0.4666666666666667,,,
2023,2021,True,OH,99969,Medical Health Insuring Corp. of Ohio,968903,179714,761,438,14,,,,,,968903.0,179714.0,0.18548193162783064,,0.004234505937211347,0.5755584756898817,,,
2023,2021,True,OK,21333,Medica Insurance Company,499199,92370,158,71,0,0,,,,,499199.0,92370.0,0.1850364283582299,,0.001710512071018729,0.44936708860759494,nan,,
2023,2021,True,OK,45480,"UnitedHealthcare of Oklahoma, Inc.",,,,,,,,,,,,,,,,,,,
2023,2021,True,OK,62505,Celtic Insurance Company,,,,,,,,,,,,,,,,,,,
2023,2021,True,OK,87571,Blue Cross Blue Shield of Oklahoma,8408622,1365329,880,230,44,13,,,,,8408622.0,1365329.0,0.1623725028904855,,0.0006445332956379012,0.26136363636363635,0.29545454545454547,,
2023,2021,True,OK,91538,Friday Health Plans of Oklahoma Inc,,,,,,,,,,,,,,,,,,,
2023,2021,True,OK,91908,Oscar Insurance Company,9570,485,,,0,0,,,,,9570.0,485.0,0.05067920585161965,,,,nan,,
2023,2021,True,OK,98905,CommunityCare HMO Inc.,69035,3814,66,44,0,0,,,,,69035.0,3814.0,0.05524733830665604,,0.0173046670162559,0.6666666666666666,nan,,
2023,2021,True,OR,10091,PacificSource Health Plans,118161,7650,666,183,,0,,,,,118161.0,7650.0,0.06474217381369488,,0.08705882352941176,0.2747747747747748,,,
2023,2021,True,OR,39424,"Moda Health Plan, Inc.",701483,28547,161,54,11,,,,,,701483.0,28547.0,0.04069521285619181,,0.0056398220478509125,0.33540372670807456,,,
2023,2021,True,OR,56707,Providence Health Plan,818872,52609,421,228,24,,,,,,818872.0,52609.0,0.06424569407672993,,0.00800243304377578,0.5415676959619953,,,
2023,2021,True,OR,63474,BridgeSpan Health Company,7760,1551,142,24,,,,,,,7760.0,1551.0,0.19987113402061857,,0.0915538362346873,0.16901408450704225,,,
2023,2021,True,OR,71287,Kaiser Foundation Healthplan of the NW,87219,6088,44,18,0,0,,,,,87219.0,6088.0,0.06980130476157718,,0.007227332457293035,0.4090909090909091,nan,,
2023,2021,True,OR,77969,Regence BlueCross BlueShield of Oregon,266472,43160,,,0,0,,,,,266472.0,43160.0,0.1619682368128734,,,,nan,,
2023,2021,True,SC,26065,Blue Cross and Blue Shield of South Carolina,10058921,1741311,2580,1024,344,114,,,,,10058921.0,1741311.0,0.1731111120168853,,0.001481642279868444,0.39689922480620154,0.3313953488372093,,
2023,2021,True,SC,42326,"MOLINA HEALTHCARE OF SOUTH CAROLINA, INC",307727,78874,573,271,,,,,,,307727.0,78874.0,0.2563116008670022,,0.007264751375611735,0.47294938917975565,,,
2023,2021,True,SC,73033,"Cigna HealthCare of South Carolina, Inc.",,,,,,,,,,,,,,,,,,,
2023,2021,True,SC,73107,Select Health of South Carolina,,,,,,,,,,,,,,,,,,,
2023,2021,True,SC,79222,"Absolute Total Care, Inc",135504,65456,269,190,,,,,,,135504.0,65456.0,0.48305585074979335,,0.004109630897091176,0.7063197026022305,,,
2023,2021,True,SD,31195,Sanford Health Plan,559600,30248,181,124,,0,,,,,559600.0,30248.0,0.05405289492494639,,0.005983866701930706,0.6850828729281768,,,
2023,2021,True,SD,50305,Wellmark of South Dakota,,,,,,,,,,,,,,,,,,,
2023,2021,True,SD,60536,"Avera Health Plans, Inc.",217218,14284,105,49,,,,,,,217218.0,14284.0,0.0657588229336427,,0.007350882105852702,0.4666666666666667,,,
2023,2021,True,TN,14002,BlueCross BlueShield of Tennessee,5035548,976246,142,44,,0,,,,,5035548.0,976246.0,0.19387085576386126,,0.00014545514142951673,0.30985915492957744,,,
2023,2021,True,TN,23552,Oscar Insurance Company,62920,4388,,,0,0,,,,,62920.0,4388.0,0.06973935155753337,,,,nan,,
2023,2021,True,TN,31663,US Health and Life Insurance Company,,,,,,,,,,,,,,,,,,,
2023,2021,True,TN,69443,UnitedHealthcare Insurance Company,58971,14754,669,205,0,0,,,,,58971.0,14754.0,0.2501907717352597,,0.045343635624237495,0.3064275037369208,nan,,
2023,2021,True,TN,70111,Celtic Insurance Company,311295,138855,311,220,,,,,,,311295.0,138855.0,0.44605599190478484,,0.0022397464981455473,0.707395498392283,,,
2023,2021,True,TN,97906,Bright Health Insurance Company of Tennessee,708193,33009,111,,0,0,,,,,708193.0,33009.0,0.04661017547476465,,0.0033627192583840773,,nan,,
2023,2021,True,TN,99248,Cigna Health and Life Insurance Company,5019524,843930,569,215,19,,,,,,5019524.0,843930.0,0.16812948797535385,,0.0006742265353761568,0.37785588752196836,,,
2023,2021,True,TX,17933,"Moda Health Plan, Inc.",,,,,,,,,,,,,,,,,,,
2023,2021,True,TX,20069,Oscar Insurance Company,1371176,58098,152,127,,,,,,,1371176.0,58098.0,0.04237092831263091,,0.0026162690626183346,0.8355263157894737,,,
2023,2021,True,TX,26539,"SHA, LLC DBA FirstCare Health Plans",685473,132970,318,214,11,,,,,,685473.0,132970.0,0.19398284104552624,,0.002391516883507558,0.6729559748427673,,,
2023,2021,True,TX,27248,"Community Health Choice, Inc.",4830305,910712,567,166,28,,,,,,4830305.0,910712.0,0.1885413032924422,,0.0006225897978724339,0.2927689594356261,,,
2023,2021,True,TX,29418,Celtic Insurance Company,699994,304489,2864,2107,432,370,,,,,699994.0,304489.0,0.4349880141829787,,0.009405922709851588,0.7356843575418994,0.8564814814814815,,
2023,2021,True,TX,33602,Blue Cross Blue Shield of Texas,21896395,4403824,6368,2475,109,41,,,,,21896395.0,4403824.0,0.20112096077916022,,0.0014460160079058564,0.3886620603015075,0.3761467889908257,,
2023,2021,True,TX,34826,"Imperial Insurance Companies, Inc.",,,,,,,,,,,,,,,,,,,
2023,2021,True,TX,40220,"UnitedHealthcare of Texas, Inc.",,,,,,,,,,,,,,,,,,,
2023,2021,True,TX,40788,Scott and White Health Plan,1824230,426208,473,326,15,,,,,,1824230.0,426208.0,0.23363720583479056,,0.001109786770778587,0.6892177589852009,,,
2023,2021,True,TX,45786,"Molina Healthcare of Texas, Inc.",3102895,798433,2993,1959,102,41,,,,,3102895.0,798433.0,0.257318729766879,,0.0037485925556684156,0.6545272302038089,0.4019607843137255,,
2023,2021,True,TX,54837,Friday Health Insurance Company Inc,283660,53576,,,,0,,,,,283660.0,53576.0,0.1888740040894028,,,,,,
2023,2021,True,TX,57125,US HEALTH AND LIFE INSURANCE COMPANY,,,,,,,,,,,,,,,,,,,
2023,2021,True,TX,58840,Aetna Health Inc.  (a TX corp.),,,,,,,,,,,,,,,,,,,
2023,2021,True,TX,63251,Community First Insurance Plans,,,,,,,,,,,,,,,,,,,
2023,2021,True,TX,66252,CHRISTUS Health Plan,236560,16861,4275,1312,0,0,,,,,236560.0,16861.0,0.07127578626986811,,0.2535436806832335,0.3069005847953216,nan,,
2023,2021,True,TX,71837,"Sendero Health Plans, Inc.",325379,95994,43,38,0,0,,,,,325379.0,95994.0,0.29502211267475775,,0.0004479446632081172,0.8837209302325582,nan,,
2023,2021,True,TX,76589,"Cigna HealthCare of Texas, Inc.",,,,,,,,,,,,,,,,,,,
2023,2021,True,TX,87226,Superior Health Plan,,,,,,,,,,,,,,,,,,,
2023,2021,True,TX,98312,Bright HealthCare Insurance Company of Texas,,,,,,,,,,,,,,,,,,,
2023,2021,True,UT,18167,Molina Healthcare of Utah,74793,19994,142,88,0,0,,,,,74793.0,19994.0,0.26732448223764255,,0.007102130639191758,0.6197183098591549,nan,,
2023,2021,True,UT,22013,Regence BlueCross BlueShield of Utah,289826,58979,77,,,,,,,,289826.0,58979.0,0.2034979608454728,,0.0013055494328489802,,,,
2023,2021,True,UT,34541,BridgeSpan Health Company,951,274,,0,0,0,,,,,951.0,274.0,0.288117770767613,,,,nan,,
2023,2021,True,UT,42261,University of Utah Health Insurance Plans,511968,114328,538,258,,,,,,,511968.0,114328.0,0.22331083192699544,,0.004705758869218389,0.4795539033457249,,,
2023,2021,True,UT,68781,SelectHealth,9043157,1168720,3276,1098,28,17,,,,,9043157.0,1168720.0,0.12923805259601265,,0.0028030666027791086,0.33516483516483514,0.6071428571428571,,
2023,2021,True,UT,81808,Cigna Health and Life Insurance Company,165596,28755,27,12,,0,,,,,165596.0,28755.0,0.1736454986835431,,0.0009389671361502347,0.4444444444444444,,,
2023,2021,True,VA,10207,"CareFirst BlueChoice, Inc.",57518,1736,39,25,,0,,,,,57518.0,1736.0,0.0301818561146076,,0.022465437788018433,0.6410256410256411,,,
2023,2021,True,VA,20507,Optima Health Plan,872033,250857,165,96,96,54,,,,,872033.0,250857.0,0.28766915930933806,,0.0006577452492854494,0.5818181818181818,0.5625,,
2023,2021,True,VA,24251,"Optimum Choice, Inc.",47651,20263,674,386,0,0,,,,,47651.0,20263.0,0.4252376655264318,,0.033262596851404036,0.5727002967359051,nan,,
2023,2021,True,VA,25922,Oscar Insurance Company,6613,610,,,0,0,,,,,6613.0,610.0,0.09224255254801149,,,,nan,,
2023,2021,True,VA,37204,"Piedmont Community HealthCare HMO, Inc.",104805,18799,79,32,,0,,,,,104805.0,18799.0,0.17937121320547683,,0.004202351188893026,0.4050632911392405,,,
2023,2021,True,VA,38234,Aetna Life Insurance Company,,,,,,,,,,,,,,,,,,,
2023,2021,True,VA,40308,Group Hospitalization and Medical Services Inc.,17760,681,,0,0,0,,,,,17760.0,681.0,0.03834459459459459,,,,nan,,
2023,2021,True,VA,41921,Cigna Health and Life Insurance Company,2456029,323020,147,56,,,,,,,2456029.0,323020.0,0.13152124832402223,,0.0004550801807937589,0.38095238095238093,,,
2023,2021,True,VA,86443,"Innovation Health Plan, Inc.",,,,,,,,,,,,,,,,,,,
2023,2021,True,VA,88380,"HealthKeepers, Inc.",5627954,887777,646,144,,,,,,,5627954.0,887777.0,0.1577441819886943,,0.000727660211967645,0.22291021671826625,,,
2023,2021,True,VA,93187,Aetna Health Inc. (a PA corp.),,,,,,,,,,,,,,,,,,,
2023,2021,True,VA,95185,"Kaiser Foundation Health Plan of the Mid-Atlantic States, Inc.",33749,4953,18,,0,0,,,,,33749.0,4953.0,0.14675990399715547,,0.0036341611144760752,,nan,,
2023,2021,True,WI,14630,Children's Community Health Plan ,202934,19062,357,185,12,,,,,,202934.0,19062.0,0.09393201730611923,,0.01872836008813346,0.5182072829131653,,,
2023,2021,True,WI,20173,HealthPartners Insurance Company,169135,11116,,,0,0,,,,,169135.0,11116.0,0.06572264758920389,,,,nan,,
2023,2021,True,WI,37833,Quartz Health Benefit Plans Corporation,697277,62653,169,77,28,,,,,,697277.0,62653.0,0.08985381706265946,,0.002697396772700429,0.4556213017751479,,,
2023,2021,True,WI,38166,"Security Health Plan of Wisconsin, Inc.",408351,44808,108,54,,0,,,,,408351.0,44808.0,0.10972913008661667,,0.00241028387787895,0.5,,,
2023,2021,True,WI,38345,Dean Health Plan,1035815,126408,126,52,0,0,,,,,1035815.0,126408.0,0.12203723637908313,,0.0009967723561799887,0.4126984126984127,nan,,
2023,2021,True,WI,52697,"Molina Healthcare of Wisconsin, Inc.",230821,51762,393,234,,,,,,,230821.0,51762.0,0.22425169287023278,,0.00759244233221282,0.5954198473282443,,,
2023,2021,True,WI,57845,Medica Community Health Plan,446021,45041,118,72,0,0,,,,,446021.0,45041.0,0.10098403438403125,,0.0026198352612064562,0.6101694915254238,nan,,
2023,2021,True,WI,58326,"MercyCare HMO, Inc.",225044,22447,31,17,0,0,,,,,225044.0,22447.0,0.0997449387675299,,0.0013810308727224129,0.5483870967741935,nan,,
2023,2021,True,WI,79475,Compcare Health Serv Ins Co(Anthem BCBS),87492,18994,36,26,0,0,,,,,87492.0,18994.0,0.2170941343208522,,0.001895335369063915,0.7222222222222222,nan,,
2023,2021,True,WI,81413,Network Health Plan,161833,17964,,,0,0,,,,,161833.0,17964.0,0.11100331823546496,,,,nan,,
2023,2021,True,WI,86584,"Aspirus Health Plan, Inc.",238742,30590,0,0,,0,,,,,238742.0,30590.0,0.12812994780976955,,0.0,nan,,,
2023,2021,True,WI,87416,Common Ground Healthcare Cooperative,1969968,230792,193,62,,,,,,,1969968.0,230792.0,0.11715520252105618,,0.0008362508232521058,0.32124352331606215,,,
2023,2021,True,WI,94529,Group Health Cooperative of South Central Wisconsin,78648,12468,,,0,0,,,,,78648.0,12468.0,0.1585291425083918,,,,nan,,
2023,2021,True,WV,31274,Highmark Blue Cross Blue Shield West Virginia,423005,40641,30,17,0,0,,,,,423005.0,40641.0,0.09607687852389452,,0.0007381708127260648,0.5666666666666667,nan,,
2023,2021,True,WV,50328,CareSource West Virginia Co.,460372,102459,20,,0,0,,,,,460372.0,102459.0,0.22255697566315935,,0.000195200031232005,,nan,,
2023,2021,True,WY,11269,Blue Cross Blue Shield of Wyoming,1092490,143184,370,186,,,,,,,1092490.0,143184.0,0.13106206921802488,,0.0025840876075539166,0.5027027027027027,,,
2023,2021,True,WY,38576,Montana Health Cooperative,64754,5303,173,50,0,0,,,,,64754.0,5303.0,0.0818945547765389,,0.032623043560248914,0.28901734104046245,nan,,
2024,2022,True,AK,38344,Premera Blue Cross Blue Shield of Alaska,,,271,128,,,689988,40884,166188,16798,730872.0,182986.0,0.2503666852745761,0.24085636271935165,0.0014809876165389703,0.47232472324723246,,88410,4449
2024,2022,True,AK,73836,"Moda Health Plan, Inc.",,,,,,,,,,,,,,,,,,,
2024,2022,True,AL,46944,Blue Cross and Blue Shield of Alabama,,,1982,707,54,,12644297,138737,3214360,114044,12783034.0,3328404.0,0.26037668365741656,0.25421421214639295,0.0005954805967064094,0.3567103935418769,,995672,30302
2024,2022,True,AL,53932,Celtic Insurance Company,,,,,,,,,,,,,,,,,,,
2024,2022,True,AL,69461,UnitedHealthcare Insurance Company,,,156,74,,,320011,50233,113673,31505,370244.0,145178.0,0.3921143894296734,0.3552159144529407,0.0010745429748308972,0.47435897435897434,,43856,3774
2024,2022,True,AR,13262,"HMO Partners, Inc.",,,978,262,,,1514223,37566,229049,12101,1551789.0,241150.0,0.15540128200419,0.1512650382407347,0.004055567074434999,0.26789366053169733,,35864,18
2024,2022,True,AR,37903,"QualChoice Life & Health Insurance Company, Inc.",,,161,71,,,2217520,195503,276111,23442,2413023.0,299553.0,0.12414013459465575,0.12451342039756123,0.0005374674932315817,0.4409937888198758,,108695,1121
2024,2022,True,AR,48772,"USAble HMO, Inc.",,,,,,,,,,,,,,,,,,,
2024,2022,True,AR,62141,Celtic Insurance Company,,,537,227,,,5679702,494997,742861,61490,6174699.0,804351.0,0.13026562104484768,0.13079224931167163,0.0006676189872331855,0.4227188081936685,,309035,2870
2024,2022,True,AR,70525,"QCA Health Plan, Inc.",,,143,62,,,2186944,188330,273034,21908,2375274.0,294942.0,0.12417177976098757,0.12484727546750168,0.00048484108740023463,0.43356643356643354,,110119,1119
2024,2022,True,AR,75293,USAble Mutual Insurance Company,,,7439,2119,17,,5254559,28426,791699,11000,5282985.0,802699.0,0.15194042761809848,0.1506689714588798,0.009267483826440546,0.2848501142626697,,242645,30
2024,2022,True,AZ,13877,"Oscar Health Plan, Inc.",,,422,201,,,468750,49483,54197,30921,518233.0,85118.0,0.16424658406546863,0.11562026666666667,0.004957823257125403,0.476303317535545,,28878,5008
2024,2022,True,AZ,23435,Banner Health and Aetna Health Plan Inc.,,,37,19,,,148205,11695,26374,7117,159900.0,33491.0,0.20944965603502189,0.17795620930467934,0.0011047744170075543,0.5135135135135135,,10975,432
2024,2022,True,AZ,32311,Medica Community Health Plan,,,20,,0,0,32177,2499,8417,2197,34676.0,10614.0,0.30609066789710465,0.2615843615004506,0.001884303749764462,,nan,4145,180
2024,2022,True,AZ,40702,"UnitedHealthcare of Arizona, Inc.",,,1271,515,16,,1371903,150544,490972,93035,1522447.0,584007.0,0.3835975899325231,0.357876613725606,0.002176343776701307,0.4051927616050354,,160084,15781
2024,2022,True,AZ,53901,"Blue Cross and Blue Shield of Arizona, Inc.",,,3103,1299,44,12,984699,197927,85262,58200,1182626.0,143462.0,0.12130800439022987,0.08658686563102024,0.02162942103135325,0.41862713503061555,0.2727272727272727,68693,17942
2024,2022,True,AZ,85533,"Imperial Insurance Companies, Inc.",,,,,,,,,,,,,,,,,,,
2024,2022,True,AZ,91450,"Health Net of Arizona, Inc.",,,310,139,,,2058336,187232,270924,32759,2245568.0,303683.0,0.1352366082879699,0.13162282542791848,0.0010208012960883552,0.4483870967741935,,137495,789
2024,2022,True,AZ,97667,"Cigna HealthCare of Arizona, Inc",,,26,12,,,180629,11424,23780,10029,192053.0,33809.0,0.17603994730621234,0.13165106378267055,0.0007690259989943506,0.46153846153846156,,6581,521
2024,2022,True,DE,64004,Celtic Insurance Company,,,,,,,,,,,,,,,,,,,
2024,2022,True,DE,67190,Aetna Health Inc. (a PA corp.),,,,,,,,,,,,,,,,,,,
2024,2022,True,DE,72760,"AmeriHealth Caritas VIP Next, Inc.",,,,,,,,,,,,,,,,,,,
2024,2022,True,DE,76168,Highmark BCBSD Inc.,,,141,29,,,968454,23681,127999,3231,992135.0,131230.0,0.13227030595634667,0.13216838383650642,0.0010744494399146536,0.20567375886524822,,1166,50
2024,2022,True,FL,16842,Blue Cross and Blue Shield of Florida,,,2935,1276,78,26,17913858,776975,2167158,7984,18690833.0,2175142.0,0.11637480255695398,0.12097662044658387,0.0013493371926982238,0.4347529812606474,0.3333333333333333,1133589,92231
2024,2022,True,FL,18628,Aetna Health Inc. (a FL corp.),,,,,,,,,,,,,,,,,,,
2024,2022,True,FL,19898,"AvMed, Inc.",,,54,37,,,1305282,245104,654725,112501,1550386.0,767226.0,0.4948612797071181,0.5015965898556787,7.038343330387656e-05,0.6851851851851852,,22846,4435
2024,2022,True,FL,21663,Celtic Insurance Company,,,4215,2497,,,12748561,1920660,1913915,376430,14669221.0,2290345.0,0.15613269443551228,0.15012792424180266,0.0018403340981380533,0.5924080664294188,,955871,13713
2024,2022,True,FL,30252,"Health Options, Inc.",,,2913,1408,52,16,28872821,678357,4109571,287,29551178.0,4109858.0,0.13907594478974747,0.1423335461401572,0.0007087836124751756,0.48335049776862343,0.3076923076923077,1474379,63025
2024,2022,True,FL,36194,"Health First Commercial Plans, Inc.",,,350,174,,,722574,51883,99831,37316,774457.0,137147.0,0.17708794678077672,0.1381602437950992,0.002552006241478122,0.49714285714285716,,124920,5867
2024,2022,True,FL,40572,Oscar Insurance Company of Florida,,,9219,3890,105,81,24850547,2399206,2902781,1041541,27249753.0,3944322.0,0.14474707348723492,0.11680954145596875,0.0023372838221625922,0.42195465885670896,0.7714285714285715,1183422,143306
2024,2022,True,FL,48121,Cigna Health and Life Insurance Company,,,960,217,18,,3129000,165530,611580,143395,3294530.0,754975.0,0.22916015334509018,0.19545541706615532,0.001271565283618663,0.22604166666666667,,127578,8411
2024,2022,True,FL,54172,"Molina Healthcare of Florida, Inc",,,471,152,,,188432,41194,36734,18037,229626.0,54771.0,0.2385226411643281,0.19494565678865586,0.008599441310182396,0.3227176220806794,,16782,4002
2024,2022,True,FL,56503,"Florida Health Care Plan, Inc.",,,174,102,,,2377267,59929,308978,47850,2437196.0,356828.0,0.14640923421833943,0.1299719383645169,0.00048762989451500444,0.5862068965517241,,16247,696
2024,2022,True,FL,66966,Capital Health Plan,,,65,32,,,225489,15583,15920,9406,241072.0,25326.0,0.10505575097896064,0.07060211362860272,0.002566532417278686,0.49230769230769234,,10360,549
2024,2022,True,FL,67926,"AmeriHealth Caritas Florida, Inc.",,,,,,,,,,,,,,,,,,,
2024,2022,True,FL,68398,"UnitedHealthcare of Florida, Inc.",,,1160,352,,,1103537,313738,358239,200691,1417275.0,558930.0,0.3943694766365031,0.32462799163054795,0.002075394056500814,0.30344827586206896,,201678,24022
2024,2022,True,FL,86382,Sunshine State Health Plan,,,288,186,,,2425891,572828,420671,151149,2998719.0,571820.0,0.19068809048130217,0.1734088629703478,0.0005036549963275157,0.6458333333333334,,165030,4135
2024,2022,True,GA,15105,"Cigna HealthCare of Georgia, Inc.",,,,,,,819128,86869,144773,76427,905997.0,221200.0,0.244150918822027,0.17674038733873093,,,,58379,4003
2024,2022,True,GA,43802,"UnitedHealthcare of Georgia, Inc.",,,427,202,,,297827,56022,94241,40001,353849.0,134242.0,0.37937651371065056,0.3164286649632169,0.003180822693344855,0.47306791569086654,,51400,5058
2024,2022,True,GA,45334,"AMGP Georgia Managed Care Company, Inc. dba Anthem Blue Cross and Blue Shield",,,,,,,,,,,,,,,,,,,
2024,2022,True,GA,49046,Anthem Blue Cross and Blue Shield,,,569,95,,,3813700,347881,904058,197980,4161581.0,1102038.0,0.26481233934891574,0.2370553530691979,0.0005163161342893802,0.16695957820738136,,559043,42672
2024,2022,True,GA,58081,Oscar Health Plan of Georgia,,,1071,439,,,1956528,273653,244361,152461,2230181.0,396822.0,0.1779326431352433,0.12489522255751004,0.0026989431029529613,0.4098972922502334,,108634,20063
2024,2022,True,GA,60224,CareSource Georgia Co.,,,29,14,,,1661639,261870,361615,193304,1923509.0,554919.0,0.28849306137896935,0.21762548905026904,5.2259879369781896e-05,0.4827586206896552,,154738,20581
2024,2022,True,GA,70893,Ambetter of Peach State Inc.,,,1465,785,,,17619920,1583659,2410742,685485,19203579.0,3096227.0,0.1612317683073556,0.1368191229018066,0.0004731565224384388,0.5358361774744027,,1013024,58957
2024,2022,True,GA,82824,Aetna Health Inc. (a GA corp.),,,51,45,,,189293,14127,37611,7046,203420.0,44657.0,0.21953101956543114,0.19869197487492934,0.0011420382022975122,0.8823529411764706,,14634,112
2024,2022,True,GA,83761,Alliant Health Plans,,,2772,310,23,,455071,41669,36987,11230,496740.0,48217.0,0.09706687603172685,0.08127742703885767,0.05749009685380675,0.11183261183261184,,604,
2024,2022,True,GA,89942,Kaiser Foundation Health Plan of Georgia,,,60,26,,,7974,4217,822,666,12191.0,1488.0,0.12205725535230907,0.10308502633559068,0.04032258064516129,0.43333333333333335,,80,55
2024,2022,True,HI,18350,Hawaii Medical Service Association,,,61,28,,,637079,3914,147935,665,640993.0,148600.0,0.23182780467181388,0.2322082504681523,0.00041049798115746973,0.45901639344262296,,15167,12
2024,2022,True,HI,60612,"Kaiser Foundation Health Plan, Inc.",,,,,,,11136,1573,561,389,12709.0,950.0,0.07475017703989299,0.05037715517241379,,,,73,15
2024,2022,True,IA,25896,"Wellmark Health Plan of Iowa, Inc.",,,,,,,1919981,63112,306763,48405,1983093.0,355168.0,0.1790980049851419,0.15977397692998005,,,,66756,181
2024,2022,True,IA,45819,Oscar Insurance Company,,,115,60,,,161269,19040,20570,13503,180309.0,34073.0,0.1889700458657083,0.127550862223986,0.0033751063892231386,0.5217391304347826,,8397,1008
2024,2022,True,IA,93078,Medica Insurance Company,,,368,186,,0,776536,52003,111015,43655,828539.0,154670.0,0.18667799584569947,0.14296182018605705,0.0023792590676925064,0.5054347826086957,,65762,10044
2024,2022,True,IL,11574,"Oscar Health Plan, Inc.",,,63,45,,,46808,7794,7597,5386,54602.0,12983.0,0.2377751730705835,0.16230131601435652,0.004852499422321497,0.7142857142857143,,3099,640
2024,2022,True,IL,20129,"Health Alliance Medical Plans, Inc.",,,227,102,17,,1434025,19724,167432,1788,1453749.0,169220.0,0.11640248763713681,0.11675668136887432,0.0013414490013000826,0.44933920704845814,,22416,215
2024,2022,True,IL,27833,Celtic Insurance Company,,,383,185,,,1465595,575585,273732,163794,2041180.0,437526.0,0.21434954291145317,0.18677192539548784,0.0008753765490507993,0.4830287206266319,,105969,6717
2024,2022,True,IL,32355,"Molina Healthcare of Illinois, Inc.",,,25,,,,1417,638,389,376,2055.0,765.0,0.3722627737226277,0.2745236414961186,0.032679738562091505,,,268,119
2024,2022,True,IL,36096,Blue Cross Blue Shield of Illinois,,,814,253,41,16,14686160,645450,2230111,234488,15331610.0,2464599.0,0.16075278460644382,0.15185119867957314,0.00033027685233987355,0.3108108108108108,0.3902439024390244,1705252,21496
2024,2022,True,IL,42529,"UnitedHealthcare of Illinois, Inc.",,,239,116,,,177262,54922,62212,38820,232184.0,101032.0,0.43513764945043587,0.35096072480283425,0.0023655871407078947,0.48535564853556484,,26075,3433
2024,2022,True,IL,53882,"Cigna HealthCare of Illinois, Inc.",,,64,26,,,400177,24515,97334,20921,424692.0,118255.0,0.2784488523447581,0.24322737188793958,0.0005412033317830113,0.40625,,23363,2175
2024,2022,True,IL,54322,"MercyCare HMO, Inc.",,,,,,,52032,2601,5948,849,54633.0,6797.0,0.12441198543005143,0.11431426814268143,,,,10718,188
2024,2022,True,IL,65280,Medica Central Health Plan,,,,,,,30650,4087,6512,2194,34737.0,8706.0,0.2506261335175749,0.21246329526916802,,,,4178,127
2024,2022,True,IL,72547,Aetna Life Insurance Company,,,,,,,,,,,,,,,,,,,
2024,2022,True,IL,85773,Quartz Health Benefit Plans Corporation,,,18,,,,70893,639,7481,295,71532.0,7776.0,0.10870659285354806,0.1055252281607493,0.0023148148148148147,,,2617,
2024,2022,True,IL,99129,Aetna Health Inc. (a PA corp.),,,,,,,,,,,,,,,,,,,
2024,2022,True,IN,17575,Anthem Ins Companies Inc(Anthem BCBS),,,167,40,,,187370,77280,52045,50016,264650.0,102061.0,0.38564519176270545,0.2777659177029407,0.0016362763445390502,0.23952095808383234,,27471,9752
2024,2022,True,IN,35755,US HEALTH AND LIFE INSURANCE COMPANY,,,25,15,,,11006,3054,3685,2436,14060.0,6121.0,0.435348506401138,0.3348173723423587,0.0040842999509884004,0.6,,304,153
2024,2022,True,IN,54192,"CareSource Indiana, Inc.",,,113,19,32,12,3454952,243231,645757,171219,3698183.0,816976.0,0.22091281042609304,0.18690766181411492,0.0001383149566205127,0.168141592920354,0.375,330448,26991
2024,2022,True,IN,76179,Celtic Insurance Company,,,809,278,33,,2837226,209703,405541,71640,3046929.0,477181.0,0.15661047566254416,0.14293574075523063,0.0016953734536790024,0.34363411619283063,,212255,3871
2024,2022,True,IN,94419,Cigna Health and Life Insurance Company,,,,,,,,,,,,,,,,,,,
2024,2022,True,IN,96992,Aetna Health Inc. (a PA corp.),,,,,,,,,,,,,,,,,,,
2024,2022,True,KS,18558,"Blue Cross and Blue Shield of Kansas, Inc.",,,227,85,21,,1796316,41545,242993,50455,1837861.0,293448.0,0.15966822300489536,0.13527296978927983,0.0007735612442408877,0.3744493392070485,,41573,10333
2024,2022,True,KS,32542,US Health and Life Insurance Company,,,23,15,,,17485,4057,5720,2949,21542.0,8669.0,0.4024231733358091,0.3271375464684015,0.0026531318491175454,0.6521739130434783,,450,77
2024,2022,True,KS,34368,Celtic Insurance Company,,,710,439,31,12,2648334,178790,385818,62815,2827124.0,448633.0,0.15868883006192866,0.14568328617160825,0.001582585320295208,0.6183098591549295,0.3870967741935484,174734,1128
2024,2022,True,KS,39520,Medica Insurance Company,,,78,35,0,0,116430,7870,24510,6400,124300.0,30910.0,0.24867256637168142,0.21051275444473075,0.0025234551924943386,0.44871794871794873,nan,9209,1674
2024,2022,True,KS,43490,Oscar Insurance Company,,,35,21,,,56496,8629,7102,4796,65125.0,11898.0,0.18269481765834933,0.1257080147267063,0.0029416708690536224,0.6,,3647,526
2024,2022,True,KS,84600,Aetna Life Insurance Company,,,,,,,,,,,,,,,,,,,
2024,2022,True,KS,94248,Blue Cross and Blue Shield of Kansas City,,,31,18,,,125691,4373,25771,3738,130064.0,29509.0,0.22688061262147866,0.20503456890310365,0.0010505269578772577,0.5806451612903226,,15546,767
2024,2022,True,KS,94968,UnitedHealthcare Insurance Company,,,,,,,,,,,,,,,,,,,
2024,2022,True,LA,19636,"HMO Louisiana, Inc.",,,1428,490,116,47,3605654,557352,574165,31435,4163006.0,605600.0,0.14547180570962426,0.15924018222491676,0.002357992073976222,0.3431372549019608,0.4051724137931034,20053,1546
2024,2022,True,LA,69842,UnitedHealthcare Insurance Company,,,53,20,,,42885,26157,14442,19948,69042.0,34390.0,0.498102604211929,0.336761105281567,0.0015411456818842687,0.37735849056603776,,6327,1455
2024,2022,True,LA,90787,"Ambetter Health of Louisiana, Inc.",,,,,,,,,,,,,,,,,,,
2024,2022,True,LA,97176,Louisiana Health Service & Indemnity Company,,,95,32,,,328768,25080,41584,3107,353848.0,44691.0,0.1262999932174267,0.12648432937512166,0.002125707636884384,0.3368421052631579,,1466,31
2024,2022,True,LA,98780,CHRISTUS Health Plan Louisiana,,,49,17,,,20583,7996,1615,3166,28579.0,4781.0,0.16729066797298717,0.07846280911431765,0.010248901903367497,0.3469387755102041,,2005,508
2024,2022,True,MI,15560,Blue Cross Blue Shield of Michigan Mutual Insurance Company,,,140,48,45,,1291509,255710,177498,53372,1547219.0,230870.0,0.14921610967807403,0.13743458233740533,0.0006064018711829168,0.34285714285714286,,78740,2934
2024,2022,True,MI,29698,Priority Health,,,394,18,42,,2980362,119331,197730,51816,3099693.0,249546.0,0.08050668243597027,0.06634428972051046,0.0015788672228767443,0.04568527918781726,,92542,11207
2024,2022,True,MI,40047,"Molina Healthcare of Michigan, Inc.",,,167,49,18,,132379,10741,20063,5342,143120.0,25405.0,0.1775083845723868,0.15155727116838774,0.006573509151741783,0.2934131736526946,,12726,1399
2024,2022,True,MI,58594,"Meridian Health Plan of Michigan, Inc.",,,211,124,,,741382,125800,129724,41089,867182.0,170813.0,0.19697479883115654,0.17497592334316184,0.0012352689783564482,0.5876777251184834,,71109,877
2024,2022,True,MI,60829,University of Michigan Health Plan,,,25,11,,,325878,19959,60035,14832,345837.0,74867.0,0.21648059635030376,0.1842253849600157,0.00033392549454365743,0.44,,25261,1865
2024,2022,True,MI,71667,"UnitedHealthcare Community Plan, Inc.",,,66,25,,,77954,20069,25778,14470,98023.0,40248.0,0.41059751282862184,0.3306821971932165,0.0016398330351818724,0.3787878787878788,,11073,1528
2024,2022,True,MI,74917,McLaren Health Plan Community,,,69,56,,,138807,7962,9983,6654,146769.0,16637.0,0.11335500003406714,0.07192000403437868,0.004147382340566208,0.8115942028985508,,3882,226
2024,2022,True,MI,77739,Oscar Insurance Company,,,49,22,,,28038,4115,3016,2650,32153.0,5666.0,0.1762199483718471,0.10756830016406306,0.00864807624426403,0.4489795918367347,,1568,214
2024,2022,True,MI,98185,Blue Care Network of Michigan,,,196,166,43,,3394251,119710,600034,89051,3513961.0,689085.0,0.19609921680974832,0.1767795015748688,0.0002844351567658562,0.8469387755102041,,290694,5467
2024,2022,True,MO,32753,Healthy Alliance Life Co(Anthem BCBS),,,128,43,,,1613136,48102,354979,30872,1661238.0,385851.0,0.23226714053013475,0.2200552216304143,0.00033173427048264743,0.3359375,,219702,11345
2024,2022,True,MO,34762,Blue Cross and Blue Shield of Kansas City,,,60,28,,,201892,6702,40451,5755,208594.0,46206.0,0.22151164463023865,0.20035959820101837,0.001298532658096351,0.4666666666666667,,25747,1334
2024,2022,True,MO,47840,Medica Central Insurance Company,,,82,35,,,231026,19812,47452,6501,250838.0,53953.0,0.21509101491799487,0.20539679516591205,0.0015198413433914703,0.4268292682926829,,34180,723
2024,2022,True,MO,48161,Aetna Life Insurance Company,,,17,,,,171086,12626,28555,6768,183712.0,35323.0,0.1922737763455844,0.16690436388716787,0.0004812728250714832,,,5141,368
2024,2022,True,MO,53461,Medica Insurance Company,,,330,175,0,0,669658,33354,114296,23875,703012.0,138171.0,0.19654145306196766,0.17067816706438213,0.0023883448770002386,0.5303030303030303,nan,38478,8054
2024,2022,True,MO,69512,Oscar Insurance Company,,,174,92,,,141734,27672,17164,16772,169406.0,33936.0,0.20032348322963767,0.12110008889892333,0.005127298444130127,0.5287356321839081,,9676,1406
2024,2022,True,MO,95426,UnitedHealthcare Insurance Company,,,,,,,,,,,,,,,,,,,
2024,2022,True,MO,96384,Cox Health Systems Insurance Company,,,,,,,5638,143,1005,143,5781.0,1148.0,0.19858156028368795,0.178254700248315,,,,113,
2024,2022,True,MO,99723,Celtic Insurance Company,,,1374,814,26,,5979736,382083,851074,124954,6361819.0,976028.0,0.15341964302976868,0.14232635019338646,0.0014077464990758463,0.5924308588064047,,401134,2237
2024,2022,True,MS,14624,"Primewell Health Services of Mississippi, Inc.",,,,,,,25568,8406,4269,2897,33974.0,7166.0,0.21092600223700478,0.16696652065081352,,,,7468,1450
2024,2022,True,MS,56766,Cigna Health and Life Insurance Company,,,51,18,,,498924,41465,125555,37305,540389.0,162860.0,0.301375490618795,0.251651554144519,0.00031315240083507306,0.35294117647058826,,24683,1507
2024,2022,True,MS,79975,"Molina Healthcare of Mississippi, Inc",,,134,39,,,126068,9568,18934,5459,135636.0,24393.0,0.1798416349641688,0.1501887870038392,0.00549337924814496,0.291044776119403,,10303,1342
2024,2022,True,MS,90714,Ambetter of Magnolia Inc.,,,653,355,,,6554752,375838,910311,164945,6930590.0,1075256.0,0.1551463872484161,0.1388780231502275,0.0006072972389830887,0.5436447166921899,,355499,10143
2024,2022,True,MS,97560,"UnitedHealthcare of Mississippi, Inc.",,,,,,,,,,,,,,,,,,,
2024,2022,True,MT,23603,PacificSource Health Plans,,,1977,1531,13,,410171,7252,15272,2667,417423.0,17939.0,0.0429755907077473,0.037233251497546145,0.11020681197391159,0.7744056651492159,,813,99
2024,2022,True,MT,30751,Blue Cross and Blue Shield of Montana,,,308,78,,,902193,27625,122466,7038,929818.0,129504.0,0.13927886962824984,0.13574257392819497,0.002378304917222634,0.2532467532467532,,10647,1422
2024,2022,True,MT,32225,Montana Health Cooperative,,,30,,,,90720,2326,2005,419,93046.0,2424.0,0.026051630376372977,0.022100970017636685,0.012376237623762377,,,6169,279
2024,2022,True,NC,11512,Blue Cross and Blue Shield of NC,,,1372,475,47,25,17691687,863428,3337685,196894,18555115.0,3534579.0,0.1904908161442276,0.18865837949767028,0.00038816504030607325,0.3462099125364432,0.5319148936170213,1171784,15500
2024,2022,True,NC,13591,CareSource North Carolina Co.,,,,,,,,,,,,,,,,,,,
2024,2022,True,NC,17414,"AmeriHealth Caritas North Carolina, Inc.",,,,,,,817,111,310,100,928.0,410.0,0.4418103448275862,0.379436964504284,,,,113,
2024,2022,True,NC,44007,Celtic Insurance Company,,,,,,,2856,5456,1193,705,8312.0,1898.0,0.22834456207892204,0.4177170868347339,,,,694,42
2024,2022,True,NC,54332,"UnitedHealthcare of North Carolina, Inc",,,1229,568,,,1647443,180705,491960,136141,1828148.0,628101.0,0.3435722928340594,0.29862034680410793,0.0019566916785676187,0.46216436126932464,,266707,11391
2024,2022,True,NC,61671,Aetna Health Inc. (a PA corp.),,,153,89,,,799637,637137,134490,599466,1436774.0,733956.0,0.510836081387887,0.16818881567511257,0.00020845936268659157,0.5816993464052288,,62042,1904
2024,2022,True,NC,69803,"Oscar Health Plan of North Carolina, Inc",,,19,,,,11057,4182,1749,2975,15239.0,4724.0,0.30999409410066275,0.15818033824726419,0.004022015241320914,,,713,254
2024,2022,True,NC,73943,"Cigna HealthCare of North Carolina, Inc.",,,97,21,,,746707,47471,121708,42492,794178.0,164200.0,0.2067546570164371,0.1629929811827129,0.0005907429963459196,0.21649484536082475,,32635,2115
2024,2022,True,NC,77264,Ambetter of North Carolina Inc.,,,465,276,,,1118533,122349,190418,46146,1240882.0,236564.0,0.19064181767484742,0.17023905418972887,0.0019656414331851,0.5935483870967742,,96214,779
2024,2022,True,ND,37160,Blue Cross Blue Shield of North Dakota,,,109,43,,,690642,4444,77379,1078,695086.0,78457.0,0.11287380266614491,0.11203923306141242,0.001389296047516474,0.3944954128440367,,86,
2024,2022,True,ND,73751,Medica Health Plans,,,17,,0,0,54794,1864,8656,1643,56658.0,10299.0,0.18177485968442234,0.1579735007482571,0.0016506456937566754,,nan,4696,443
2024,2022,True,ND,89364,Sanford Health Plan,,,168,98,,,565568,12681,25790,5851,578249.0,31641.0,0.05471864196911711,0.045600175398891024,0.005309566701431687,0.5833333333333334,,7824,156
2024,2022,True,NE,20305,Medica Insurance Company,,,781,405,,,1785628,75491,294260,64217,1861119.0,358477.0,0.19261369101062317,0.1647935628249557,0.002178661392502169,0.5185659411011524,,169741,17200
2024,2022,True,NE,26289,"Nebraska Total Care, Inc.",,,204,117,,,517970,49074,71525,15820,567044.0,87345.0,0.15403566566262936,0.13808714790431878,0.002335565859522583,0.5735294117647058,,33717,359
2024,2022,True,NE,29678,Blue Cross and Blue Shield of Nebraska,,,,,,,,,,,,,,,,,,,
2024,2022,True,NE,57424,Oscar Insurance Company,,,102,50,,,116419,6945,14715,5424,123364.0,20139.0,0.16324859764599073,0.12639689397778714,0.005064799642484731,0.49019607843137253,,8466,1527
2024,2022,True,NH,59025,Harvard Pilgrim Health Care of NE,,,63,35,,,149497,656,31314,645,150153.0,31959.0,0.21284290024175342,0.20946239723874058,0.0019712756969867645,0.5555555555555556,,3116,49
2024,2022,True,NH,75841,Celtic Insurance Company,,,321,221,,,892450,49570,154238,27229,942020.0,181467.0,0.19263603745143415,0.1728253683679758,0.0017689166625336839,0.6884735202492211,,62880,338
2024,2022,True,NH,96751,Matthew Thornton Hlth Plan(Anthem BCBS),,,75,36,,,1251436,39466,246037,21665,1290902.0,267702.0,0.20737592783960362,0.19660374162162508,0.00028016226998677635,0.48,,159486,8546
2024,2022,True,OH,28162,AultCare Insurance Company,,,56,36,,,223790,13924,42971,3398,237714.0,46369.0,0.19506213348814122,0.19201483533669958,0.001207703422545235,0.6428571428571429,,19855,626
2024,2022,True,OH,29276,Community Insurance Company(Anthem BCBS),,,389,94,,,1463787,121364,325920,81582,1585151.0,407502.0,0.257074562612647,0.22265534534737635,0.0009545965418574632,0.2416452442159383,,193026,18158
2024,2022,True,OH,29341,Oscar Buckeye State Insurance Corp.,,,276,139,,,397995,51622,52812,25177,449617.0,77989.0,0.17345651966006623,0.13269513436098443,0.0035389606226519125,0.5036231884057971,,23443,2793
2024,2022,True,OH,33931,"UnitedHealthcare of Ohio, Inc.",,,,,,,,,,,,,,,,,,,
2024,2022,True,OH,41047,Buckeye Community Health Plan,,,1178,872,,,2267859,210368,504400,112508,2478227.0,616908.0,0.24893119153330184,0.22241241629219452,0.0019095229758732258,0.7402376910016978,,164583,2069
2024,2022,True,OH,45845,Oscar Insurance Corporation of Ohio,,,335,172,,,591198,19615,65413,11121,610813.0,76534.0,0.12529857746970022,0.1106448262680185,0.004377139571954948,0.5134328358208955,,39458,1815
2024,2022,True,OH,52664,"Summa Insurance Company, Inc.",,,170,114,,,194475,20474,44158,12624,214949.0,56782.0,0.2641649879738915,0.2270626044478725,0.002993906519671727,0.6705882352941176,,3549,3549
2024,2022,True,OH,64353,"Molina Healthcare of Ohio, Inc.",,,546,191,15,,611173,41896,137574,17045,653069.0,154619.0,0.2367575248557197,0.22509829459089326,0.0035312607118142014,0.3498168498168498,,88612,4359
2024,2022,True,OH,74313,Paramount Insurance Company,,,29,21,,,106069,4683,15017,2187,110752.0,17204.0,0.15533805258595781,0.14157765228294789,0.0016856544989537316,0.7241379310344828,,6896,742
2024,2022,True,OH,77552,"CareSource Ohio, Inc.",,,533,227,25,,2238460,200578,444660,124019,2439038.0,568679.0,0.23315708898344348,0.1986454973508573,0.0009372598601319901,0.425891181988743,,240439,17594
2024,2022,True,OH,84867,Aetna Health Inc. (a PA corp.),,,,,,,,,,,,,,,,,,,
2024,2022,True,OH,99969,Medical Health Insuring Corp. of Ohio,,,632,356,12,,1859204,74595,192874,72814,1933799.0,265688.0,0.13739173512862504,0.10374009522354728,0.002378729938875674,0.5632911392405063,,358916,18464
2024,2022,True,OK,21333,Medica Insurance Company,,,160,66,,,397303,57102,87492,29031,454405.0,116523.0,0.25642983681957726,0.22021479827738527,0.0013731194699758845,0.4125,,46703,10026
2024,2022,True,OK,45480,"UnitedHealthcare of Oklahoma, Inc.",,,135,53,,,71800,17706,21668,11353,89506.0,33021.0,0.3689249882689429,0.3017827298050139,0.004088307440719542,0.3925925925925926,,12144,1478
2024,2022,True,OK,58944,"Taro Health Plan of Oklahoma, Inc.",,,,,,,,,,,,,,,,,,,
2024,2022,True,OK,62505,Celtic Insurance Company,,,52,24,,,120901,41613,27634,8004,162514.0,35638.0,0.21929187639218775,0.2285671747959074,0.001459116673213985,0.46153846153846156,,12030,186
2024,2022,True,OK,87571,Blue Cross Blue Shield of Oklahoma,,,644,178,15,,7664353,286991,1144634,95272,7951344.0,1239906.0,0.1559366567463312,0.14934515672751503,0.0005193942121418882,0.27639751552795033,,66569,14156
2024,2022,True,OK,91908,Oscar Insurance Company,,,92,63,,,112573,18984,16348,7219,131557.0,23567.0,0.17913908039861048,0.14522132305259697,0.0039037637374294562,0.6847826086956522,,6012,1065
2024,2022,True,OK,98905,CommunityCare HMO Inc.,,,88,59,,,189554,10243,18554,3331,199797.0,21885.0,0.10953617922191024,0.09788239762811653,0.004021018962759881,0.6704545454545454,,1782,120
2024,2022,True,OR,10091,PacificSource Health Plans,,,6904,1697,36,11,823528,19356,24602,4675,842884.0,29277.0,0.034734316940409356,0.029873908355271466,0.23581651125456843,0.24579953650057937,0.3055555555555556,2433,184
2024,2022,True,OR,39424,"Moda Health Plan, Inc.",,,172,53,15,,1005743,51937,150744,24791,1057680.0,175535.0,0.16596229483397626,0.14988322066372822,0.0009798615660694448,0.3081395348837209,,61198,2409
2024,2022,True,OR,56707,Providence Health Plan,,,394,242,152,,523527,50177,18702,25639,573704.0,44341.0,0.07728898526069193,0.03572308591533961,0.008885681423513227,0.6142131979695431,,18534,2259
2024,2022,True,OR,63474,BridgeSpan Health Company,,,12,,,,16345,865,2305,721,17210.0,3026.0,0.1758280069726903,0.14102171918017742,0.0039656311962987445,,,,
2024,2022,True,OR,71287,Kaiser Foundation Healthplan of the NW,,,76,39,,,15922,3828,1164,654,19750.0,1818.0,0.0920506329113924,0.07310639366913704,0.041804180418041806,0.5131578947368421,,93,30
2024,2022,True,OR,77969,Regence BlueCross BlueShield of Oregon,,,199,31,41,,363786,40277,42026,32031,404063.0,74057.0,0.18328082501986076,0.11552396188968239,0.0026871193810173244,0.15577889447236182,,,155
2024,2022,True,SC,26065,Blue Cross and Blue Shield of South Carolina,,,3055,1081,67,13,9840399,218255,2127428,198620,10058654.0,2326048.0,0.23124843542684737,0.21619326614703327,0.0013133864821362241,0.35384615384615387,0.19402985074626866,560631,8417
2024,2022,True,SC,33764,"UnitedHealthcare of South Carolina, Inc.",,,,,,,,,,,,,,,,,,,
2024,2022,True,SC,42326,"MOLINA HEALTHCARE OF SOUTH CAROLINA, INC",,,535,236,,,102995,8523,17230,3446,111518.0,20676.0,0.18540504671891533,0.16728967425603183,0.02587541110466241,0.4411214953271028,,9747,898
2024,2022,True,SC,73033,"Cigna HealthCare of South Carolina, Inc.",,,,,,,,,,,,,,,,,,,
2024,2022,True,SC,73107,Select Health of South Carolina,,,,,,,,,,,,,,,,,,,
2024,2022,True,SC,79222,"Absolute Total Care, Inc",,,641,405,,,1518301,165395,269843,57667,1683696.0,327510.0,0.19451848789805284,0.17772694610620687,0.0019571921468046777,0.6318252730109204,,118297,884
2024,2022,True,SD,31195,Sanford Health Plan,,,253,165,,,859370,19026,41849,5954,878396.0,47803.0,0.05442078515840236,0.04869730151157243,0.005292554860573604,0.6521739130434783,,19146,298
2024,2022,True,SD,50305,Wellmark of South Dakota,,,,,,,,,,,,,,,,,,,
2024,2022,True,SD,60536,"Avera Health Plans, Inc.",,,130,51,,,432992,5810,13424,1682,438802.0,15106.0,0.03442554956449606,0.031002882270342178,0.008605851979345954,0.3923076923076923,,8084,493
2024,2022,True,TN,14002,BlueCross BlueShield of Tennessee,,,129,55,,,3680920,209318,634727,146299,3890238.0,781026.0,0.20076560868512414,0.17243705378003324,0.00016516735678453727,0.4263565891472868,,198574,17920
2024,2022,True,TN,23552,Oscar Insurance Company,,,104,44,,,113202,11976,16916,7415,125178.0,24331.0,0.19437121538928565,0.14943198883411954,0.004274382475031853,0.4230769230769231,,6862,693
2024,2022,True,TN,31663,US Health and Life Insurance Company,,,,,,,,,,,,,,,,,,,
2024,2022,True,TN,69443,UnitedHealthcare Insurance Company,,,621,254,,,631225,69478,195488,45515,700703.0,241003.0,0.3439445813704237,0.3096962255930928,0.0025767314099824482,0.40901771336553944,,85695,6958
2024,2022,True,TN,70111,Celtic Insurance Company,,,731,413,,,1947548,355576,320566,67817,2303124.0,388383.0,0.1686331261364998,0.16459979420276163,0.0018821627105202853,0.5649794801641587,,152803,1663
2024,2022,True,TN,99248,Cigna Health and Life Insurance Company,,,793,235,13,,4953035,155479,884137,132011,5108514.0,1016148.0,0.19891263878301987,0.17850408890710442,0.0007803981309809201,0.296343001261034,,228551,7594
2024,2022,True,TX,17933,"Moda Health Plan, Inc.",,,,,,,17056,4847,4377,2300,21903.0,6677.0,0.30484408528512075,0.256625234521576,,,,1246,201
2024,2022,True,TX,20069,Oscar Insurance Company,,,2827,1355,33,25,4277370,510262,498535,247796,4787632.0,746331.0,0.1558872945957417,0.11655175960929262,0.003787863561878041,0.47930668553236644,0.7575757575757576,239158,35704
2024,2022,True,TX,27248,"Community Health Choice, Inc.",,,661,183,16,12,3902036,466378,586369,132706,4368414.0,719075.0,0.16460779587282706,0.1502725756502503,0.0009192365191391719,0.27685325264750377,0.75,94376,8693
2024,2022,True,TX,29418,Celtic Insurance Company,,,2261,1362,660,586,12532905,1424157,1763710,460334,13957062.0,2224044.0,0.15934900912527292,0.14072635195112387,0.0010166165777295772,0.6023883237505528,0.8878787878787879,926231,15453
2024,2022,True,TX,33602,Blue Cross Blue Shield of Texas,,,4657,2350,69,13,13580083,812557,2666196,206762,14392640.0,2872958.0,0.1996129966427285,0.19633134790118734,0.001620977403776874,0.5046167060339274,0.18840579710144928,160786,18354
2024,2022,True,TX,34826,"Imperial Insurance Companies, Inc.",,,,,,,,,,,,,,,,,,,
2024,2022,True,TX,40220,"UnitedHealthcare of Texas, Inc.",,,2328,931,15,,2041995,613808,615246,401734,2655803.0,1016980.0,0.3829274987640273,0.3012965261912982,0.002289130563039588,0.39991408934707906,,358661,66267
2024,2022,True,TX,40788,Scott and White Health Plan,,,893,518,13,,2426299,141709,325281,40974,2568008.0,366255.0,0.1426222192454229,0.13406468040418762,0.002438191970075494,0.58006718924972,,531922,82669
2024,2022,True,TX,45786,"Molina Healthcare of Texas, Inc.",,,4151,2779,70,28,479698,76141,83574,27596,555839.0,111170.0,0.20000395798063828,0.17422211474719512,0.03733921021858415,0.6694772344013491,0.4,39724,6211
2024,2022,True,TX,57125,US HEALTH AND LIFE INSURANCE COMPANY,,,,,,,,,,,,,,,,,,,
2024,2022,True,TX,58840,Aetna Health Inc.  (a TX corp.),,,86,36,,,287625,412864,98052,384260,700489.0,482312.0,0.6885361511743939,0.3409022164276402,0.00017830781734644795,0.4186046511627907,,10734,1204
2024,2022,True,TX,66252,CHRISTUS Health Plan,,,203,57,,,260434,41194,17943,10088,301628.0,28031.0,0.09293235376026099,0.06889653424668055,0.0072419820912561095,0.28078817733990147,,13936,3745
2024,2022,True,TX,71837,"Sendero Health Plans, Inc.",,,26,,,,288610,365,83908,152,288975.0,84060.0,0.2908902154165585,0.29073143688714875,0.00030930287889602666,,,43027,22
2024,2022,True,TX,76589,"Cigna HealthCare of Texas, Inc.",,,,,,,,,,,,,,,,,,,
2024,2022,True,TX,87226,Superior Health Plan,,,210,128,85,82,2238445,996000,407805,386482,3234445.0,794287.0,0.245571342224091,0.18218227385528793,0.0002643880612423469,0.6095238095238096,0.9647058823529412,247635,13268
2024,2022,True,UT,18167,Molina Healthcare of Utah,,,135,92,,,49408,3897,7988,1915,53305.0,9903.0,0.18577994559609792,0.16167422279792745,0.013632232656770675,0.6814814814814815,,4425,637
2024,2022,True,UT,22013,Regence BlueCross BlueShield of Utah,,,138,27,,,323213,41526,47527,31863,364739.0,79390.0,0.21766249290588613,0.14704544681061715,0.00173825418818491,0.1956521739130435,,,109
2024,2022,True,UT,34541,BridgeSpan Health Company,,,,,,,1889,534,710,500,2423.0,1210.0,0.4993809327280231,0.37586024351508734,,,,,
2024,2022,True,UT,38927,Aetna Health of Utah Inc.,,,,,,,,,,,,,,,,,,,
2024,2022,True,UT,42261,University of Utah Health Insurance Plans,,,532,189,15,,535566,9219,112076,6421,544785.0,118497.0,0.21751149536055508,0.20926645828898774,0.004489565136670127,0.35526315789473684,,56837,338
2024,2022,True,UT,68781,"SelectHealth, Inc.",,,3884,1455,25,12,9304836,332699,1366766,167379,9637535.0,1534145.0,0.15918437650291284,0.14688770441520946,0.0025317033266086322,0.37461380020597324,0.48,736981,39838
2024,2022,True,UT,81808,Cigna Health and Life Insurance Company,,,18,,,,85312,6372,18141,5778,91684.0,23919.0,0.2608852144321801,0.21264300450112528,0.0007525398218989088,,,3948,294
2024,2022,True,UT,98113,"Imperial Health Plan of the Southwest, Inc.",,,,,,,,,,,,,,,,,,,
2024,2022,True,WI,14630,Chorus Community Health Plans,,,285,127,12,,182301,6882,16826,2487,189183.0,19313.0,0.10208633968168387,0.09229790291879914,0.014756899497747632,0.4456140350877193,,2228,83
2024,2022,True,WI,20173,HealthPartners Insurance Company,,,11,,,,313587,6360,19972,833,319947.0,20805.0,0.06502639499667133,0.06368886465319035,0.0005287190579187695,,,21676,603
2024,2022,True,WI,37833,Quartz Health Benefit Plans Corporation,,,150,31,,,626070,5160,86327,862,631230.0,87189.0,0.1381255643743168,0.1378871372210775,0.0017204005092385508,0.20666666666666667,,19269,111
2024,2022,True,WI,38166,"Security Health Plan of Wisconsin, Inc.",,,140,92,,,728690,36261,65095,14471,764951.0,79566.0,0.10401450550427413,0.08933154016111103,0.001759545534524797,0.6571428571428571,,94906,3952
2024,2022,True,WI,38345,Dean Health Plan,,,215,111,,,1099434,40255,127692,12753,1139689.0,140445.0,0.12323098669900297,0.11614339742085474,0.001530848374808644,0.5162790697674419,,128275,2356
2024,2022,True,WI,52697,"Molina Healthcare of Wisconsin, Inc.",,,258,90,,,104458,5575,13822,2984,110033.0,16806.0,0.1527359973826034,0.13232112427961476,0.01535166012138522,0.3488372093023256,,7481,659
2024,2022,True,WI,57845,Medica Community Health Plan,,,153,103,0,0,445056,13496,54813,9268,458552.0,64081.0,0.13974641916293026,0.12315978213977567,0.0023876031897130195,0.673202614379085,nan,29668,3179
2024,2022,True,WI,58326,"MercyCare HMO, Inc.",,,26,16,,,224919,8177,22765,1829,233096.0,24594.0,0.10551017606479733,0.10121421489514003,0.0010571684150605838,0.6153846153846154,,48727,972
2024,2022,True,WI,79475,Compcare Health Serv Ins Co(Anthem BCBS),,,60,33,,,255744,43874,68701,27985,299618.0,96686.0,0.3226975682368883,0.26863191316316315,0.000620565542064001,0.55,,45650,5761
2024,2022,True,WI,80180,"UnitedHealthcare of Wisconsin, Inc.",,,,,,,,,,,,,,,,,,,
2024,2022,True,WI,81413,Network Health Plan,,,18,,,,242187,7682,35043,4754,249869.0,39797.0,0.15927145824411992,0.14469397614240237,0.00045229539915068973,,,15868,965
2024,2022,True,WI,86584,"Aspirus Health Plan, Inc.",,,14,,,,471398,18019,61292,9218,489417.0,70510.0,0.1440693723348392,0.130021765047794,0.0001985533966813218,,,69220,1816
2024,2022,True,WI,87416,Common Ground Healthcare Cooperative,,,262,83,,,2820526,95695,465910,40104,2916221.0,506014.0,0.17351702768754496,0.16518550086047779,0.000517772235550795,0.31679389312977096,,234661,7420
2024,2022,True,WI,94529,Group Health Cooperative of South Central Wisconsin,,,,,,,206749,7463,15174,1840,214212.0,17014.0,0.07942598920695386,0.0733933416848449,,,,29571,525
2024,2022,True,WV,31274,Highmark Blue Cross Blue Shield West Virginia,,,48,22,,,531328,13286,52289,1673,544614.0,53962.0,0.09908302026756566,0.09841190375813057,0.0008895148437789556,0.4583333333333333,,1555,
2024,2022,True,WV,50328,CareSource West Virginia Co.,,,13,,,,430096,43040,87511,29354,473136.0,116865.0,0.24700086233133814,0.20346852795654924,0.0001112394643391948,,,37406,5595
2024,2022,True,WY,11269,Blue Cross Blue Shield of Wyoming,,,982,678,,,821613,18226,89175,7450,839839.0,96625.0,0.11505181350234986,0.10853650076130733,0.01016300129366106,0.6904276985743381,,138985,626
2024,2022,True,WY,38576,Montana Health Cooperative,,,100,19,,,135389,19872,13268,1947,155261.0,15215.0,0.0979962772363955,0.09799909889281995,0.006572461386789352,0.19,,8123,1192
2025,2023,True,AK,38344,Premera Blue Cross Blue Shield of Alaska,,,252,125,,,732654,44793,186285,23449,777447.0,209734.0,0.2697727304883806,0.25426053771630264,0.0012015219277751819,0.49603174603174605,,66830,7044
2025,2023,True,AK,73836,"Moda Health Plan, Inc.",,,,,,,,,,,,,,,,,,,
2025,2023,True,AL,46944,Blue Cross and Blue Shield of Alabama,,,1730,806,80,0,13033751,240263,4533017,216318,13274014.0,4749335.0,0.35779192337751037,0.34779067054449636,0.00036426152292899953,0.4658959537572254,0.0,933590,41635
2025,2023,True,AL,53932,Celtic Insurance Company,,,218,73,0,0,714117,265380,121096,52917,979497.0,174013.0,0.17765547010353272,0.16957445348591338,0.00125277996471528,0.3348623853211009,nan,56606,1973
2025,2023,True,AL,69461,UnitedHealthcare Insurance Company,,,597,174,,,770887,273505,320530,187474,1044392.0,508004.0,0.4864112325640181,0.4157937544672565,0.0011751875969480555,0.2914572864321608,,99411,17175
2025,2023,True,AR,13262,"HMO Partners, Inc.",,,1164,398,,,1360502,27333,239109,9200,1387835.0,248309.0,0.17891824316291202,0.1757505685401418,0.004687707654575549,0.34192439862542956,,32985,360
2025,2023,True,AR,37903,"QualChoice Life & Health Insurance Company, Inc.",,,392,105,0,0,1893336,105320,234093,13001,1998656.0,247094.0,0.12363007941336578,0.12364049487254243,0.0015864407877164157,0.26785714285714285,nan,91859,748
2025,2023,True,AR,48772,"USAble HMO, Inc.",,,,,,,,,,,,,,,,,,,
2025,2023,True,AR,62141,Celtic Insurance Company,,,1574,541,,,6001878,310451,745529,34395,6312329.0,779924.0,0.1235556638445176,0.12421595373981277,0.002018145357752807,0.34371029224904703,,311355,1718
2025,2023,True,AR,70525,"QCA Health Plan, Inc.",,,413,133,0,0,1871499,101098,229346,11600,1972597.0,240946.0,0.12214659152376284,0.12254668583846424,0.0017140770131066712,0.3220338983050847,nan,90610,782
2025,2023,True,AR,75293,USAble Mutual Insurance Company,,,7480,2341,23,12,5906543,39719,959814,14822,5946262.0,974636.0,0.1639073421251872,0.16250012909412495,0.0076746600782240755,0.3129679144385027,0.5217391304347826,224047,186
2025,2023,True,AZ,13877,"Oscar Health Plan, Inc.",,,3100,1582,27,,149097,14391,25984,10046,163488.0,36030.0,0.22038314738696418,0.1742758070249569,0.08603941160144324,0.5103225806451613,,2706,897
2025,2023,True,AZ,23435,Banner Health and Aetna Health Plan Inc.,,,278,128,,0,1912839,462111,422220,302572,2374950.0,724792.0,0.3051820038316596,0.22072950206473205,0.0003835583174207221,0.460431654676259,,129003,9653
2025,2023,True,AZ,40702,"UnitedHealthcare of Arizona, Inc.",,,2220,922,17,,1711443,162376,678094,104289,1873819.0,782383.0,0.4175339240342851,0.39621185163630923,0.0028374849658031934,0.4153153153153153,,231713,15179
2025,2023,True,AZ,53901,"Blue Cross and Blue Shield of Arizona, Inc.",,,2209,1038,50,14,1370518,46614,222893,42504,1417132.0,265397.0,0.1872775436586006,0.16263412811798167,0.008323379691556424,0.469895880488909,0.28,273935,5028
2025,2023,True,AZ,68445,"Antidote Health Plan of Arizona, Inc.",,,,,,,,,,,,,,,,,,,
2025,2023,True,AZ,85533,"Imperial Insurance Companies, Inc.",,,0,0,0,0,145,138,0,0,283.0,0.0,0.0,0.0,nan,nan,nan,0,
2025,2023,True,AZ,91450,"Health Net of Arizona, Inc.",,,578,359,19,,3589419,397207,468270,135845,3986626.0,604115.0,0.1515354086387838,0.13045843909557508,0.0009567714756296401,0.6211072664359861,,328481,9562
2025,2023,True,AZ,97667,"Cigna HealthCare of Arizona, Inc",,,31,15,,0,232830,17563,36044,15986,250393.0,52030.0,0.207793348855599,0.15480822918008846,0.0005958101095521815,0.4838709677419355,,10446,777
2025,2023,True,DE,64004,Celtic Insurance Company,,,,,,,,,,,,,,,,,,,
2025,2023,True,DE,67190,Aetna Health Inc. (a PA corp.),,,,,0,0,60919,11323,13615,8975,72242.0,22590.0,0.31269898397054346,0.2234934913573762,,,nan,2346,1420
2025,2023,True,DE,72760,"AmeriHealth Caritas VIP Next, Inc.",,,0,0,0,0,3427,261,1709,201,3688.0,1910.0,0.5178958785249458,0.4986868981616574,0.0,nan,nan,954,22
2025,2023,True,DE,76168,Highmark BCBSD Inc.,,,196,58,,,1063273,29837,146665,9747,1093110.0,156412.0,0.14308898464015515,0.13793729362073523,0.0012531007851060022,0.29591836734693877,,2366,441
2025,2023,True,FL,16842,Blue Cross and Blue Shield of Florida,,,2677,1183,97,33,21253164,806300,3923703,58649,22059464.0,3982352.0,0.18052804909493722,0.18461735862010945,0.0006722158161809905,0.44191258871871497,0.3402061855670103,1287641,108102
2025,2023,True,FL,18628,Aetna Health Inc. (a FL corp.),,,988,381,21,,11920740,497117,2654415,203060,12417857.0,2857475.0,0.23011015507748236,0.22267199855042555,0.0003457598054226196,0.3856275303643725,,813705,2450
2025,2023,True,FL,19898,"AvMed, Inc.",,,27,19,,,473890,61054,147403,29055,534944.0,176458.0,0.32986256505353834,0.31104897761083794,0.00015301091477858754,0.7037037037037037,,26821,1081
2025,2023,True,FL,30252,"Health Options, Inc.",,,2937,1130,79,21,39268216,399597,9940136,26805,39667813.0,9966941.0,0.25126015896061626,0.25313439245622976,0.000294674163316508,0.3847463398025196,0.26582278481012656,2509277,55642
2025,2023,True,FL,36194,"Health First Commercial Plans, Inc.",,,412,178,,,1826300,88711,352972,52502,1915011.0,405474.0,0.21173455400517283,0.19327164211794337,0.0010160947434360772,0.4320388349514563,,118941,10004
2025,2023,True,FL,40572,Oscar Insurance Company of Florida,,,221043,99456,571,92,16627306,1325715,2806266,591442,17953021.0,3397708.0,0.18925550190132345,0.16877454471578257,0.06505650279541385,0.4499396045113394,0.16112084063047286,299257,30126
2025,2023,True,FL,44228,Simply Healthcare Plans Inc dba Wellpoint Florida Inc,,,,,,,,,,,,,,,,,,,
2025,2023,True,FL,48121,Cigna Health and Life Insurance Company,,,1144,309,14,,4657948,216738,948441,183523,4874686.0,1131964.0,0.23221270046932255,0.20361777331992542,0.0010106328469809995,0.2701048951048951,,193152,9430
2025,2023,True,FL,49004,Centene Venture Company Florida,,,,,,,,,,,,,,,,,,,
2025,2023,True,FL,54172,"Molina Healthcare of Florida, Inc",,,732,212,,0,760653,67089,244390,34575,827742.0,278965.0,0.33701926445679936,0.3212897339522752,0.0026239850877350203,0.2896174863387978,,248895,28754
2025,2023,True,FL,56503,"Florida Health Care Plan, Inc.",,,667,157,24,13,2900945,90485,405810,67416,2991430.0,473226.0,0.15819390726174437,0.1398888982728042,0.0014094745428188645,0.2353823088455772,0.5416666666666666,34753,2751
2025,2023,True,FL,66966,Capital Health Plan,,,147,56,,,404627,27882,31671,16444,432509.0,48115.0,0.11124623996263662,0.07827208762638183,0.003055180297204614,0.38095238095238093,,12793,654
2025,2023,True,FL,67926,"AmeriHealth Caritas Florida, Inc.",,,0,0,0,0,25325,11984,13650,10137,37309.0,23787.0,0.6375673430003485,0.5389930898321816,0.0,nan,nan,6054,336
2025,2023,True,FL,68398,"UnitedHealthcare of Florida, Inc.",,,2728,752,21,,2285558,495233,740703,320593,2780791.0,1061296.0,0.381652558570565,0.3240797214509542,0.002570442176357962,0.2756598240469208,,356627,56457
2025,2023,True,FL,86382,Sunshine State Health Plan,,,1053,373,,,5463460,2137897,922681,258470,7601357.0,1181151.0,0.15538686053029743,0.1688821735676659,0.0008915032878946045,0.35422602089268757,,419938,9588
2025,2023,True,HI,18350,Hawaii Medical Service Association,,,82,38,,0,673684,4033,162934,812,677717.0,163746.0,0.24161412506990382,0.24185523182975996,0.0005007755914648297,0.4634146341463415,,14814,41
2025,2023,True,HI,60612,"Kaiser Foundation Health Plan, Inc.",,,21,,0,0,13130,1878,660,466,15008.0,1126.0,0.07502665245202558,0.05026656511805026,0.018650088809946713,,nan,88,17
2025,2023,True,IA,25896,"Wellmark Health Plan of Iowa, Inc.",,,308,128,,,4366324,174461,753627,140207,4540785.0,893834.0,0.19684569958718592,0.17259988035702345,0.0003445829986328558,0.4155844155844156,,206753,9777
2025,2023,True,IA,45819,Oscar Insurance Company,,,2102,916,,,181038,26921,32239,19446,207959.0,51685.0,0.24853456690982356,0.178078635424607,0.04066943987617297,0.4357754519505233,,3519,526
2025,2023,True,IA,48286,"Iowa Total Care, Inc.",,,,,,,,,,,,,,,,,,,
2025,2023,True,IA,56610,"UnitedHealthcare Plan of the River Valley, Inc.",,,,,,,,,,,,,,,,,,,
2025,2023,True,IA,93078,Medica Insurance Company,,,281,126,,,607254,45024,111316,39551,652278.0,150867.0,0.2312924857192792,0.18331044340588945,0.0018625676920731506,0.4483985765124555,,58257,11560
2025,2023,True,IL,11574,"Oscar Health Plan, Inc.",,,722,238,11,0,49013,10823,10211,7445,59836.0,17656.0,0.29507320008021926,0.20833248321873787,0.04089261440869959,0.3296398891966759,0.0,1261,174
2025,2023,True,IL,20129,"Health Alliance Medical Plans, Inc.",,,221,88,18,,1507897,33400,187861,1734,1541297.0,189595.0,0.12301003635250052,0.12458476938411576,0.001165642553864817,0.39819004524886875,,25722,385
2025,2023,True,IL,27833,Celtic Insurance Company,,,314,140,,,1681947,362141,230759,68350,2044088.0,299109.0,0.1463288273303302,0.13719754546367988,0.0010497845267109984,0.445859872611465,,85662,5454
2025,2023,True,IL,32355,"Molina Healthcare of Illinois, Inc.",,,34,13,,,91489,10178,31949,4677,101667.0,36626.0,0.36025455654243754,0.3492113806031326,0.0009283022989133403,0.38235294117647056,,22505,1599
2025,2023,True,IL,36096,Blue Cross Blue Shield of Illinois,,,2232,694,84,41,10556396,401870,2169193,145788,10958266.0,2314981.0,0.21125431706074665,0.20548613371457455,0.0009641547813999337,0.3109318996415771,0.4880952380952381,115642,11290
2025,2023,True,IL,42529,"UnitedHealthcare of Illinois, Inc.",,,691,271,,,486710,93250,181665,68012,579960.0,249677.0,0.43050727636388714,0.373251011896201,0.0027675757078144962,0.3921852387843705,,69310,6967
2025,2023,True,IL,53882,"Cigna HealthCare of Illinois, Inc.",,,53,24,,0,347240,25748,90407,23722,372988.0,114129.0,0.30598571535813485,0.26035882962792306,0.0004643867903863172,0.4528301886792453,,13255,1226
2025,2023,True,IL,54322,"MercyCare HMO, Inc.",,,,,0,0,67263,2660,7524,1052,69923.0,8576.0,0.12264919983410323,0.11185941751036975,,,nan,15200,172
2025,2023,True,IL,72547,Aetna Life Insurance Company,,,,,,,,,,,,,,,,,,,
2025,2023,True,IL,85773,Quartz Health Benefit Plans Corporation,,,18,,0,0,71597,1282,4921,763,72879.0,5684.0,0.07799228858793342,0.06873193010880344,0.0031667839549612948,,nan,2391,
2025,2023,True,IL,99129,Aetna Health Inc. (a PA corp.),,,53,26,,,167244,18091,33764,11389,185335.0,45153.0,0.24362910405481966,0.20188467149793116,0.001173786902309924,0.49056603773584906,,4258,1017
2025,2023,True,IN,17575,Anthem Ins Companies Inc(Anthem BCBS),,,829,353,,,765012,263765,77614,134069,1028777.0,211683.0,0.20576179288611623,0.10145461770534318,0.003916233235545604,0.42581423401688784,,131117,35851
2025,2023,True,IN,35065,Coordinated Care Corporation Indiana,,,,,,,,,,,,,,,,,,,
2025,2023,True,IN,54192,"CareSource Indiana, Inc.",,,100,30,83,83,2965521,227135,576156,173340,3192656.0,749496.0,0.23475626562962,0.19428491654586158,0.00013342299358502246,0.3,1.0,377463,32580
2025,2023,True,IN,72850,UnitedHealthcare Insurance Company,,,,,,,,,,,,,,,,,,,
2025,2023,True,IN,94419,Cigna Health and Life Insurance Company,,,51,23,0,0,349189,82273,97127,69467,431462.0,166594.0,0.3861151155837594,0.2781502280999688,0.0003061334741947489,0.45098039215686275,nan,23184,3303
2025,2023,True,IN,96992,Aetna Health Inc. (a PA corp.),,,,,,,,,,,,,,,,,,,
2025,2023,True,KS,18558,"Blue Cross and Blue Shield of Kansas, Inc.",,,207,97,57,21,1239867,53941,145732,34390,1293808.0,180122.0,0.13921849300669034,0.11753841339433987,0.0011492210834878583,0.46859903381642515,0.3684210526315789,18736,5892
2025,2023,True,KS,34368,Celtic Insurance Company,,,1343,639,27,20,3613719,284439,487012,64522,3898158.0,551534.0,0.14148579919028423,0.1347675344983935,0.0024350266710665164,0.4758004467609829,0.7407407407407407,233604,1569
2025,2023,True,KS,39520,Medica Insurance Company,,,53,20,0,0,70039,4449,15020,3688,74488.0,18708.0,0.25115454838363227,0.2144519482002884,0.0028330126149240967,0.37735849056603776,nan,6407,722
2025,2023,True,KS,43490,Oscar Insurance Company,,,403,220,,0,37896,3876,7449,2065,41772.0,9514.0,0.2277602221583836,0.19656428119062697,0.04235862938826992,0.5459057071960298,,489,137
2025,2023,True,KS,84600,Aetna Life Insurance Company,,,,,,,,,,,,,,,,,,,
2025,2023,True,KS,94248,Blue Cross and Blue Shield of Kansas City,,,27,12,,,111483,2526,23072,2105,114009.0,25177.0,0.2208334429738003,0.20695532054214544,0.0010724073559200858,0.4444444444444444,,12904,440
2025,2023,True,KS,94968,UnitedHealthcare Insurance Company,,,691,271,,,321820,91731,115457,66332,413551.0,181789.0,0.4395806079540371,0.35876266235783977,0.0038011100781675457,0.3921852387843705,,29326,6691
2025,2023,True,LA,19636,"HMO Louisiana, Inc.",,,1696,586,145,46,4538750,517687,755465,11182,5056437.0,766647.0,0.15161802668558907,0.16644781052051777,0.0022122306615691444,0.3455188679245283,0.31724137931034485,3082,428
2025,2023,True,LA,69842,UnitedHealthcare Insurance Company,,,143,33,,0,182887,103550,75075,76869,286437.0,151944.0,0.5304621958755329,0.41049937939820763,0.0009411362080766598,0.23076923076923078,,27422,5339
2025,2023,True,LA,90787,"Ambetter Health of Louisiana, Inc.",,,,,,,,,,,,,,,,,,,
2025,2023,True,LA,97176,Louisiana Health Service & Indemnity Company,,,213,75,20,,594185,48828,79444,4077,643013.0,83521.0,0.12989006443104573,0.13370246640356118,0.002550256821637672,0.352112676056338,,182,67
2025,2023,True,LA,98780,CHRISTUS Health Plan Louisiana,,,260,27,0,0,81774,40491,14107,21756,122265.0,35863.0,0.293321882795567,0.17251204539340131,0.007249811783732537,0.10384615384615385,nan,1066,113
2025,2023,True,MI,15560,Blue Cross Blue Shield of Michigan Mutual Insurance Company,,,175,69,289,53,1423397,265331,207020,58308,1688728.0,265328.0,0.1571170727316655,0.1454408011257576,0.0006595609962009286,0.3942857142857143,0.18339100346020762,102170,4521
2025,2023,True,MI,29698,Priority Health,,,125,30,32,,3354862,97330,225909,39528,3452192.0,265437.0,0.07688940823685357,0.06733779213571228,0.0004709215369372017,0.24,,97468,8731
2025,2023,True,MI,40047,"Molina Healthcare of Michigan, Inc.",,,116,52,,0,516902,32309,127780,18054,549211.0,145834.0,0.26553364735957585,0.24720353181067203,0.0007954249352002962,0.4482758620689655,,85343,5093
2025,2023,True,MI,40356,HAP CareSource,,,,,,,,,,,,,,,,,,,
2025,2023,True,MI,58594,"Meridian Health Plan of Michigan, Inc.",,,341,135,,,1250223,191490,231404,45713,1441713.0,277117.0,0.19221370688895778,0.1850901799119037,0.001230527178051148,0.39589442815249265,,132457,1306
2025,2023,True,MI,60829,University of Michigan Health Plan,,,35,11,0,0,406649,30464,74036,23330,437113.0,97366.0,0.22274789356527946,0.1820636470272889,0.0003594683975925888,0.3142857142857143,nan,31953,2533
2025,2023,True,MI,71667,"UnitedHealthcare Community Plan, Inc.",,,198,47,0,0,197757,60995,76422,41314,258752.0,117736.0,0.45501484046500124,0.3864439691136091,0.0016817286131684446,0.23737373737373738,nan,30776,6682
2025,2023,True,MI,74917,McLaren Health Plan Community,,,27,20,0,0,142038,8321,22744,7867,150359.0,30611.0,0.2035860839723595,0.16012616342105634,0.0008820358694586913,0.7407407407407407,nan,3495,130
2025,2023,True,MI,77739,Oscar Insurance Company,,,305,155,,,19725,2750,3811,1683,22475.0,5494.0,0.24444938820912124,0.1932065906210393,0.055515107389879866,0.5081967213114754,,200,38
2025,2023,True,MI,98185,Blue Care Network of Michigan,,,123,109,39,,3039317,101602,553611,76650,3140919.0,630261.0,0.2006613351060629,0.18214980536745592,0.00019515724437970937,0.8861788617886179,,269553,3040
2025,2023,True,MO,32753,Healthy Alliance Life Co(Anthem BCBS),,,185,74,0,0,2591355,148594,184969,74158,2739949.0,259127.0,0.09457365812283368,0.07137925911347538,0.0007139356377374801,0.4,nan,327843,26184
2025,2023,True,MO,34762,Blue Cross and Blue Shield of Kansas City,,,38,,,0,164345,3609,33913,2934,167954.0,36847.0,0.2193874513259583,0.20635249018832336,0.0010312915569788586,,,17235,645
2025,2023,True,MO,47840,Medica Central Insurance Company,,,39,15,0,0,164918,13616,26150,5198,178534.0,31348.0,0.17558560274233478,0.15856364981384688,0.0012440985070817916,0.38461538461538464,nan,23495,989
2025,2023,True,MO,48161,Aetna Life Insurance Company,,,71,31,0,0,694487,53222,132463,27793,747709.0,160256.0,0.21432937145333278,0.19073503175725393,0.0004430411341853035,0.43661971830985913,nan,33861,4965
2025,2023,True,MO,53461,Medica Insurance Company,,,220,97,0,0,423618,22519,88018,18017,446137.0,106035.0,0.23767362940083428,0.20777681779338933,0.0020747866270571036,0.4409090909090909,nan,40014,6024
2025,2023,True,MO,69512,Oscar Insurance Company,,,974,479,13,0,88515,13446,19243,7979,101961.0,27222.0,0.2669844352252332,0.21739818109924872,0.035779883917419736,0.4917864476386037,0.0,1555,251
2025,2023,True,MO,95426,UnitedHealthcare Insurance Company,,,589,176,,,468826,107192,124591,75538,576018.0,200129.0,0.3474353232017055,0.26575104623037116,0.0029431016994038847,0.298811544991511,,78839,9223
2025,2023,True,MO,96384,Cox Health Systems Insurance Company,,,,0,,0,7205,212,1079,212,7417.0,1291.0,0.17405959282728867,0.14975711311589174,,,,331,
2025,2023,True,MO,99723,Celtic Insurance Company,,,0,0,0,0,5605715,384767,749839,86237,5990482.0,836076.0,0.1395674004195322,0.13376331119223864,0.0,nan,nan,347839,2681
2025,2023,True,MS,14624,"Primewell Health Services of Mississippi, Inc.",,,61,42,0,0,105044,4776,17122,1380,109820.0,18502.0,0.16847568748861774,0.16299836259091427,0.0032969408712571614,0.6885245901639344,nan,32607,162
2025,2023,True,MS,56766,Cigna Health and Life Insurance Company,,,95,38,0,0,783392,49273,200728,43656,832665.0,244384.0,0.2934961839395195,0.2562293206976839,0.0003887324865784994,0.4,nan,33290,2007
2025,2023,True,MS,79975,"Molina Healthcare of Mississippi, Inc",,,28,12,0,0,254307,12989,58905,8221,267296.0,67126.0,0.2511298335927212,0.23162948719461124,0.0004171260018472723,0.42857142857142855,nan,35890,2492
2025,2023,True,MS,90714,Ambetter of Magnolia Inc.,,,953,425,0,0,8387542,508654,1146839,169379,8896196.0,1316218.0,0.14795290031829333,0.13673123782867497,0.0007240441932871303,0.4459601259181532,nan,444329,11151
2025,2023,True,MS,97560,"UnitedHealthcare of Mississippi, Inc.",,,64,21,,0,145357,23495,46398,16308,168852.0,62706.0,0.3713666406083434,0.31920031371038204,0.0010206359837974038,0.328125,,22210,1731
2025,2023,True,MT,23603,PacificSource Health Plans,,,977,226,0,0,164025,6791,4831,5257,170816.0,10088.0,0.05905769951292619,0.029452827312909616,0.096847739888977,0.23132036847492324,nan,753,19
2025,2023,True,MT,30751,Blue Cross and Blue Shield of Montana,,,232,61,,,237510,16284,93689,4549,253794.0,98238.0,0.3870777086928769,0.39446339101511513,0.0023616115963272866,0.2629310344827586,,439,441
2025,2023,True,MT,32225,Montana Health Cooperative,,,1419,320,27,,694579,62472,39839,26119,757051.0,65958.0,0.08712490968243883,0.05735704649867042,0.021513690530337488,0.2255109231853418,,33204,4011
2025,2023,True,NC,11512,Blue Cross and Blue Shield of NC,,,1861,665,77,41,18257563,828734,3451238,280629,19086297.0,3731867.0,0.19552598390353038,0.18903059515664825,0.0004986780075495724,0.3573347662547018,0.5324675324675324,1483453,16305
2025,2023,True,NC,13591,CareSource North Carolina Co.,,,0,0,0,0,7190,3515,2433,2458,10705.0,4891.0,0.45688930406352174,0.3383866481223922,0.0,nan,nan,1027,138
2025,2023,True,NC,17414,"AmeriHealth Caritas North Carolina, Inc.",,,48,34,0,0,207490,41250,81208,25649,248740.0,106857.0,0.42959314947334565,0.391382717239385,0.0004491984614952694,0.7083333333333334,nan,59219,5348
2025,2023,True,NC,44007,Celtic Insurance Company,,,,0,0,0,3145,5861,1140,721,9006.0,1861.0,0.20664001776593383,0.3624801271860095,,,nan,732,41
2025,2023,True,NC,54332,"UnitedHealthcare of North Carolina, Inc",,,1513,625,,,1461941,175986,436437,133832,1637927.0,570269.0,0.3481650891645354,0.2985325673197482,0.0026531338719095725,0.41308658294778583,,273083,14150
2025,2023,True,NC,61671,Aetna Health Inc. (a PA corp.),,,658,295,,,8579391,657842,1330377,363435,9237233.0,1693812.0,0.1833678981573811,0.1550666008811115,0.0003884728647571277,0.44832826747720367,,573008,18988
2025,2023,True,NC,69803,"Oscar Health Plan of North Carolina, Inc",,,71,26,0,0,5363,2178,1223,1667,7541.0,2890.0,0.3832382973080493,0.2280440052209584,0.02456747404844291,0.36619718309859156,nan,81,12
2025,2023,True,NC,73943,"Cigna HealthCare of North Carolina, Inc.",,,140,33,,0,1043043,69455,178998,59680,1112498.0,238678.0,0.21454240816612705,0.17161133337743506,0.0005865643251577439,0.2357142857142857,,52347,2567
2025,2023,True,NC,77264,Ambetter of North Carolina Inc.,,,1202,493,,,3494752,729910,535759,112710,4224662.0,648469.0,0.15349606666758192,0.15330386820008973,0.0018535967023866986,0.4101497504159734,,276614,4787
2025,2023,True,ND,37160,Blue Cross Blue Shield of North Dakota,,,141,48,,,606207,5146,89205,18673,611353.0,107878.0,0.17645779116157115,0.14715270526404348,0.0013070320176495672,0.3404255319148936,,21061,52
2025,2023,True,ND,73751,Medica Health Plans,,,29,14,0,0,53942,2440,10572,2304,56382.0,12876.0,0.2283707566244546,0.19598828371213525,0.0022522522522522522,0.4827586206896552,nan,5771,1022
2025,2023,True,ND,89364,Sanford Health Plan,,,135,86,,,420859,16963,20447,8488,437822.0,28935.0,0.06608850171987703,0.048583967552078014,0.004665629860031105,0.6370370370370371,,9313,326
2025,2023,True,NE,20305,Medica Insurance Company,,,903,406,16,,1463354,48870,258233,38378,1512224.0,296611.0,0.19614223818693527,0.17646652826315437,0.003044391475703868,0.4496124031007752,,139913,9798
2025,2023,True,NE,26289,"Nebraska Total Care, Inc.",,,552,267,12,,1472850,101892,180442,24760,1574742.0,205202.0,0.13030832987244895,0.12251213633431782,0.0026900322608941433,0.483695652173913,,88531,636
2025,2023,True,NE,29678,Blue Cross and Blue Shield of Nebraska,,,802,193,13,,520183,23088,87307,22918,543271.0,110225.0,0.2028913746546383,0.1678390105020733,0.0072760263098208214,0.24064837905236908,,17315,1014
2025,2023,True,NE,57424,Oscar Insurance Company,,,801,464,,,23767,1230,4349,1009,24997.0,5358.0,0.21434572148657838,0.18298481087221777,0.14949608062709965,0.5792759051186017,,861,27
2025,2023,True,NE,73102,UnitedHealthcare Insurance Company,,,,,,,,,,,,,,,,,,,
2025,2023,True,NH,13219,"Boston Medical Center Health Plan, Inc.",,,,,,,,,,,,,,,,,,,
2025,2023,True,NH,59025,Harvard Pilgrim Health Care of NE,,,43,23,,0,110436,309,28102,255,110745.0,28357.0,0.2560567068490677,0.2544641240175305,0.0015163804351659201,0.5348837209302325,,2219,29
2025,2023,True,NH,75841,Celtic Insurance Company,,,424,304,0,0,724455,30886,87720,9542,755341.0,97262.0,0.12876568331389399,0.12108412530799015,0.004359359256441365,0.7169811320754716,nan,50143,323
2025,2023,True,NH,96751,Matthew Thornton Hlth Plan(Anthem BCBS),,,244,89,0,0,1899917,56515,377477,36565,1956432.0,414042.0,0.2116311734831571,0.1986807844763745,0.0005893121953811449,0.36475409836065575,nan,245988,15348
2025,2023,True,OH,28162,AultCare Insurance Company,,,74,32,,,263962,17977,51849,5550,281939.0,57399.0,0.20358659142580487,0.19642600071222374,0.001289221066569104,0.43243243243243246,,173149,19941
2025,2023,True,OH,29276,Community Insurance Company(Anthem BCBS),,,793,259,,,3309316,248466,731789,164768,3557782.0,896557.0,0.2519988577152844,0.22112998577349519,0.0008844947950883212,0.3266078184110971,,454382,30394
2025,2023,True,OH,29341,Oscar Buckeye State Insurance Corp.,,,1745,777,34,,130353,19534,24643,9503,149887.0,34146.0,0.2278116180856245,0.18904819988799645,0.05110408246939612,0.44527220630372494,,1753,510
2025,2023,True,OH,31981,Antidote Health Plan of Ohio,,,,,,,,,,,,,,,,,,,
2025,2023,True,OH,33931,"UnitedHealthcare of Ohio, Inc.",,,342,161,,,345239,103121,125776,69116,448360.0,194892.0,0.43467749130163263,0.3643157348966948,0.0017548180530755496,0.47076023391812866,,48967,9073
2025,2023,True,OH,41047,Buckeye Community Health Plan,,,604,391,,,2964447,283165,427746,81292,3247612.0,509038.0,0.15674224630282188,0.14429200454587315,0.0011865518880712245,0.6473509933774835,,205435,2760
2025,2023,True,OH,45845,Oscar Insurance Corporation of Ohio,,,1758,788,42,,152068,6136,14491,3808,158204.0,18299.0,0.11566711334732371,0.09529289528368888,0.09607082354227008,0.4482366325369738,,8844,169
2025,2023,True,OH,52664,"Summa Insurance Company, Inc.",,,244,168,,,231936,16567,57441,10856,248503.0,68297.0,0.2748337042208746,0.2476588369205298,0.003572631301521297,0.6885245901639344,,3997,3997
2025,2023,True,OH,64353,"Molina Healthcare of Ohio, Inc.",,,516,153,,,1220402,97895,294198,41889,1318297.0,336087.0,0.2549402752187102,0.24106646826209724,0.0015353167483419471,0.29651162790697677,,183616,12051
2025,2023,True,OH,74313,Paramount Insurance Company,,,29,21,0,0,143428,7634,22062,3611,151062.0,25673.0,0.16995008671936027,0.1538193379256491,0.0011295913995247927,0.7241379310344828,nan,9448,1308
2025,2023,True,OH,77552,"CareSource Ohio, Inc.",,,257,111,59,23,2082858,194848,445243,129875,2277706.0,575118.0,0.25249878605930703,0.2137654127165654,0.000446864817307057,0.43190661478599224,0.3898305084745763,253605,22130
2025,2023,True,OH,84867,Aetna Health Inc. (a PA corp.),,,,,,,,,,,,,,,,,,,
2025,2023,True,OH,99969,Medical Health Insuring Corp. of Ohio,,,1017,541,22,,1725912,82156,227431,73123,1808068.0,300554.0,0.1662293674795417,0.131774389424258,0.0033837513391936224,0.5319567354965585,,223291,6829
2025,2023,True,OK,21333,Medica Insurance Company,,,130,66,,,359100,45931,85961,22780,405031.0,108741.0,0.26847574630090043,0.23937900306321358,0.001195501236883972,0.5076923076923077,,40031,8775
2025,2023,True,OK,45480,"UnitedHealthcare of Oklahoma, Inc.",,,166,47,0,0,136956,43352,44938,27809,180308.0,72747.0,0.40345963573441,0.32811998013960686,0.002281881039767963,0.28313253012048195,nan,22517,3931
2025,2023,True,OK,58944,"Taro Health Plan of Oklahoma, Inc.",,,,,,,,,,,,,,,,,,,
2025,2023,True,OK,62505,Celtic Insurance Company,,,279,97,,0,803944,245712,170942,34432,1049656.0,205374.0,0.1956583871287355,0.2126292378573632,0.0013584971807531626,0.34767025089605735,,71014,1352
2025,2023,True,OK,87571,Blue Cross Blue Shield of Oklahoma,,,1581,376,59,22,8359015,531826,1960087,184436,8890841.0,2144523.0,0.24120586567682406,0.23448779551179175,0.0007372268798236251,0.23782416192283365,0.3728813559322034,90314,17266
2025,2023,True,OK,91908,Oscar Insurance Company,,,1974,776,11,,238001,78489,51193,22549,316490.0,73742.0,0.23299946285822618,0.2150957348918702,0.0267690054514388,0.39311043566362713,,2173,1858
2025,2023,True,OK,98905,CommunityCare HMO Inc.,,,142,69,0,0,164431,9055,16854,2661,173486.0,19515.0,0.11248746296531133,0.1024989205198533,0.007276454009736101,0.4859154929577465,nan,1432,99
2025,2023,True,OR,10091,PacificSource Health Plans,,,4055,946,,0,452760,7239,9756,2309,459999.0,12065.0,0.02622831788764758,0.021547839915186853,0.3360961458765023,0.23329223181257708,,1848,96
2025,2023,True,OR,39424,"Moda Health Plan, Inc.",,,149,48,15,,954353,43464,143470,22853,997817.0,166323.0,0.16668687745348096,0.15033221459983884,0.0008958472370026995,0.3221476510067114,,54925,1282
2025,2023,True,OR,56707,Providence Health Plan,,,513,391,,,502058,42474,19130,24351,544532.0,43481.0,0.07985022000543586,0.03810316736313334,0.01179825670982728,0.7621832358674464,,15121,1887
2025,2023,True,OR,63474,BridgeSpan Health Company,,,,,0,0,9708,244,866,199,9952.0,1065.0,0.10701366559485531,0.08920477956324681,,,nan,0,
2025,2023,True,OR,71287,Kaiser Foundation Healthplan of the NW,,,51,22,0,0,10670,2562,779,438,13232.0,1217.0,0.09197400241837969,0.07300843486410497,0.0419063270336894,0.43137254901960786,nan,62,20
2025,2023,True,OR,77969,Regence BlueCross BlueShield of Oregon,,,616,88,47,,389009,21092,36721,16632,410101.0,53353.0,0.1300972199531335,0.09439627360806563,0.011545742507450378,0.14285714285714285,,,288
2025,2023,True,SC,26065,Blue Cross and Blue Shield of South Carolina,,,3022,1231,302,107,11459827,282455,2183048,276191,11742282.0,2459239.0,0.20943450344660433,0.19049572039787338,0.0012288354242918236,0.4073461283917935,0.3543046357615894,221320,9625
2025,2023,True,SC,33764,"UnitedHealthcare of South Carolina, Inc.",,,,,,,,,,,,,,,,,,,
2025,2023,True,SC,33863,InStil Health Insurance Company,,,,,,,,,,,,,,,,,,,
2025,2023,True,SC,42326,"MOLINA HEALTHCARE OF SOUTH CAROLINA, INC",,,331,151,,,869323,61349,217809,23078,930672.0,240887.0,0.258831253116028,0.2505501407417036,0.001374088265452266,0.4561933534743202,,137569,5957
2025,2023,True,SC,73107,Select Health of South Carolina,,,,,0,0,61346,14395,26256,8199,75741.0,34455.0,0.4549055333306928,0.4279985655136439,,,nan,15496,1458
2025,2023,True,SC,79222,"Absolute Total Care, Inc",,,755,380,,,4035452,537978,594074,99449,4573430.0,693523.0,0.15164176558950285,0.14721374458177175,0.001088644500614976,0.5033112582781457,,262923,2943
2025,2023,True,SD,31195,Sanford Health Plan,,,258,169,,,621978,29414,31344,11168,651392.0,42512.0,0.06526331302809982,0.05039406538494931,0.006068874670681219,0.6550387596899225,,14346,416
2025,2023,True,SD,50305,Wellmark of South Dakota,,,42,20,,0,291888,9603,45145,5082,301491.0,50227.0,0.16659535442185672,0.15466548813243436,0.0008362036354948533,0.47619047619047616,,14862,232
2025,2023,True,SD,60536,"Avera Health Plans, Inc.",,,223,122,,0,433953,5894,6325,4240,439847.0,10565.0,0.02401971594668146,0.01457531115120762,0.021107430194036915,0.547085201793722,,114,39
2025,2023,True,TN,14002,BlueCross BlueShield of Tennessee,,,463,154,,0,4493833,714910,939798,465429,5208743.0,1405227.0,0.26978236399837735,0.20913060187149812,0.0003294841331685201,0.3326133909287257,,172362,54830
2025,2023,True,TN,23552,Oscar Insurance Company,,,1776,911,12,,107782,11033,23249,8280,118815.0,31529.0,0.2653621175777469,0.21570392087732645,0.05632909385010625,0.5129504504504504,,2222,312
2025,2023,True,TN,29854,"Alliant Health Plans, Inc.",,,,,,,,,,,,,,,,,,,
2025,2023,True,TN,69443,UnitedHealthcare Insurance Company,,,1109,423,,0,1096200,150528,333027,102716,1246728.0,435743.0,0.3495092754794951,0.30380131362889984,0.0025450781768152327,0.3814247069431921,,139158,18887
2025,2023,True,TN,70111,Celtic Insurance Company,,,1746,810,,,5341073,1084829,817958,210474,6425902.0,1028432.0,0.1600447688122228,0.15314488306001434,0.0016977301367518708,0.4639175257731959,,357822,6969
2025,2023,True,TN,99248,Cigna Health and Life Insurance Company,,,806,342,,,4427893,160624,829096,135420,4588517.0,964516.0,0.21020211976985156,0.18724391036549437,0.0008356522857059914,0.42431761786600497,,193551,7856
2025,2023,True,TX,11718,"Community Health Choice Texas, Inc.",,,,,,,,,,,,,,,,,,,
2025,2023,True,TX,17933,"Moda Health Plan, Inc.",,,26,20,0,0,93409,17699,23838,8518,111108.0,32356.0,0.2912121539403103,0.2552002483700714,0.0008035603906539745,0.7692307692307693,nan,7246,832
2025,2023,True,TX,20069,Oscar Insurance Company,,,23598,12338,87,24,1845992,288306,337877,141585,2134298.0,479462.0,0.22464623028274402,0.1830327542047853,0.04921766479929588,0.5228409187219256,0.27586206896551724,41452,8571
2025,2023,True,TX,27248,"Community Health Choice, Inc.",,,1223,291,21,14,6915555,817983,1238096,310676,7733538.0,1548772.0,0.20026694121112484,0.17903060564191883,0.0007896578708809302,0.23793949304987735,0.6666666666666666,1072877,30380
2025,2023,True,TX,29418,Celtic Insurance Company,,,3183,1861,109,65,17855127,2050341,2094669,327537,19905468.0,2422206.0,0.1216854584880898,0.11731470742269154,0.0013140913696027506,0.5846685516808042,0.5963302752293578,1098930,20480
2025,2023,True,TX,33602,Blue Cross Blue Shield of Texas,,,10968,6208,134,35,39937122,1431847,9593132,398979,41368969.0,9992111.0,0.2415363795989211,0.2402058916513814,0.0010976659486669033,0.5660102115244348,0.26119402985074625,342598,30583
2025,2023,True,TX,34826,"Imperial Insurance Companies, Inc.",,,0,0,0,0,38,15,0,0,53.0,0.0,0.0,0.0,nan,nan,nan,,0
2025,2023,True,TX,40220,"UnitedHealthcare of Texas, Inc.",,,4765,1651,26,,4410706,1340598,1371536,833698,5751304.0,2205234.0,0.3834320008123375,0.31095611450865235,0.0021607684263892177,0.3464847848898216,,771139,164969
2025,2023,True,TX,40788,Scott and White Health Plan,,,1095,710,29,20,5211245,812527,993379,154637,6023772.0,1148016.0,0.19058091840129407,0.19062220256387868,0.0009538194589622445,0.6484018264840182,0.6896551724137931,923669,344052
2025,2023,True,TX,45786,"Molina Healthcare of Texas, Inc.",,,3607,1314,39,14,1357022,94555,368184,39660,1451577.0,407844.0,0.28096614922942426,0.27131763523362185,0.008844067829856514,0.36429165511505407,0.358974358974359,230557,9230
2025,2023,True,TX,47501,Wellpoint Insurance Company,,,,,,,,,,,,,,,,,,,
2025,2023,True,TX,58840,Aetna Health Inc.  (a TX corp.),,,1811,386,71,14,8083776,1077549,2209984,472069,9161325.0,2682053.0,0.2927581981863977,0.2733851111163892,0.0006752290129986246,0.2131419105466593,0.19718309859154928,242531,19686
2025,2023,True,TX,63251,Community First Insurance Plans,,,16,,1797,714,92909,9466,23797,6284,102375.0,30081.0,0.2938315018315018,0.25613234455219624,0.0005318972108640006,,0.3973288814691152,483,1314
2025,2023,True,TX,66252,CHRISTUS Health Plan,,,596,76,0,0,788742,152736,115734,50425,941478.0,166159.0,0.1764873953507145,0.14673239158051682,0.0035869257759134324,0.12751677852348994,nan,14378,1014
2025,2023,True,TX,71837,"Sendero Health Plans, Inc.",,,12,,,,253415,345,71030,126,253760.0,71156.0,0.280406683480454,0.2802912219087268,0.0001686435437629996,,,34508,
2025,2023,True,TX,76589,"Cigna HealthCare of Texas, Inc.",,,969,572,,,6310040,357905,1396626,325084,6667945.0,1721710.0,0.2582069888098957,0.22133393766125095,0.0005628125526366229,0.5902992776057792,,233164,20868
2025,2023,True,TX,87226,Superior Health Plan,,,1253,721,23,11,6424284,3857892,983317,603360,10282176.0,1586677.0,0.154313347680491,0.15306250470869595,0.0007897007393439245,0.5754189944134078,0.4782608695652174,585059,35815
2025,2023,True,UT,18167,Molina Healthcare of Utah,,,37,27,0,0,55255,3152,15592,1993,58407.0,17585.0,0.3010769257109593,0.2821826079087865,0.0021040659653113448,0.7297297297297297,nan,9493,564
2025,2023,True,UT,22013,Regence BlueCross BlueShield of Utah,,,487,60,11,,357406,47325,49031,35255,404731.0,84286.0,0.20825190064511984,0.13718572156035433,0.0057779465154355406,0.12320328542094455,,,147
2025,2023,True,UT,34541,BridgeSpan Health Company,,,,0,,,2237,110,618,94,2347.0,712.0,0.30336599914784834,0.27626285203397405,,,,0,0
2025,2023,True,UT,38927,Aetna Health of Utah Inc.,,,,,,,,,,,,,,,,,,,
2025,2023,True,UT,42261,University of Utah Health Insurance Plans,,,448,183,,,569517,6209,107936,4955,575726.0,112891.0,0.19608459579730636,0.18952199846536627,0.003968429724247283,0.40848214285714285,,37017,272
2025,2023,True,UT,68781,"SelectHealth, Inc.",,,4440,1428,44,23,7757055,247105,1444289,131363,8004160.0,1575652.0,0.19685413584935835,0.18619037766265678,0.0028178811057263916,0.3216216216216216,0.5227272727272727,562008,29089
2025,2023,True,UT,98113,"Imperial Health Plan of the Southwest, Inc.",,,,,,,,,,,,,,,,,,,
2025,2023,True,WI,14630,Chorus Community Health Plans,,,320,154,,,209169,7922,18276,3205,217091.0,21481.0,0.0989492885471991,0.08737432411112546,0.0148968856198501,0.48125,,1619,122
2025,2023,True,WI,20173,HealthPartners Insurance Company,,,13,,,0,363667,7958,24127,823,371625.0,24950.0,0.06713757147662294,0.06634366054659895,0.0005210420841683367,,,20948,769
2025,2023,True,WI,37833,Quartz Health Benefit Plans Corporation,,,160,25,,,603804,7407,48608,4174,611211.0,52782.0,0.0863564301035158,0.08050294466416254,0.0030313364404531847,0.15625,,17774,97
2025,2023,True,WI,38166,"Security Health Plan of Wisconsin, Inc.",,,140,92,,0,1021773,46116,182583,20354,1067889.0,202937.0,0.190035668501127,0.17869233185844605,0.000689869269773378,0.6571428571428571,,39672,1835
2025,2023,True,WI,38345,Dean Health Plan,,,144,73,0,0,1097330,40351,113095,14636,1137681.0,127731.0,0.11227312401279445,0.1030638003153108,0.0011273692369119478,0.5069444444444444,nan,1210425,3520
2025,2023,True,WI,52697,"Molina Healthcare of Wisconsin, Inc.",,,127,72,,0,214084,7204,49047,4606,221288.0,53653.0,0.24245779255992192,0.22910166103024981,0.002367062419622388,0.5669291338582677,,29327,1297
2025,2023,True,WI,57845,Medica Community Health Plan,,,135,77,,0,432320,11615,60354,7472,443935.0,67826.0,0.15278362823386307,0.13960492227979274,0.001990387167163035,0.5703703703703704,,33638,2329
2025,2023,True,WI,58326,"MercyCare HMO, Inc.",,,18,12,,,212377,7290,18094,2270,219667.0,20364.0,0.09270395644316169,0.08519754964049779,0.0008839127872716559,0.6666666666666666,,47190,412
2025,2023,True,WI,79475,Compcare Health Serv Ins Co(Anthem BCBS),,,158,66,0,0,1063009,101102,81887,62444,1164111.0,144331.0,0.12398388126218204,0.07703321420608857,0.001094705919033333,0.4177215189873418,nan,168048,16132
2025,2023,True,WI,80180,"UnitedHealthcare of Wisconsin, Inc.",,,,,,,,,,,,,,,,,,,
2025,2023,True,WI,81413,Network Health Plan,,,20,,0,0,241528,7454,36552,4804,248982.0,41356.0,0.16610036066864273,0.15133649100725383,0.0004836057645807138,,nan,7453,179
2025,2023,True,WI,86584,"Aspirus Health Plan, Inc.",,,36,11,,,430766,13460,48665,6569,444226.0,55234.0,0.12433761193626668,0.11297316872733688,0.0006517724589926495,0.3055555555555556,,66331,1367
2025,2023,True,WI,87416,Common Ground Healthcare Cooperative,,,310,104,,,2954348,91286,475594,37091,3045634.0,512685.0,0.16833440919033607,0.1609810354095049,0.000604659781347221,0.33548387096774196,,284460,8760
2025,2023,True,WI,94529,Group Health Cooperative of South Central Wisconsin,,,27,,0,0,243212,5762,20516,1562,248974.0,22078.0,0.08867592600030526,0.08435439040836801,0.0012229368602228463,,nan,41841,457
2025,2023,True,WV,31274,Highmark Blue Cross Blue Shield West Virginia,,,77,19,,0,778251,19096,83283,3033,797347.0,86316.0,0.10825399731860784,0.10701303307030766,0.0008920709949487929,0.24675324675324675,,1666,429
2025,2023,True,WV,50328,CareSource West Virginia Co.,,,,0,0,0,439920,57827,105810,45871,497747.0,151681.0,0.30473513652518247,0.24052100381887617,,,nan,40157,10523
2025,2023,True,WY,11269,Blue Cross Blue Shield of Wyoming,,,536,307,,0,976451,14022,187139,5257,990473.0,192396.0,0.19424658723660312,0.19165221808365193,0.0027859207052121668,0.5727611940298507,,127768,372
2025,2023,True,WY,38576,Montana Health Cooperative,,,1095,259,,0,522287,50762,43501,18419,573049.0,61920.0,0.10805358704054976,0.08328945579729152,0.017684108527131783,0.2365296803652968,,26444,4073
2025,2023,True,WY,49714,UnitedHealthcare Insurance Company,,,,,,,,,,,,,,,,,,,
2026,2024,True,AK,38344,Premera Blue Cross Blue Shield of Alaska,,,187,89,,,777414,41736,210082,21282,819150.0,231364.0,0.28244399682597815,0.2702318198540289,0.0008082502031430992,0.47593582887700536,,82360,5613
2026,2024,True,AK,73836,"Moda Health Plan, Inc.",,,35,17,0,0,168684,35374,29231,66671,204058.0,95902.0,0.4699742230150251,0.17328851580469992,0.00036495589247356676,0.4857142857142857,nan,14089,1290
2026,2024,True,AL,17091,Oscar Insurance Company,,,,,,,,,,,,,,,,,,,
2026,2024,True,AL,46944,Blue Cross and Blue Shield of Alabama,,,5200,2608,13,0,10704172,204199,2038603,181561,10908371.0,2220164.0,0.20352846451592085,0.19044938739773615,0.002342169317221611,0.5015384615384615,0.0,869832,40988
2026,2024,True,AL,53932,Celtic Insurance Company,,,377,,,0,1644320,551207,352236,85607,2195527.0,437843.0,0.1994250127645891,0.21421377833998248,0.0008610392309572152,,,183344,2811
2026,2024,True,AL,69461,UnitedHealthcare Insurance Company,,,2741,1054,,,6010107,1396975,1073259,794119,7407082.0,1867378.0,0.2521071050651255,0.17857568925145592,0.001467833507731161,0.38453119299525723,,687930,117361
2026,2024,True,AR,13262,"HMO Partners, Inc.",,,1247,363,,0,1506621,24373,248827,8584,1530994.0,257411.0,0.1681332519918432,0.1651556695413113,0.004844392819265688,0.29109863672814756,,32070,196
2026,2024,True,AR,37903,"QualChoice Life & Health Insurance Company, Inc.",,,397,0,0,0,1680519,124177,262731,10461,1804696.0,273192.0,0.15137840389738771,0.15633920235355864,0.0014531904301736509,0.0,nan,183566,1327
2026,2024,True,AR,48772,"USAble HMO, Inc.",,,686,220,0,0,766146,8685,123118,3345,774831.0,126463.0,0.1632136556229681,0.160697830439629,0.00542451151720266,0.3206997084548105,nan,20813,42
2026,2024,True,AR,62141,Celtic Insurance Company,,,1813,0,0,0,8079882,576856,1297980,51904,8656738.0,1349884.0,0.15593448710126148,0.16064343513927554,0.001343078368215343,0.0,nan,778344,5462
2026,2024,True,AR,70525,"QCA Health Plan, Inc.",,,346,0,0,0,1593974,121950,245717,11076,1715924.0,256793.0,0.14965289838011472,0.15415370639671663,0.0013473887528086825,0.0,nan,175655,1294
2026,2024,True,AR,75293,USAble Mutual Insurance Company,,,7600,2400,35,13,4295266,19729,669702,7106,4314995.0,676808.0,0.15685023968741563,0.1559163041357625,0.011229181688159715,0.3157894736842105,0.37142857142857144,179074,36
2026,2024,True,AZ,13877,"Oscar Health Plan, Inc.",,,4434,918,152,50,292877,51923,82246,37208,344800.0,119454.0,0.34644431554524363,0.28082095896912357,0.037118890953839974,0.2070365358592693,0.32894736842105265,13850,2311
2026,2024,True,AZ,40702,"UnitedHealthcare of Arizona, Inc.",,,2607,993,33,,2715431,393847,646181,236835,3109278.0,883016.0,0.2839939046942731,0.23796627496703102,0.002952381383802785,0.380897583429229,,280840,34574
2026,2024,True,AZ,53901,"Blue Cross and Blue Shield of Arizona, Inc.",,,4769,1806,180,36,1522332,82443,233016,77924,1604775.0,310940.0,0.19375924973906,0.15306516581139987,0.015337364121695504,0.3786957433424198,0.2,183125,6117
2026,2024,True,AZ,68445,"Antidote Health Plan of Arizona, Inc.",,,,,,,,,,,,,,,,,,,
2026,2024,True,AZ,85533,"Imperial Insurance Companies, Inc.",,,,,0,0,2393,1324,793,603,3717.0,1396.0,0.3755716976055959,0.3313832010029252,,,nan,26,22
2026,2024,True,AZ,91450,"Health Net of Arizona, Inc.",,,502,14,,0,3202241,378567,596289,97626,3580808.0,693915.0,0.1937872681249595,0.18620990737424198,0.0007234315442093052,0.027888446215139442,,438869,25486
2026,2024,True,AZ,97667,"Cigna HealthCare of Arizona, Inc",,,39,22,,,139645,9833,22637,9371,149478.0,32008.0,0.21413184548896827,0.16210390633391816,0.0012184453886528368,0.5641025641025641,,4253,438
2026,2024,True,DE,64004,Celtic Insurance Company,,,,0,0,0,24728,2695,6979,882,27423.0,7861.0,0.2866571855741531,0.2822306696861857,,,nan,337,23
2026,2024,True,DE,72760,"AmeriHealth Caritas VIP Next, Inc.",,,31,14,0,0,165638,16445,46346,7506,182083.0,53852.0,0.29575523250385816,0.27980294376894194,0.000575651786377479,0.45161290322580644,nan,33608,5779
2026,2024,True,DE,76168,Highmark BCBSD Inc.,,,222,68,,,2042140,46365,387306,18805,2088505.0,406111.0,0.19445057589040965,0.18965692851616442,0.0005466485763744396,0.3063063063063063,,1013,2504
2026,2024,True,FL,13887,Community Care Network Inc,,,,,,,,,,,,,,,,,,,
2026,2024,True,FL,16842,Blue Cross and Blue Shield of Florida,,,3012,1433,170,78,22220889,1031825,4251990,248604,23252714.0,4500594.0,0.1935513420067868,0.19135103010505114,0.000669244992994258,0.4757636122177955,0.4588235294117647,1320681,112051
2026,2024,True,FL,19898,"AvMed, Inc.",,,25,,0,0,431996,37292,118089,16682,469288.0,134771.0,0.28718185847496636,0.27335669774720134,0.00018549984789012472,,nan,6700,843
2026,2024,True,FL,21525,Oscar Health Maintenance Organization of Florida,,,,,,,,,,,,,,,,,,,
2026,2024,True,FL,30252,"Health Options, Inc.",,,3129,1402,153,77,42561091,474833,10507969,83200,43035924.0,10591169.0,0.24610065302652734,0.24689143894361168,0.00029543480988736937,0.4480664749121125,0.5032679738562091,2534988,56382
2026,2024,True,FL,36194,"Health First Commercial Plans, Inc.",,,403,255,37,,2123475,158074,475722,101847,2281549.0,577569.0,0.2531477518124748,0.22402995090594427,0.000697752130048531,0.6327543424317618,,185022,32666
2026,2024,True,FL,44228,Simply Healthcare Plans Inc dba Wellpoint Florida Inc,,,,,,,,,,,,,,,,,,,
2026,2024,True,FL,48121,Cigna Health and Life Insurance Company,,,1210,389,15,,4620013,157117,926080,134858,4777130.0,1060938.0,0.22208690154967523,0.20044965241439797,0.0011405001988806132,0.32148760330578513,,161971,5594
2026,2024,True,FL,49004,Centene Venture Company Florida,,,,,,,,,,,,,,,,,,,
2026,2024,True,FL,54172,"Molina Healthcare of Florida, Inc",,,82,19,0,0,1447710,161927,341296,72623,1609637.0,413919.0,0.25715052524264786,0.23574887235703282,0.0001981063927966583,0.23170731707317074,nan,237745,20605
2026,2024,True,FL,56503,"Florida Health Care Plan, Inc.",,,1024,281,36,19,3536806,90389,602771,68552,3627195.0,671323.0,0.18508048230106183,0.17042806419125053,0.001525346219331082,0.2744140625,0.5277777777777778,67381,201
2026,2024,True,FL,66966,Capital Health Plan,,,257,87,,,540104,19667,35255,4356,559771.0,39611.0,0.07076286552893951,0.06527446565846577,0.006488096740804322,0.33852140077821014,,17487,978
2026,2024,True,FL,67926,"AmeriHealth Caritas Florida, Inc.",,,,,0,0,79451,12571,20441,7584,92022.0,28025.0,0.30454673882332484,0.25727807076059456,,,nan,13607,4788
2026,2024,True,FL,68398,"UnitedHealthcare of Florida, Inc.",,,3373,882,18,,3564380,1012085,719832,473962,4576465.0,1193794.0,0.2608550486019231,0.20195153154265258,0.002825445596141378,0.2614882893566558,,422214,79970
2026,2024,True,FL,79850,"Cigna HealthCare of Florida, Inc.",,,,,,,,,,,,,,,,,,,
2026,2024,True,FL,86382,Sunshine State Health Plan,,,437,,,0,1271365,476090,256694,87510,1747455.0,344204.0,0.19697445713909656,0.20190425251599659,0.0012695959372930007,,,5199,1194
2026,2024,True,HI,18350,Hawaii Medical Service Association,,,104,52,0,0,723658,3861,198069,883,727519.0,198952.0,0.27346639744116646,0.27370525856136463,0.0005227391531625719,0.5,nan,15825,16
2026,2024,True,HI,60612,"Kaiser Foundation Health Plan, Inc.",,,33,16,0,0,11489,1650,584,371,13139.0,955.0,0.07268437476215846,0.05083122987205153,0.03455497382198953,0.48484848484848486,nan,82,11
2026,2024,True,IA,25896,"Wellmark Health Plan of Iowa, Inc.",,,674,221,,,3945784,140278,704036,108660,4086062.0,812696.0,0.19889468148060407,0.17842740504802088,0.0008293383995983738,0.327893175074184,,184653,9183
2026,2024,True,IA,45819,Oscar Insurance Company,,,7284,2167,144,40,467434,187918,117430,107872,655352.0,225302.0,0.34378776596394,0.25122263249998933,0.032329939370267465,0.2975013728720483,0.2777777777777778,26987,6107
2026,2024,True,IA,48286,"Iowa Total Care, Inc.",,,,,,,,,,,,,,,,,,,
2026,2024,True,IA,56610,"UnitedHealthcare Plan of the River Valley, Inc.",,,,,,,,,,,,,,,,,,,
2026,2024,True,IA,74980,"Avera Health Plans, Inc.",,,,,,,,,,,,,,,,,,,
2026,2024,True,IA,93078,Medica Insurance Company,,,195,98,,,420450,41057,89569,37883,461507.0,127452.0,0.2761648252355869,0.21303127601379473,0.0015299877600979193,0.5025641025641026,,47257,10017
2026,2024,True,IN,17575,Anthem Ins Companies Inc(Anthem BCBS),,,1174,359,,0,2552004,1001953,267110,540076,3553957.0,807186.0,0.227123175660257,0.10466676384519774,0.001454435532826387,0.30579216354344124,,128899,112585
2026,2024,True,IN,35065,Coordinated Care Corporation Indiana,,,,,,,,,,,,,,,,,,,
2026,2024,True,IN,54192,"CareSource Indiana, Inc.",,,5621,935,436,111,3524662,221570,638511,161542,3746232.0,800053.0,0.21356205381834334,0.1811552426871002,0.0070257845417741075,0.16634050880626222,0.2545871559633027,345100,29802
2026,2024,True,IN,72850,UnitedHealthcare Insurance Company,,,,,,,,,,,,,,,,,,,
2026,2024,True,IN,94419,Cigna Health and Life Insurance Company,,,67,33,,0,384617,44826,75221,42338,429443.0,117559.0,0.27374762191955626,0.19557377859012992,0.0005699265900526544,0.4925373134328358,,12241,865
2026,2024,True,KS,18558,"Blue Cross and Blue Shield of Kansas, Inc.",,,174,96,12,,1042704,58174,134229,37482,1100878.0,171711.0,0.15597641155514053,0.12873164387975877,0.0010133305379387459,0.5517241379310345,,17057,5031
2026,2024,True,KS,34368,Celtic Insurance Company,,,1121,20,17,0,3865491,337936,734165,65340,4203427.0,799505.0,0.19020313663113456,0.18992800655854586,0.0014021175602403988,0.01784121320249777,0.0,497637,6359
2026,2024,True,KS,39520,Medica Insurance Company,,,27,12,,,56889,3416,14017,2987,60305.0,17004.0,0.2819666694303955,0.24639209689043576,0.001587861679604799,0.4444444444444444,,5073,711
2026,2024,True,KS,43490,Oscar Insurance Company,,,4096,1440,80,15,296092,84629,77239,46238,380721.0,123477.0,0.3243241113571355,0.2608614889966632,0.03317216971581752,0.3515625,0.1875,16794,3343
2026,2024,True,KS,94248,Blue Cross and Blue Shield of Kansas City,,,44,17,0,0,102463,2334,20939,1923,104797.0,22862.0,0.2181550998597288,0.2043566946117135,0.0019245910244073134,0.38636363636363635,nan,7936,350
2026,2024,True,KS,94968,UnitedHealthcare Insurance Company,,,915,288,,0,935058,210209,167716,130303,1145267.0,298019.0,0.26021792298215174,0.17936427472948202,0.0030702740429301486,0.31475409836065577,,118329,34376
2026,2024,True,LA,19636,"HMO Louisiana, Inc.",,,1813,602,247,56,5472870,556952,993016,9504,6029822.0,1002520.0,0.16626029756765623,0.1814433743173143,0.0018084427243346766,0.33204633204633205,0.22672064777327935,2272,624
2026,2024,True,LA,38246,"AmeriHealth Caritas Louisiana, Inc.",,,,,,,,,,,,,,,,,,,
2026,2024,True,LA,69842,UnitedHealthcare Insurance Company,,,521,182,,,1031551,521755,248739,301175,1553306.0,549914.0,0.3540281180913484,0.24113107350000146,0.0009474208694450405,0.3493282149712092,,109602,25412
2026,2024,True,LA,90787,"Ambetter Health of Louisiana, Inc.",,,289,,,0,1704183,406869,326106,111146,2111052.0,437252.0,0.20712516792575456,0.1913562099844911,0.0006609460905839195,,,7378,1825
2026,2024,True,LA,97176,Louisiana Health Service & Indemnity Company,,,364,117,41,,992770,80498,147920,8666,1073268.0,156586.0,0.14589645829373465,0.1489972501183557,0.0023246011776276295,0.32142857142857145,,314,226
2026,2024,True,LA,98780,CHRISTUS Health Plan Louisiana,,,1566,641,0,0,154775,84097,22585,44261,238872.0,66846.0,0.27984024917110417,0.14592149895008885,0.02342698141998025,0.40932311621966794,nan,3312,3253
2026,2024,True,MI,15560,Blue Cross Blue Shield of Michigan Mutual Insurance Company,,,203,95,78,,1807844,434890,236257,74902,2242734.0,311159.0,0.13874092959753587,0.1306843953349957,0.0006523995770651018,0.46798029556650245,,110220,6489
2026,2024,True,MI,29698,Priority Health,,,130,28,,0,4106893,113292,324164,44180,4220185.0,368344.0,0.08728148173599025,0.0789316887486477,0.0003529309558456226,0.2153846153846154,,141732,12661
2026,2024,True,MI,40356,HAP CareSource,,,,,,,,,,,,,,,,,,,
2026,2024,True,MI,58594,"Meridian Health Plan of Michigan, Inc.",,,844,,,0,3404769,788871,941541,117882,4193640.0,1059423.0,0.25262611955246517,0.27653594120482183,0.0007966600687355287,,,366059,5725
2026,2024,True,MI,71667,"UnitedHealthcare Community Plan, Inc.",,,671,159,0,0,780202,330437,204912,190513,1110639.0,395425.0,0.35603377875259196,0.26263967536612315,0.0016969083897072769,0.23695976154992549,nan,103245,27624
2026,2024,True,MI,74917,McLaren Health Plan Community,,,17,15,0,0,100136,8797,19916,7988,108933.0,27904.0,0.25615745458217437,0.19888951026603818,0.0006092316513761468,0.8823529411764706,nan,2029,139
2026,2024,True,MI,77739,Oscar Insurance Company,,,596,183,46,11,54216,9741,14778,5953,63957.0,20731.0,0.3241396563315978,0.27257636122177953,0.02874921614972746,0.3070469798657718,0.2391304347826087,2546,525
2026,2024,True,MI,98185,Blue Care Network of Michigan,,,210,180,65,,3398397,125642,630298,96908,3524039.0,727206.0,0.2063558320438565,0.18546920798246938,0.00028877649524343857,0.8571428571428571,,302329,4105
2026,2024,True,MO,32753,Healthy Alliance Life Co(Anthem BCBS),,,270,98,0,0,3941746,307614,295802,131639,4249360.0,427441.0,0.10058950053655139,0.07504339447544311,0.000631666124681535,0.362962962962963,nan,228345,33039
2026,2024,True,MO,34762,Blue Cross and Blue Shield of Kansas City,,,91,30,0,0,152989,3260,31697,2865,156249.0,34562.0,0.22119821566858028,0.2071848302819157,0.0026329494820901567,0.32967032967032966,nan,14734,596
2026,2024,True,MO,47840,Medica Central Insurance Company,,,20,,0,0,62815,1388,13403,1129,64203.0,14532.0,0.22634456333816177,0.21337260208548914,0.0013762730525736307,,nan,14790,393
2026,2024,True,MO,53461,Medica Insurance Company,,,208,100,0,0,406622,15692,95180,12444,422314.0,107624.0,0.25484355242781437,0.23407489019285724,0.0019326544265219653,0.4807692307692308,nan,39580,3028
2026,2024,True,MO,69512,Oscar Insurance Company,,,5920,1884,53,13,544633,123605,133294,56006,668238.0,189300.0,0.2832823036103903,0.24474095400021667,0.03127311146328579,0.31824324324324327,0.24528301886792453,30077,9712
2026,2024,True,MO,95426,UnitedHealthcare Insurance Company,,,1119,386,,0,1070569,388139,203531,244949,1458708.0,448480.0,0.3074501545203015,0.19011478942506274,0.0024950945415626114,0.3449508489722967,,138799,32677
2026,2024,True,MO,96384,Cox Health Systems Insurance Company,,,24,11,0,0,99299,3676,14549,3672,102975.0,18221.0,0.17694586064578782,0.14651708476419703,0.0013171615169310137,0.4583333333333333,nan,1140,11
2026,2024,True,MO,99723,Celtic Insurance Company,,,,0,0,0,5919313,590539,1113385,137813,6509852.0,1251198.0,0.19220068290339012,0.18809361829658272,,,nan,760709,7081
2026,2024,True,MS,20635,"Oscar Health Plan, Inc.",,,,,,,,,,,,,,,,,,,
2026,2024,True,MS,56766,Cigna Health and Life Insurance Company,,,257,125,,,2495922,113128,691183,103807,2609050.0,794990.0,0.30470477760104253,0.27692491992938884,0.00032327450659756725,0.48638132295719844,,88385,3654
2026,2024,True,MS,79975,"Molina Healthcare of Mississippi, Inc",,,87,54,0,0,687896,69473,142847,31219,757369.0,174066.0,0.22982984516134145,0.2076578436275251,0.0004998104167384785,0.6206896551724138,nan,103795,9355
2026,2024,True,MS,90714,Ambetter of Magnolia Inc.,,,1147,0,0,0,11374142,852494,1824195,196741,12226636.0,2020936.0,0.1652896185017694,0.16038088851009596,0.0005675587945387681,0.0,nan,1280186,40470
2026,2024,True,MS,97560,"UnitedHealthcare of Mississippi, Inc.",,,196,61,0,0,314752,50616,67514,30602,365368.0,98116.0,0.2685402115127762,0.21449903416022773,0.001997635451914061,0.3112244897959184,nan,33820,2745
2026,2024,True,MT,23603,PacificSource Health Plans,,,39,,,0,41,316,,49,357.0,49.0,0.13725490196078433,,0.7959183673469388,,,0,
2026,2024,True,MT,30751,Blue Cross and Blue Shield of Montana,,,336,104,16,,1143888,80885,142689,18878,1224773.0,161567.0,0.13191587339041602,0.12474035919600521,0.0020796325982409773,0.30952380952380953,,43421,2083
2026,2024,True,MT,32225,Montana Health Cooperative,,,1163,279,16,,868851,59430,91410,22338,928281.0,113748.0,0.12253617169800955,0.10520791251894744,0.010224355593065372,0.23989681857265693,,77741,7684
2026,2024,True,NC,11512,Blue Cross and Blue Shield of NC,,,2160,779,88,44,16183703,776255,3116071,101642,16959958.0,3217713.0,0.18972411370358347,0.1925437583722341,0.0006712842319995599,0.36064814814814816,0.5,1417157,16988
2026,2024,True,NC,13591,CareSource North Carolina Co.,,,728,95,,0,158212,49496,44782,32072,207708.0,76854.0,0.3700098214801548,0.28305059034712915,0.009472506310666979,0.1304945054945055,,22787,3984
2026,2024,True,NC,17414,"AmeriHealth Caritas North Carolina, Inc.",,,74,47,0,0,387771,68313,109227,30381,456084.0,139608.0,0.30610150761701793,0.28167913536597633,0.0005300555842072087,0.6351351351351351,nan,75026,30039
2026,2024,True,NC,54332,"UnitedHealthcare of North Carolina, Inc",,,1407,526,,,1601659,261882,339054,176928,1863541.0,515982.0,0.27688255852701926,0.21168925470402877,0.0027268393083479656,0.3738450604122246,,198225,16008
2026,2024,True,NC,69803,"Oscar Health Plan of North Carolina, Inc",,,875,320,34,12,81081,26311,17549,15993,107392.0,33542.0,0.312332389749702,0.21643788310454978,0.026086697275058135,0.3657142857142857,0.35294117647058826,5977,675
2026,2024,True,NC,73943,"Cigna HealthCare of North Carolina, Inc.",,,150,39,,,1009831,69246,162599,64396,1079077.0,226995.0,0.21036033573137042,0.16101605120064644,0.0006608075067732769,0.26,,37765,2466
2026,2024,True,NC,77264,Ambetter of North Carolina Inc.,,,1238,,,0,4295438,850630,924286,158416,5146068.0,1082702.0,0.21039403288102684,0.2151785219574814,0.0011434355898483608,,,520332,12770
2026,2024,True,ND,37160,Blue Cross Blue Shield of North Dakota,,,177,79,0,0,717367,7251,96964,12362,724618.0,109326.0,0.15087397773723535,0.13516651867175378,0.0016190110312277043,0.4463276836158192,nan,9356,121
2026,2024,True,ND,73751,Medica Health Plans,,,40,15,0,0,72125,2662,15098,2463,74787.0,17561.0,0.23481353711206493,0.20933102253032929,0.0022777746142019248,0.375,nan,7183,705
2026,2024,True,ND,89364,Sanford Health Plan,,,147,96,,,642746,20854,28533,10773,663600.0,39306.0,0.05923146473779385,0.044392341609282675,0.0037398870401465427,0.6530612244897959,,15923,458
2026,2024,True,NE,13484,Celtic Insurance Company,,,,,,,,,,,,,,,,,,,
2026,2024,True,NE,20305,Medica Insurance Company,,,720,355,11,,1322366,45007,281819,37200,1367373.0,319019.0,0.23330795620507352,0.21311724590620146,0.0022569188669013442,0.4930555555555556,,144473,9973
2026,2024,True,NE,29678,Blue Cross and Blue Shield of Nebraska,,,870,198,17,,590006,18822,91925,18718,608828.0,110643.0,0.18173112931731128,0.15580350030338674,0.007863127355548928,0.22758620689655173,,22458,508
2026,2024,True,NE,57424,Oscar Insurance Company,,,950,437,16,,46889,2288,10186,2044,49177.0,12230.0,0.24869349492649004,0.21723645204632216,0.0776778413736713,0.46,,2732,119
2026,2024,True,NE,73102,UnitedHealthcare Insurance Company,,,,,,,,,,,,,,,,,,,
2026,2024,True,NH,13219,"Boston Medical Center Health Plan, Inc.",,,,,,,,,,,,,,,,,,,
2026,2024,True,NH,59025,Harvard Pilgrim Health Care of NE,,,84,28,0,0,117211,39,33754,39,117250.0,33793.0,0.28821321961620466,0.28797638446903445,0.002485721895067026,0.3333333333333333,nan,1094,
2026,2024,True,NH,75841,Celtic Insurance Company,,,31,18,,,759938,30063,133926,8997,790001.0,142923.0,0.18091496086713815,0.17623279793877922,0.00021690000909580683,0.5806451612903226,,7064,337
2026,2024,True,NH,96751,Matthew Thornton Hlth Plan(Anthem BCBS),,,396,166,0,0,2199992,47282,153654,25338,2247274.0,178992.0,0.0796484985809474,0.06984298124720453,0.0022123893805309734,0.41919191919191917,nan,111543,3938
2026,2024,True,OH,29276,Community Insurance Company(Anthem BCBS),,,841,225,,0,3535080,306758,294314,195583,3841838.0,489897.0,0.12751630860020646,0.08325525872116048,0.001716687385307524,0.267538644470868,,203230,30164
2026,2024,True,OH,29341,Oscar Buckeye State Insurance Corp.,,,18709,4700,394,101,1276642,633889,337922,356571,1910531.0,694493.0,0.363507841537248,0.26469597584914173,0.02693907641977673,0.2512159923031696,0.2563451776649746,72925,17367
2026,2024,True,OH,31981,Antidote Health Plan of Ohio,,,,,,,,,,,,,,,,,,,
2026,2024,True,OH,33931,"UnitedHealthcare of Ohio, Inc.",,,944,330,21,,895840,339753,208089,201832,1235593.0,409921.0,0.33176053927142674,0.2322836667262011,0.00230288275057877,0.3495762711864407,,119234,35357
2026,2024,True,OH,41047,Buckeye Community Health Plan,,,333,198,,,3673782,407347,714834,105758,4081129.0,820592.0,0.20106985101426592,0.1945771414852596,0.00040580458985707877,0.5945945945945946,,423584,3784
2026,2024,True,OH,45845,Oscar Insurance Corporation of Ohio,,,8186,2789,255,67,610423,28712,121739,19484,639135.0,141223.0,0.22095957817988374,0.1994338352257369,0.05796506234820107,0.34070364036159295,0.2627450980392157,46603,1169
2026,2024,True,OH,52664,"Summa Insurance Company, Inc.",,,319,245,,,197767,17856,51591,10848,215623.0,62439.0,0.28957485982478676,0.26086758660443854,0.005108986370697801,0.768025078369906,,5604,5604
2026,2024,True,OH,64353,"Molina Healthcare of Ohio, Inc.",,,216,108,,,1975213,223180,428806,92942,2198393.0,521748.0,0.2373315417216121,0.2170935488982707,0.00041399296211964395,0.5,,309082,27281
2026,2024,True,OH,74313,Paramount Insurance Company,,,30,22,0,0,110549,4564,15746,2382,115113.0,18128.0,0.1574800413506728,0.14243457652262798,0.0016548984995586938,0.7333333333333333,nan,6848,530
2026,2024,True,OH,77552,"CareSource Ohio, Inc.",,,5001,952,263,47,2814185,271798,562546,160547,3085983.0,723093.0,0.23431528948798486,0.19989659528424747,0.006916122822375545,0.1903619276144771,0.17870722433460076,318163,42980
2026,2024,True,OH,99969,Medical Health Insuring Corp. of Ohio,,,657,421,21,,1320144,39919,198720,38093,1360063.0,236813.0,0.17411914006924678,0.1505290331963786,0.0027743409356749842,0.6407914764079148,,352894,12612
2026,2024,True,OK,21333,Medica Insurance Company,,,144,92,0,0,398541,47354,103679,25606,445895.0,129285.0,0.28994494219491135,0.2601463839354044,0.001113818308388444,0.6388888888888888,nan,42108,6712
2026,2024,True,OK,45480,"UnitedHealthcare of Oklahoma, Inc.",,,218,43,0,0,260548,118378,59525,68213,378926.0,127738.0,0.3371053978877142,0.22846078265808986,0.0017066182341981242,0.19724770642201836,nan,31092,10025
2026,2024,True,OK,58944,"Taro Health Plan of Oklahoma, Inc.",,,0,0,0,0,7564,206,642,199,7770.0,841.0,0.10823680823680824,0.08487572712850344,0.0,nan,nan,0,0
2026,2024,True,OK,62505,Celtic Insurance Company,,,446,,,0,1824797,488729,438378,59946,2313526.0,498324.0,0.21539589354085495,0.2402338451893553,0.000895000040134531,,,189336,3616
2026,2024,True,OK,87571,Blue Cross Blue Shield of Oklahoma,,,4404,1305,50,22,8439891,856070,1385537,280000,9295961.0,1665537.0,0.1791678127737412,0.16416527180268087,0.0026441922334958633,0.2963215258855586,0.44,161891,24407
2026,2024,True,OK,91908,Oscar Insurance Company,,,4223,1159,83,36,259248,115044,60135,35552,374292.0,95687.0,0.2556479967511996,0.23195935937789297,0.04413347685683531,0.27444944352356143,0.43373493975903615,15841,5018
2026,2024,True,OK,98905,CommunityCare HMO Inc.,,,204,103,,,435151,22878,74500,8360,458029.0,82860.0,0.1809055758478175,0.17120493805598516,0.0024619840695148444,0.5049019607843137,,6905,389
2026,2024,True,OR,10091,PacificSource Health Plans,,,136,12,,0,3771,1208,658,338,4979.0,996.0,0.20004016870857602,0.17448952532484752,0.13654618473895583,0.08823529411764706,,53,19
2026,2024,True,OR,39424,"Moda Health Plan, Inc.",,,173,67,,,1102738,20682,157741,18615,1123420.0,176356.0,0.1569813604885083,0.14304485743667128,0.0009809703100546621,0.3872832369942196,,77578,395
2026,2024,True,OR,56707,Providence Health Plan,,,301,217,,,410010,33982,16582,20246,443992.0,36828.0,0.08294744049442332,0.04044291602643838,0.008173129140871076,0.7209302325581395,,9649,3039
2026,2024,True,OR,63474,BridgeSpan Health Company,,,,,0,0,12346,264,1294,174,12610.0,1468.0,0.11641554321966693,0.10481127490685242,,,nan,0,
2026,2024,True,OR,71287,Kaiser Foundation Healthplan of the NW,,,39,17,0,0,9923,2384,725,408,12307.0,1133.0,0.09206142845535062,0.07306258188047969,0.03442188879082083,0.4358974358974359,nan,58,19
2026,2024,True,OR,77969,Regence BlueCross BlueShield of Oregon,,,616,88,47,,1013376,55295,100498,41236,1068671.0,141734.0,0.13262641168329636,0.09917148225337881,0.004346169585279467,0.14285714285714285,,23,526
2026,2024,True,SC,26065,Blue Cross and Blue Shield of South Carolina,,,2902,1215,234,132,11796220,324828,1827005,268959,12121048.0,2095964.0,0.17291937132828777,0.15488054648014363,0.0013845657654425363,0.41867677463818054,0.5641025641025641,263044,8129
2026,2024,True,SC,33764,"UnitedHealthcare of South Carolina, Inc.",,,403,125,,,438616,166827,88229,89090,605443.0,177319.0,0.2928748040690866,0.201153172706878,0.002272740089894484,0.31017369727047145,,51587,7789
2026,2024,True,SC,33863,InStil Health Insurance Company,,,,,,,,,,,,,,,,,,,
2026,2024,True,SC,42326,"MOLINA HEALTHCARE OF SOUTH CAROLINA, INC",,,422,243,0,0,1055016,83239,230150,26217,1138255.0,256367.0,0.22522809036639418,0.21814835035677185,0.0016460776933068608,0.5758293838862559,nan,180267,7671
2026,2024,True,SC,73107,Select Health of South Carolina,,,29,16,0,0,121039,20445,39520,12130,141484.0,51650.0,0.3650589465946679,0.3265063326696354,0.0005614714424007745,0.5517241379310345,nan,30130,7290
2026,2024,True,SC,79222,"Absolute Total Care, Inc",,,1299,,,0,8043578,1059613,1471467,133679,9103191.0,1605146.0,0.17632783932579246,0.1829368721233262,0.0008092721783563614,,,48223,6349
2026,2024,True,SD,31195,Sanford Health Plan,,,365,218,,,855229,24243,35230,10667,879472.0,45897.0,0.05218699401459057,0.04119364521081488,0.007952589493866702,0.5972602739726027,,14966,637
2026,2024,True,SD,50305,Wellmark of South Dakota,,,152,43,,0,425214,21179,65429,12544,446393.0,77973.0,0.17467343797953822,0.15387310859943465,0.0019493927385120491,0.28289473684210525,,17819,721
2026,2024,True,SD,60536,"Avera Health Plans, Inc.",,,154,69,,,436009,4675,11752,3653,440684.0,15405.0,0.03495702135770756,0.026953572059292354,0.00999675430055177,0.44805194805194803,,109,96
2026,2024,True,TN,14002,BlueCross BlueShield of Tennessee,,,587,264,,,6270421,1095096,1323501,652680,7365517.0,1976181.0,0.2683017363207498,0.2110705166367617,0.00029703756892713776,0.4497444633730835,,233804,132259
2026,2024,True,TN,23552,Oscar Insurance Company,,,9553,3657,162,30,798002,100026,187709,64043,898028.0,251752.0,0.28033869767980507,0.23522372124380642,0.037946073914010614,0.3828116821940752,0.18518518518518517,37230,4839
2026,2024,True,TN,29854,"Alliant Health Plans, Inc.",,,,,,,,,,,,,,,,,,,
2026,2024,True,TN,69443,UnitedHealthcare Insurance Company,,,1483,470,,,2157936,437684,446509,246775,2595620.0,693284.0,0.26709764911658873,0.20691484826241371,0.002139094512494158,0.31692515171948754,,226551,35944
2026,2024,True,TN,70111,Celtic Insurance Company,,,2600,,,0,8726180,1488485,1645943,268561,10214665.0,1914504.0,0.18742699834013157,0.18862125236930707,0.0013580540965179493,,,957113,10101
2026,2024,True,TN,99248,Cigna Health and Life Insurance Company,,,720,380,,,4704089,139697,955423,121987,4843786.0,1077410.0,0.22243137909065347,0.20310478819597164,0.0006682692753919121,0.5277777777777778,,148089,4781
2026,2024,True,TX,11718,"Community Health Choice Texas, Inc.",,,,,,,,,,,,,,,,,,,
2026,2024,True,TX,17933,"Moda Health Plan, Inc.",,,39,14,,0,142112,8439,34484,8188,150551.0,42672.0,0.2834388346806066,0.24265368160324252,0.0009139482564679415,0.358974358974359,,8806,53
2026,2024,True,TX,20069,Oscar Insurance Company,,,38325,9061,517,176,3001076,520276,764285,286065,3521352.0,1050350.0,0.29828031960451556,0.25467032491013225,0.03648783738753749,0.23642530984996737,0.3404255319148936,155323,20503
2026,2024,True,TX,27248,"Community Health Choice, Inc.",,,1054,260,26,16,6776421,680140,1449319,409025,7456561.0,1858344.0,0.2492226644427639,0.21387676474056141,0.0005671716323780743,0.24667931688804554,0.6153846153846154,1032782,30302
2026,2024,True,TX,29418,Celtic Insurance Company,,,3010,1842,237,130,16238521,1674627,2652607,258074,17913148.0,2910681.0,0.1624885251883142,0.16335274622608795,0.0010341222552385507,0.6119601328903654,0.5485232067510548,1925576,69366
2026,2024,True,TX,33602,Blue Cross Blue Shield of Texas,,,22641,11397,808,325,58806743,2697101,11028737,906328,61503844.0,11935065.0,0.1940539683991134,0.1875420476866063,0.0018970152236288617,0.5033788260235855,0.40222772277227725,1034765,51199
2026,2024,True,TX,34826,"Imperial Insurance Companies, Inc.",,,,,0,0,2530,1777,902,804,4307.0,1706.0,0.3960993731135361,0.3565217391304348,,,nan,28,50
2026,2024,True,TX,37758,Harbor Health Insurance Company,,,,,,,,,,,,,,,,,,,
2026,2024,True,TX,40220,"UnitedHealthcare of Texas, Inc.",,,12386,4333,67,21,14698969,5348859,2550560,2251733,20047828.0,4802293.0,0.23954180971624459,0.1735196529770217,0.0025791845687049915,0.3498304537380914,0.31343283582089554,1431669,510828
2026,2024,True,TX,40788,Scott and White Health Plan,,,5246,3157,170,136,8274564,1360874,1205777,270578,9635438.0,1476355.0,0.1532213688677152,0.14572091049147726,0.003553345909351071,0.6017918414029737,0.8,1669883,472259
2026,2024,True,TX,45786,"Molina Healthcare of Texas, Inc.",,,996,545,21,14,987573,57582,237126,22873,1045155.0,259999.0,0.24876597251125432,0.24010984504436633,0.00383078396455371,0.5471887550200804,0.6666666666666666,170021,6572
2026,2024,True,TX,47501,Wellpoint Insurance Company,,,,,,,,,,,,,,,,,,,
2026,2024,True,TX,63251,Community First Insurance Plans,,,,,,,112382,6808,34419,4276,119190.0,38695.0,0.32464971893615235,0.30626790767204715,,,,539,351
2026,2024,True,TX,66252,CHRISTUS Health Plan,,,4256,1337,0,0,1206500,252696,141176,111019,1459196.0,252195.0,0.17283147705997,0.11701284707832574,0.016875830210749617,0.31414473684210525,nan,18376,6699
2026,2024,True,TX,70754,"UnitedHealthcare Benefits of Texas, Inc.",,,,,,,,,,,,,,,,,,,
2026,2024,True,TX,71837,"Sendero Health Plans, Inc.",,,21,14,,,471218,23432,101311,10176,494650.0,111487.0,0.22538562620034366,0.21499815372078315,0.00018836276875330756,0.6666666666666666,,75905,1113
2026,2024,True,TX,76589,"Cigna HealthCare of Texas, Inc.",,,1184,755,,,4080439,139402,884055,130069,4219841.0,1014124.0,0.24032279889218575,0.21665683520817244,0.0011675100875238136,0.637668918918919,,148375,6499
2026,2024,True,TX,87226,Superior Health Plan,,,1083,622,62,31,5807390,2973880,1287305,414165,8781270.0,1701470.0,0.19376126687825337,0.22166670397545196,0.0006365084309450064,0.5743305632502308,0.5,868324,83123
2026,2024,True,UT,18167,Molina Healthcare of Utah,,,78,56,0,0,125008,4440,28618,2133,129448.0,30751.0,0.23755484827884557,0.2289293485216946,0.0025365028779551885,0.717948717948718,nan,20845,711
2026,2024,True,UT,22013,Regence BlueCross BlueShield of Utah,,,487,60,11,,395068,26259,58383,18956,421327.0,77339.0,0.18356051238111964,0.14777962274848888,0.006296952378489507,0.12320328542094455,,276,143
2026,2024,True,UT,34541,BridgeSpan Health Company,,,,0,,,7900,556,1310,442,8456.0,1752.0,0.20719016083254493,0.16582278481012658,,,,0,14
2026,2024,True,UT,42261,University of Utah Health Insurance Plans,,,482,155,,,644314,8402,122297,6301,652716.0,128598.0,0.197019837111393,0.18980962698311693,0.003748114278604644,0.3215767634854772,,38713,226
2026,2024,True,UT,68781,"SelectHealth, Inc.",,,5422,1467,119,53,8402145,243867,1571221,136635,8646012.0,1707856.0,0.1975310698157717,0.18700236665756184,0.0031747407275554847,0.2705643673921062,0.44537815126050423,604850,29506
2026,2024,True,UT,98113,"Imperial Health Plan of the Southwest, Inc.",,,,,0,0,261,267,87,137,528.0,224.0,0.42424242424242425,0.3333333333333333,,,nan,,
2026,2024,True,WI,20173,HealthPartners Insurance Company,,,,,0,0,466789,11313,30260,1518,478102.0,31778.0,0.06646698821590372,0.06482586350578098,,,nan,24128,587
2026,2024,True,WI,37833,Quartz Health Benefit Plans Corporation,,,204,98,,0,696511,10233,57350,3696,706744.0,61046.0,0.08637639654528373,0.0823389723923958,0.0033417422926973104,0.4803921568627451,,20828,280
2026,2024,True,WI,38166,"Security Health Plan of Wisconsin, Inc.",,,258,168,0,0,1306739,57574,247191,26688,1364313.0,273879.0,0.20074499033579538,0.18916631400761744,0.0009420218417622381,0.6511627906976745,nan,42462,2583
2026,2024,True,WI,38345,Dean Health Plan,,,391,193,0,0,1104307,13092,160914,11067,1117399.0,171981.0,0.15391189718265363,0.14571491442144258,0.0022735069571638727,0.4936061381074169,nan,269535,4463
2026,2024,True,WI,57845,Medica Community Health Plan,,,227,124,0,0,510731,13758,87505,9707,524489.0,97212.0,0.1853461178404123,0.17133285428141232,0.002335102662222771,0.5462555066079295,nan,45102,2935
2026,2024,True,WI,58326,"MercyCare HMO, Inc.",,,15,,0,0,208646,5172,19105,1974,213818.0,21079.0,0.09858384233319926,0.09156657688141637,0.0007116087100906115,,nan,43836,314
2026,2024,True,WI,79475,Compcare Health Serv Ins Co(Anthem BCBS),,,344,201,,0,2462417,423953,213637,243159,2886370.0,456796.0,0.1582596825770778,0.08675906639695877,0.0007530713929193776,0.5843023255813954,,174852,49052
2026,2024,True,WI,80180,"UnitedHealthcare of Wisconsin, Inc.",,,594,244,,,659260,130202,113541,95374,789462.0,208915.0,0.2646295831844978,0.1722249188484058,0.002843261613574899,0.4107744107744108,,70830,8346
2026,2024,True,WI,81413,Network Health Plan,,,31,12,0,0,298634,14480,48655,9267,313114.0,57922.0,0.18498693766487606,0.1629251860136488,0.0005352025137253548,0.3870967741935484,nan,7500,191
2026,2024,True,WI,86584,"Aspirus Health Plan, Inc.",,,19,,,0,398306,7112,47925,3048,405418.0,50973.0,0.1257294940037196,0.12032206394078925,0.00037274635591391523,,,64233,547
2026,2024,True,WI,87416,Common Ground Healthcare Cooperative,,,0,0,0,0,1504864,28650,143772,26485,1533514.0,170257.0,0.1110240923786806,0.09553820145873647,0.0,nan,nan,60799,1677
2026,2024,True,WI,94529,Group Health Cooperative of South Central Wisconsin,,,,,,,207372,4891,18470,1424,212263.0,19894.0,0.09372335263328983,0.08906699072198754,,,,31979,253
2026,2024,True,WV,31274,Highmark Blue Cross Blue Shield West Virginia,,,130,41,,0,2341171,38913,471125,14234,2380084.0,485359.0,0.20392515558274413,0.20123476670435436,0.0002678429780842634,0.3153846153846154,,2161,4930
2026,2024,True,WV,50328,CareSource West Virginia Co.,,,993,65,54,17,843758,118295,198752,94227,962053.0,292979.0,0.3045351971253143,0.23555569250898956,0.0033893214189412895,0.06545820745216516,0.3148148148148148,102965,23577
2026,2024,True,WY,11269,Blue Cross Blue Shield of Wyoming,,,434,173,,,1305051,28568,229909,10747,1333619.0,240656.0,0.18045333787236084,0.17616859417754555,0.0018034040289874344,0.3986175115207373,,178376,1445
2026,2024,True,WY,49714,UnitedHealthcare Insurance Company,,,,,,,,,,,,,,,,,,,
