market_year,state,rating_area_id,lowest_silver_age40_premium,silver_issuer_count,silver_plan_count
2015,AK,Rating Area 1,488.0,2,11
2015,AK,Rating Area 2,488.0,2,11
2015,AK,Rating Area 3,488.0,2,11
2015,AL,Rating Area 1,257.48,2,6
2015,AL,Rating Area 10,241.98,2,6
2015,AL,Rating Area 11,254.54,2,6
2015,AL,Rating Area 12,243.22,2,6
2015,AL,Rating Area 13,254.4,2,6
2015,AL,Rating Area 2,268.38,2,6
2015,AL,Rating Area 3,262.13,3,7
2015,AL,Rating Area 4,268.38,2,6
2015,AL,Rating Area 5,262.79,2,6
2015,AL,Rating Area 6,252.14,2,6
2015,AL,Rating Area 7,243.22,2,6
2015,AL,Rating Area 8,255.33,2,6
2015,AL,Rating Area 9,254.81,3,7
2015,AR,Rating Area 1,293.8,4,12
2015,AR,Rating Area 2,273.1,4,12
2015,AR,Rating Area 3,276.5,4,12
2015,AR,Rating Area 4,271.68,4,12
2015,AR,Rating Area 5,271.72,4,12
2015,AR,Rating Area 6,290.77,4,12
2015,AR,Rating Area 7,262.6,4,12
2015,AZ,Rating Area 1,206.29,10,42
2015,AZ,Rating Area 2,214.73,8,37
2015,AZ,Rating Area 3,214.73,8,37
2015,AZ,Rating Area 4,165.73,13,49
2015,AZ,Rating Area 5,214.73,10,41
2015,AZ,Rating Area 6,169.76,12,44
2015,AZ,Rating Area 7,214.73,8,37
2015,DE,Rating Area 1,297.21,3,7
2015,FL,Rating Area 1,299.36,5,12
2015,FL,Rating Area 10,289.04,5,15
2015,FL,Rating Area 11,302.71,5,15
2015,FL,Rating Area 12,296.06,4,10
2015,FL,Rating Area 13,314.17,4,10
2015,FL,Rating Area 14,326.78,4,10
2015,FL,Rating Area 15,270.64,6,17
2015,FL,Rating Area 16,275.45,5,15
2015,FL,Rating Area 17,302.0,7,25
2015,FL,Rating Area 18,333.97,3,7
2015,FL,Rating Area 19,313.93,3,7
2015,FL,Rating Area 2,298.61,5,15
2015,FL,Rating Area 20,325.7,4,10
2015,FL,Rating Area 21,330.26,3,7
2015,FL,Rating Area 22,256.25,3,10
2015,FL,Rating Area 23,332.94,3,7
2015,FL,Rating Area 24,342.06,3,7
2015,FL,Rating Area 25,322.8,4,10
2015,FL,Rating Area 26,273.67,6,20
2015,FL,Rating Area 27,301.0,4,12
2015,FL,Rating Area 28,275.38,7,21
2015,FL,Rating Area 29,326.45,3,7
2015,FL,Rating Area 3,263.76,4,13
2015,FL,Rating Area 30,234.83,6,38
2015,FL,Rating Area 31,325.16,3,7
2015,FL,Rating Area 32,289.82,3,7
2015,FL,Rating Area 33,332.94,3,7
2015,FL,Rating Area 34,271.28,7,21
2015,FL,Rating Area 35,299.07,6,17
2015,FL,Rating Area 36,294.07,4,9
2015,FL,Rating Area 37,313.02,4,10
2015,FL,Rating Area 38,333.97,3,7
2015,FL,Rating Area 39,313.03,3,7
2015,FL,Rating Area 4,291.78,5,12
2015,FL,Rating Area 40,270.69,6,17
2015,FL,Rating Area 41,272.3,5,15
2015,FL,Rating Area 42,291.46,6,20
2015,FL,Rating Area 43,273.81,10,39
2015,FL,Rating Area 44,397.07,3,10
2015,FL,Rating Area 45,302.0,5,12
2015,FL,Rating Area 46,265.13,4,13
2015,FL,Rating Area 47,301.98,5,12
2015,FL,Rating Area 48,288.14,7,21
2015,FL,Rating Area 49,288.14,7,21
2015,FL,Rating Area 5,295.54,9,51
2015,FL,Rating Area 50,234.96,10,39
2015,FL,Rating Area 51,275.38,7,21
2015,FL,Rating Area 52,275.38,7,21
2015,FL,Rating Area 53,305.15,7,21
2015,FL,Rating Area 54,297.28,4,9
2015,FL,Rating Area 55,267.64,5,15
2015,FL,Rating Area 56,270.69,6,20
2015,FL,Rating Area 57,288.14,8,29
2015,FL,Rating Area 58,297.9,5,15
2015,FL,Rating Area 59,264.55,6,17
2015,FL,Rating Area 6,240.78,10,39
2015,FL,Rating Area 60,260.69,5,18
2015,FL,Rating Area 61,319.35,4,10
2015,FL,Rating Area 62,289.82,3,7
2015,FL,Rating Area 63,219.83,3,7
2015,FL,Rating Area 64,243.43,9,28
2015,FL,Rating Area 65,289.82,3,7
2015,FL,Rating Area 66,276.8,4,13
2015,FL,Rating Area 67,288.65,3,7
2015,FL,Rating Area 7,292.36,3,7
2015,FL,Rating Area 8,288.24,6,16
2015,FL,Rating Area 9,278.96,5,15
2015,GA,Rating Area 1,363.29,4,13
2015,GA,Rating Area 10,258.88,7,31
2015,GA,Rating Area 11,289.85,6,17
2015,GA,Rating Area 12,276.12,6,18
2015,GA,Rating Area 13,280.0,7,30
2015,GA,Rating Area 14,232.43,5,17
2015,GA,Rating Area 15,323.85,4,13
2015,GA,Rating Area 16,267.03,4,12
2015,GA,Rating Area 2,227.52,8,44
2015,GA,Rating Area 3,247.68,9,47
2015,GA,Rating Area 4,275.06,6,26
2015,GA,Rating Area 5,246.79,5,14
2015,GA,Rating Area 6,298.07,5,14
2015,GA,Rating Area 7,283.05,4,22
2015,GA,Rating Area 8,254.39,7,33
2015,GA,Rating Area 9,276.42,4,22
2015,IA,Rating Area 1,280.79,1,5
2015,IA,Rating Area 2,195.04,1,7
2015,IA,Rating Area 3,247.34,2,13
2015,IA,Rating Area 4,208.67,1,11
2015,IA,Rating Area 5,236.21,1,7
2015,IA,Rating Area 6,234.0,2,14
2015,IA,Rating Area 7,248.07,3,18
2015,IL,Rating Area 1,212.36,8,54
2015,IL,Rating Area 10,260.34,6,19
2015,IL,Rating Area 11,254.24,4,14
2015,IL,Rating Area 12,236.8,4,15
2015,IL,Rating Area 13,289.67,4,14
2015,IL,Rating Area 2,229.84,6,20
2015,IL,Rating Area 3,217.26,4,20
2015,IL,Rating Area 4,216.72,5,24
2015,IL,Rating Area 5,245.99,6,20
2015,IL,Rating Area 6,208.77,4,18
2015,IL,Rating Area 7,225.87,7,22
2015,IL,Rating Area 8,259.33,5,16
2015,IL,Rating Area 9,259.33,4,14
2015,IN,Rating Area 1,295.95,7,32
2015,IN,Rating Area 10,317.44,8,35
2015,IN,Rating Area 11,317.44,8,35
2015,IN,Rating Area 12,338.15,5,14
2015,IN,Rating Area 13,317.44,8,34
2015,IN,Rating Area 14,317.44,4,12
2015,IN,Rating Area 15,268.73,7,32
2015,IN,Rating Area 16,197.4,7,31
2015,IN,Rating Area 17,335.35,4,12
2015,IN,Rating Area 2,317.44,7,32
2015,IN,Rating Area 3,284.69,6,30
2015,IN,Rating Area 4,274.99,6,30
2015,IN,Rating Area 5,317.44,7,20
2015,IN,Rating Area 6,303.77,6,30
2015,IN,Rating Area 7,317.44,7,20
2015,IN,Rating Area 8,317.44,7,20
2015,IN,Rating Area 9,326.59,4,12
2015,KS,Rating Area 1,195.33,4,20
2015,KS,Rating Area 2,205.83,4,14
2015,KS,Rating Area 3,200.68,4,14
2015,KS,Rating Area 4,222.93,4,14
2015,KS,Rating Area 5,208.72,3,11
2015,KS,Rating Area 6,200.48,4,14
2015,KS,Rating Area 7,191.82,3,11
2015,LA,Rating Area 1,275.87,6,20
2015,LA,Rating Area 2,298.86,5,16
2015,LA,Rating Area 3,306.57,5,16
2015,LA,Rating Area 4,295.49,4,14
2015,LA,Rating Area 5,292.65,4,13
2015,LA,Rating Area 6,320.82,4,14
2015,LA,Rating Area 7,322.29,4,14
2015,LA,Rating Area 8,283.52,5,17
2015,ME,Rating Area 1,274.81,3,12
2015,ME,Rating Area 2,305.69,3,12
2015,ME,Rating Area 3,323.11,3,16
2015,ME,Rating Area 4,373.79,3,11
2015,MI,Rating Area 1,219.47,14,52
2015,MI,Rating Area 10,279.75,7,31
2015,MI,Rating Area 11,272.75,6,28
2015,MI,Rating Area 12,218.56,9,36
2015,MI,Rating Area 13,255.38,9,33
2015,MI,Rating Area 14,254.69,7,29
2015,MI,Rating Area 15,271.41,7,29
2015,MI,Rating Area 16,317.15,3,11
2015,MI,Rating Area 2,220.52,13,51
2015,MI,Rating Area 3,264.11,9,41
2015,MI,Rating Area 4,265.29,9,41
2015,MI,Rating Area 5,243.09,11,42
2015,MI,Rating Area 6,255.38,8,31
2015,MI,Rating Area 7,270.79,8,34
2015,MI,Rating Area 8,255.38,9,35
2015,MI,Rating Area 9,282.13,7,31
2015,MO,Rating Area 1,283.86,2,7
2015,MO,Rating Area 10,309.75,3,11
2015,MO,Rating Area 2,363.59,2,7
2015,MO,Rating Area 3,240.63,3,13
2015,MO,Rating Area 4,289.37,2,7
2015,MO,Rating Area 5,301.63,3,13
2015,MO,Rating Area 6,251.6,4,19
2015,MO,Rating Area 7,275.04,3,9
2015,MO,Rating Area 8,270.08,3,9
2015,MO,Rating Area 9,327.65,2,7
2015,MS,Rating Area 1,268.07,3,13
2015,MS,Rating Area 2,287.41,2,10
2015,MS,Rating Area 3,293.36,3,13
2015,MS,Rating Area 4,311.51,3,13
2015,MS,Rating Area 5,302.77,2,8
2015,MS,Rating Area 6,267.33,3,13
2015,MT,Rating Area 1,238.27,4,14
2015,MT,Rating Area 2,235.28,4,14
2015,MT,Rating Area 3,238.27,4,14
2015,MT,Rating Area 4,235.28,4,14
2015,NC,Rating Area 1,312.99,3,12
2015,NC,Rating Area 10,299.33,3,12
2015,NC,Rating Area 11,281.89,3,17
2015,NC,Rating Area 12,340.74,1,7
2015,NC,Rating Area 13,281.89,3,17
2015,NC,Rating Area 14,313.38,2,10
2015,NC,Rating Area 15,296.06,2,15
2015,NC,Rating Area 16,351.28,1,7
2015,NC,Rating Area 2,326.16,3,12
2015,NC,Rating Area 3,328.04,2,10
2015,NC,Rating Area 4,316.8,3,19
2015,NC,Rating Area 5,303.18,3,16
2015,NC,Rating Area 6,304.56,3,17
2015,NC,Rating Area 7,298.42,3,12
2015,NC,Rating Area 8,330.21,2,10
2015,NC,Rating Area 9,267.17,3,12
2015,ND,Rating Area 1,297.18,3,9
2015,ND,Rating Area 2,268.53,3,9
2015,ND,Rating Area 3,297.18,3,9
2015,ND,Rating Area 4,297.18,3,9
2015,NE,Rating Area 1,259.07,3,18
2015,NE,Rating Area 2,267.24,3,10
2015,NE,Rating Area 3,301.54,3,8
2015,NE,Rating Area 4,309.91,2,6
2015,NH,Rating Area 1,237.79,5,16
2015,NJ,Rating Area 1,314.67,6,19
2015,NM,Rating Area 1,167.27,5,19
2015,NM,Rating Area 2,224.63,5,17
2015,NM,Rating Area 3,205.09,5,17
2015,NM,Rating Area 4,198.52,5,19
2015,NM,Rating Area 5,216.22,5,19
2015,NV,Rating Area 1,236.58,4,20
2015,NV,Rating Area 2,307.56,5,19
2015,NV,Rating Area 3,326.9830575,4,13
2015,NV,Rating Area 4,242.4950485,2,12
2015,OH,Rating Area 1,236.22,11,45
2015,OH,Rating Area 10,299.1,7,21
2015,OH,Rating Area 11,241.71,12,47
2015,OH,Rating Area 12,243.45,11,50
2015,OH,Rating Area 13,286.47,9,31
2015,OH,Rating Area 14,260.98,8,26
2015,OH,Rating Area 15,257.92,11,65
2015,OH,Rating Area 16,272.71,6,38
2015,OH,Rating Area 17,349.3,6,19
2015,OH,Rating Area 2,269.14,9,42
2015,OH,Rating Area 3,252.28,11,40
2015,OH,Rating Area 4,232.26,12,45
2015,OH,Rating Area 5,268.19,9,30
2015,OH,Rating Area 6,248.02,7,25
2015,OH,Rating Area 7,301.92,6,21
2015,OH,Rating Area 8,244.02,7,23
2015,OH,Rating Area 9,244.02,9,29
2015,OK,Rating Area 1,237.65,2,10
2015,OK,Rating Area 2,193.66,2,12
2015,OK,Rating Area 3,200.84,4,19
2015,OK,Rating Area 4,204.44,4,19
2015,OK,Rating Area 5,197.47,3,17
2015,OR,Rating Area 1,212.0,8,40
2015,OR,Rating Area 2,219.0,9,34
2015,OR,Rating Area 3,219.0,9,36
2015,OR,Rating Area 4,233.23,8,32
2015,OR,Rating Area 5,227.0,8,33
2015,OR,Rating Area 6,227.0,8,38
2015,OR,Rating Area 7,219.0,8,32
2015,PA,Rating Area 1,170.4,6,31
2015,PA,Rating Area 2,188.66,7,31
2015,PA,Rating Area 3,223.57,5,14
2015,PA,Rating Area 4,170.4,6,29
2015,PA,Rating Area 5,188.66,8,33
2015,PA,Rating Area 6,202.27,11,64
2015,PA,Rating Area 7,224.77,8,36
2015,PA,Rating Area 8,267.0,6,14
2015,PA,Rating Area 9,212.49,8,38
2015,SC,Rating Area 1,276.48,4,28
2015,SC,Rating Area 10,234.29,5,30
2015,SC,Rating Area 11,273.12,4,28
2015,SC,Rating Area 12,289.43,4,28
2015,SC,Rating Area 13,282.89,4,28
2015,SC,Rating Area 14,264.84,4,28
2015,SC,Rating Area 15,234.29,4,28
2015,SC,Rating Area 16,283.32,4,28
2015,SC,Rating Area 17,289.43,4,28
2015,SC,Rating Area 18,234.29,5,30
2015,SC,Rating Area 19,302.12,4,28
2015,SC,Rating Area 2,302.12,4,28
2015,SC,Rating Area 20,264.84,5,30
2015,SC,Rating Area 21,283.32,5,30
2015,SC,Rating Area 22,257.07,4,28
2015,SC,Rating Area 23,273.12,5,30
2015,SC,Rating Area 24,299.71,4,28
2015,SC,Rating Area 25,223.42,4,28
2015,SC,Rating Area 26,257.07,4,28
2015,SC,Rating Area 27,223.42,4,28
2015,SC,Rating Area 28,264.84,5,30
2015,SC,Rating Area 29,285.54,5,30
2015,SC,Rating Area 3,284.46,4,28
2015,SC,Rating Area 30,273.12,4,28
2015,SC,Rating Area 31,283.32,4,28
2015,SC,Rating Area 32,264.84,5,30
2015,SC,Rating Area 33,291.73,4,28
2015,SC,Rating Area 34,289.43,4,28
2015,SC,Rating Area 35,289.43,4,28
2015,SC,Rating Area 36,264.84,5,30
2015,SC,Rating Area 37,284.0,4,28
2015,SC,Rating Area 38,234.29,5,30
2015,SC,Rating Area 39,284.0,4,28
2015,SC,Rating Area 4,284.0,4,28
2015,SC,Rating Area 40,264.84,5,30
2015,SC,Rating Area 41,276.48,4,28
2015,SC,Rating Area 42,269.21,5,30
2015,SC,Rating Area 43,264.84,5,30
2015,SC,Rating Area 44,272.78,4,28
2015,SC,Rating Area 45,289.43,4,28
2015,SC,Rating Area 46,288.23,5,30
2015,SC,Rating Area 5,234.29,4,28
2015,SC,Rating Area 6,302.12,4,28
2015,SC,Rating Area 7,223.42,4,28
2015,SC,Rating Area 8,234.29,5,30
2015,SC,Rating Area 9,234.29,5,30
2015,SD,Rating Area 1,257.79,3,19
2015,SD,Rating Area 2,254.04,3,20
2015,SD,Rating Area 3,257.79,3,20
2015,SD,Rating Area 4,257.79,3,19
2015,TN,Rating Area 1,232.44,2,16
2015,TN,Rating Area 2,209.64,3,28
2015,TN,Rating Area 3,216.07,3,30
2015,TN,Rating Area 4,220.11,4,31
2015,TN,Rating Area 5,258.18,2,16
2015,TN,Rating Area 6,213.81,4,31
2015,TN,Rating Area 7,231.32,2,16
2015,TN,Rating Area 8,258.93,2,16
2015,TX,Rating Area 1,245.64,3,9
2015,TX,Rating Area 10,247.93,9,32
2015,TX,Rating Area 11,250.28,6,32
2015,TX,Rating Area 12,227.79,3,10
2015,TX,Rating Area 13,245.01,2,8
2015,TX,Rating Area 14,262.33,3,9
2015,TX,Rating Area 15,196.19,7,32
2015,TX,Rating Area 16,239.08,3,9
2015,TX,Rating Area 17,225.48,3,9
2015,TX,Rating Area 18,250.28,3,12
2015,TX,Rating Area 19,223.33,9,39
2015,TX,Rating Area 2,247.13,3,9
2015,TX,Rating Area 20,291.28,3,13
2015,TX,Rating Area 21,242.34,2,8
2015,TX,Rating Area 22,236.18,2,8
2015,TX,Rating Area 23,273.64,2,8
2015,TX,Rating Area 24,227.02,7,33
2015,TX,Rating Area 25,276.21,2,8
2015,TX,Rating Area 26,238.27,11,49
2015,TX,Rating Area 3,228.65,9,45
2015,TX,Rating Area 4,247.93,6,15
2015,TX,Rating Area 5,204.48,6,31
2015,TX,Rating Area 6,250.28,5,17
2015,TX,Rating Area 7,234.58,5,17
2015,TX,Rating Area 8,279.23,7,26
2015,TX,Rating Area 9,222.28,6,32
2015,UT,Rating Area 1,214.74,4,30
2015,UT,Rating Area 2,211.65,5,39
2015,UT,Rating Area 3,197.54,6,40
2015,UT,Rating Area 4,225.96,5,39
2015,UT,Rating Area 5,241.34,4,30
2015,UT,Rating Area 6,244.84,4,30
2015,VA,Rating Area 1,296.0,3,8
2015,VA,Rating Area 10,273.05,6,16
2015,VA,Rating Area 11,286.87,2,6
2015,VA,Rating Area 12,273.05,6,19
2015,VA,Rating Area 2,257.03,4,10
2015,VA,Rating Area 3,273.1,4,11
2015,VA,Rating Area 4,284.52,2,6
2015,VA,Rating Area 5,285.53,2,7
2015,VA,Rating Area 6,295.28,4,10
2015,VA,Rating Area 7,241.49,6,17
2015,VA,Rating Area 8,292.47,3,8
2015,VA,Rating Area 9,285.4,3,8
2015,WI,Rating Area 1,301.35,6,53
2015,WI,Rating Area 10,302.22,5,36
2015,WI,Rating Area 11,237.54,10,111
2015,WI,Rating Area 12,263.09,7,59
2015,WI,Rating Area 13,300.55,5,32
2015,WI,Rating Area 14,237.54,9,95
2015,WI,Rating Area 15,248.73,9,89
2015,WI,Rating Area 16,265.58,7,51
2015,WI,Rating Area 2,237.54,4,36
2015,WI,Rating Area 3,374.86,1,2
2015,WI,Rating Area 4,322.63,3,17
2015,WI,Rating Area 5,310.22,2,10
2015,WI,Rating Area 6,310.22,5,27
2015,WI,Rating Area 7,256.04,7,68
2015,WI,Rating Area 8,310.99,5,39
2015,WI,Rating Area 9,300.64,6,53
2015,WV,Rating Area 1,314.35,1,5
2015,WV,Rating Area 10,286.06,1,5
2015,WV,Rating Area 11,270.34,1,5
2015,WV,Rating Area 2,314.35,1,5
2015,WV,Rating Area 3,314.35,1,5
2015,WV,Rating Area 4,314.35,1,5
2015,WV,Rating Area 5,276.63,1,5
2015,WV,Rating Area 6,257.77,1,5
2015,WV,Rating Area 7,257.77,1,5
2015,WV,Rating Area 8,286.06,1,5
2015,WV,Rating Area 9,286.06,1,5
2015,WY,Rating Area 1,411.79,2,16
2015,WY,Rating Area 2,400.8,2,16
2015,WY,Rating Area 3,439.8,2,16
2016,AK,Rating Area 1,684.0,2,6
2016,AK,Rating Area 2,684.0,2,6
2016,AK,Rating Area 3,684.0,2,6
2016,AL,Rating Area 1,308.76,2,6
2016,AL,Rating Area 10,267.14,2,6
2016,AL,Rating Area 11,285.4,2,6
2016,AL,Rating Area 12,287.63,2,6
2016,AL,Rating Area 13,291.39,2,6
2016,AL,Rating Area 2,315.35,2,6
2016,AL,Rating Area 3,287.5,3,7
2016,AL,Rating Area 4,317.39,2,6
2016,AL,Rating Area 5,261.43,3,7
2016,AL,Rating Area 6,282.71,2,6
2016,AL,Rating Area 7,287.63,2,6
2016,AL,Rating Area 8,310.78,2,6
2016,AL,Rating Area 9,289.03,3,7
2016,AR,Rating Area 1,307.12,5,17
2016,AR,Rating Area 2,286.11,5,17
2016,AR,Rating Area 3,289.95,5,17
2016,AR,Rating Area 4,284.62,5,17
2016,AR,Rating Area 5,285.57,5,17
2016,AR,Rating Area 6,297.33,5,17
2016,AR,Rating Area 7,275.75,5,17
2016,AZ,Rating Area 1,311.8,3,15
2016,AZ,Rating Area 2,327.93,2,11
2016,AZ,Rating Area 3,259.41,2,11
2016,AZ,Rating Area 4,204.09,8,27
2016,AZ,Rating Area 5,239.14,3,12
2016,AZ,Rating Area 6,208.49,5,15
2016,AZ,Rating Area 7,268.79,2,11
2016,DE,Rating Area 1,353.72,3,8
2016,FL,Rating Area 1,300.41,3,8
2016,FL,Rating Area 10,262.66,5,21
2016,FL,Rating Area 11,293.15,3,11
2016,FL,Rating Area 12,322.21,3,8
2016,FL,Rating Area 13,320.83,3,8
2016,FL,Rating Area 14,321.86,3,8
2016,FL,Rating Area 15,262.66,5,20
2016,FL,Rating Area 16,284.42,4,12
2016,FL,Rating Area 17,312.13,5,36
2016,FL,Rating Area 18,353.97,2,5
2016,FL,Rating Area 19,347.43,2,5
2016,FL,Rating Area 2,282.43,3,11
2016,FL,Rating Area 20,316.33,3,8
2016,FL,Rating Area 21,386.72,2,5
2016,FL,Rating Area 22,241.61,2,8
2016,FL,Rating Area 23,359.35,2,5
2016,FL,Rating Area 24,399.17,2,5
2016,FL,Rating Area 25,307.33,3,8
2016,FL,Rating Area 26,262.18,3,11
2016,FL,Rating Area 27,299.68,2,8
2016,FL,Rating Area 28,246.76,5,20
2016,FL,Rating Area 29,323.6,2,5
2016,FL,Rating Area 3,248.57,3,11
2016,FL,Rating Area 30,264.83,3,20
2016,FL,Rating Area 31,336.33,2,5
2016,FL,Rating Area 32,364.86,2,5
2016,FL,Rating Area 33,366.53,2,5
2016,FL,Rating Area 34,271.47,4,12
2016,FL,Rating Area 35,335.72,3,8
2016,FL,Rating Area 36,359.35,2,5
2016,FL,Rating Area 37,303.53,3,8
2016,FL,Rating Area 38,360.98,2,5
2016,FL,Rating Area 39,353.96,2,5
2016,FL,Rating Area 4,290.72,3,8
2016,FL,Rating Area 40,294.87,4,9
2016,FL,Rating Area 41,256.53,3,11
2016,FL,Rating Area 42,282.09,3,11
2016,FL,Rating Area 43,258.49,7,22
2016,FL,Rating Area 44,451.49,2,5
2016,FL,Rating Area 45,359.59,3,8
2016,FL,Rating Area 46,265.16,3,11
2016,FL,Rating Area 47,366.17,3,8
2016,FL,Rating Area 48,302.31,4,11
2016,FL,Rating Area 49,296.36,4,11
2016,FL,Rating Area 5,279.77,5,39
2016,FL,Rating Area 50,279.23,7,22
2016,FL,Rating Area 51,285.08,5,20
2016,FL,Rating Area 52,290.72,5,20
2016,FL,Rating Area 53,292.1,5,21
2016,FL,Rating Area 54,346.17,2,5
2016,FL,Rating Area 55,289.39,4,12
2016,FL,Rating Area 56,285.4,4,12
2016,FL,Rating Area 57,307.36,5,27
2016,FL,Rating Area 58,291.38,4,12
2016,FL,Rating Area 59,315.99,3,8
2016,FL,Rating Area 6,264.84,7,22
2016,FL,Rating Area 60,255.54,3,11
2016,FL,Rating Area 61,311.49,3,8
2016,FL,Rating Area 62,350.17,2,5
2016,FL,Rating Area 63,276.75,2,5
2016,FL,Rating Area 64,293.81,7,38
2016,FL,Rating Area 65,364.86,2,5
2016,FL,Rating Area 66,275.12,3,11
2016,FL,Rating Area 67,349.48,2,5
2016,FL,Rating Area 7,350.38,2,5
2016,FL,Rating Area 8,293.71,4,12
2016,FL,Rating Area 9,268.57,3,11
2016,GA,Rating Area 1,402.41,3,11
2016,GA,Rating Area 10,303.84,6,22
2016,GA,Rating Area 11,336.75,5,15
2016,GA,Rating Area 12,320.74,5,16
2016,GA,Rating Area 13,320.53,6,21
2016,GA,Rating Area 14,229.18,5,24
2016,GA,Rating Area 15,395.04,3,11
2016,GA,Rating Area 16,319.22,3,10
2016,GA,Rating Area 2,259.57,8,33
2016,GA,Rating Area 3,249.94,9,34
2016,GA,Rating Area 4,320.53,5,17
2016,GA,Rating Area 5,277.93,4,14
2016,GA,Rating Area 6,337.39,4,12
2016,GA,Rating Area 7,313.25,3,13
2016,GA,Rating Area 8,284.64,6,25
2016,GA,Rating Area 9,321.93,4,14
2016,HI,Rating Area 1,260.31,2,6
2016,IA,Rating Area 1,313.96,3,10
2016,IA,Rating Area 2,232.97,3,11
2016,IA,Rating Area 3,295.28,3,10
2016,IA,Rating Area 4,248.85,3,13
2016,IA,Rating Area 5,271.61,3,10
2016,IA,Rating Area 6,269.07,4,17
2016,IA,Rating Area 7,285.25,4,15
2016,IL,Rating Area 1,194.78,8,28
2016,IL,Rating Area 10,291.68,4,13
2016,IL,Rating Area 11,327.77,3,11
2016,IL,Rating Area 12,253.08,3,13
2016,IL,Rating Area 13,337.41,3,11
2016,IL,Rating Area 2,271.23,6,20
2016,IL,Rating Area 3,262.38,5,19
2016,IL,Rating Area 4,263.38,4,20
2016,IL,Rating Area 5,315.08,4,14
2016,IL,Rating Area 6,263.2,4,17
2016,IL,Rating Area 7,256.83,5,20
2016,IL,Rating Area 8,298.85,4,13
2016,IL,Rating Area 9,281.1,3,13
2016,IN,Rating Area 1,267.46,7,33
2016,IN,Rating Area 10,286.16,7,33
2016,IN,Rating Area 11,285.27,7,33
2016,IN,Rating Area 12,244.08,6,24
2016,IN,Rating Area 13,286.57,7,33
2016,IN,Rating Area 14,256.39,4,16
2016,IN,Rating Area 15,246.74,6,30
2016,IN,Rating Area 16,185.76,7,33
2016,IN,Rating Area 17,280.95,6,30
2016,IN,Rating Area 2,249.95,7,33
2016,IN,Rating Area 3,245.84,7,33
2016,IN,Rating Area 4,263.01,6,28
2016,IN,Rating Area 5,269.24,6,24
2016,IN,Rating Area 6,250.24,7,33
2016,IN,Rating Area 7,276.9,7,33
2016,IN,Rating Area 8,270.74,6,24
2016,IN,Rating Area 9,273.69,5,21
2016,KS,Rating Area 1,233.68,4,18
2016,KS,Rating Area 2,246.25,3,11
2016,KS,Rating Area 3,240.09,3,11
2016,KS,Rating Area 4,266.71,3,11
2016,KS,Rating Area 5,249.71,3,11
2016,KS,Rating Area 6,239.85,3,11
2016,KS,Rating Area 7,229.49,3,11
2016,LA,Rating Area 1,291.5,5,16
2016,LA,Rating Area 2,342.21,4,14
2016,LA,Rating Area 3,298.57,5,15
2016,LA,Rating Area 4,338.97,4,14
2016,LA,Rating Area 5,327.04,4,15
2016,LA,Rating Area 6,347.17,5,15
2016,LA,Rating Area 7,370.14,4,14
2016,LA,Rating Area 8,316.83,4,15
2016,ME,Rating Area 1,284.81,2,10
2016,ME,Rating Area 2,310.29,2,10
2016,ME,Rating Area 3,316.29,2,15
2016,ME,Rating Area 4,450.76,2,6
2016,MI,Rating Area 1,209.89,12,55
2016,MI,Rating Area 10,253.5,7,35
2016,MI,Rating Area 11,234.46,5,26
2016,MI,Rating Area 12,206.38,7,34
2016,MI,Rating Area 13,219.53,7,30
2016,MI,Rating Area 14,218.93,5,25
2016,MI,Rating Area 15,233.31,6,28
2016,MI,Rating Area 16,375.6,2,7
2016,MI,Rating Area 2,210.88,13,57
2016,MI,Rating Area 3,245.61,7,42
2016,MI,Rating Area 4,261.73,7,42
2016,MI,Rating Area 5,214.62,11,46
2016,MI,Rating Area 6,219.53,7,37
2016,MI,Rating Area 7,253.5,7,35
2016,MI,Rating Area 8,219.53,7,33
2016,MI,Rating Area 9,253.5,6,34
2016,MO,Rating Area 1,357.41,3,11
2016,MO,Rating Area 10,347.88,3,12
2016,MO,Rating Area 2,386.07,3,12
2016,MO,Rating Area 3,288.07,4,16
2016,MO,Rating Area 4,357.41,3,13
2016,MO,Rating Area 5,321.89,3,13
2016,MO,Rating Area 6,270.79,4,18
2016,MO,Rating Area 7,293.7,4,16
2016,MO,Rating Area 8,313.89,4,18
2016,MO,Rating Area 9,369.41,3,12
2016,MS,Rating Area 1,251.09,3,15
2016,MS,Rating Area 2,287.9,2,12
2016,MS,Rating Area 3,277.91,3,15
2016,MS,Rating Area 4,291.84,3,16
2016,MS,Rating Area 5,272.13,3,14
2016,MS,Rating Area 6,246.88,3,16
2016,MT,Rating Area 1,320.3,3,11
2016,MT,Rating Area 2,322.13,3,9
2016,MT,Rating Area 3,320.3,3,11
2016,MT,Rating Area 4,316.44,3,9
2016,NC,Rating Area 1,372.04,3,10
2016,NC,Rating Area 10,360.6,3,10
2016,NC,Rating Area 11,365.33,3,10
2016,NC,Rating Area 12,435.73,1,5
2016,NC,Rating Area 13,353.73,3,10
2016,NC,Rating Area 14,379.82,2,8
2016,NC,Rating Area 15,388.51,2,11
2016,NC,Rating Area 16,440.22,1,5
2016,NC,Rating Area 2,383.93,3,13
2016,NC,Rating Area 3,384.39,2,8
2016,NC,Rating Area 4,376.08,3,10
2016,NC,Rating Area 5,352.76,3,14
2016,NC,Rating Area 6,386.22,3,13
2016,NC,Rating Area 7,343.66,3,10
2016,NC,Rating Area 8,409.1,2,8
2016,NC,Rating Area 9,323.53,3,10
2016,ND,Rating Area 1,317.09,3,9
2016,ND,Rating Area 2,297.81,3,9
2016,ND,Rating Area 3,317.09,3,12
2016,ND,Rating Area 4,317.09,3,12
2016,NE,Rating Area 1,309.41,4,16
2016,NE,Rating Area 2,342.07,4,12
2016,NE,Rating Area 3,300.7,4,12
2016,NE,Rating Area 4,354.07,4,12
2016,NH,Rating Area 1,259.95,4,11
2016,NJ,Rating Area 1,323.79,6,23
2016,NM,Rating Area 1,180.81,4,9
2016,NM,Rating Area 2,220.75,4,9
2016,NM,Rating Area 3,203.93,4,9
2016,NM,Rating Area 4,200.56,4,11
2016,NM,Rating Area 5,200.56,4,11
2016,NV,Rating Area 1,255.94,4,20
2016,NV,Rating Area 2,297.89,4,21
2016,NV,Rating Area 3,343.14,3,16
2016,NV,Rating Area 4,418.75,2,11
2016,OH,Rating Area 1,234.34,11,47
2016,OH,Rating Area 10,289.22,7,29
2016,OH,Rating Area 11,230.35,12,45
2016,OH,Rating Area 12,220.03,10,47
2016,OH,Rating Area 13,248.0,9,32
2016,OH,Rating Area 14,220.03,8,58
2016,OH,Rating Area 15,220.03,10,67
2016,OH,Rating Area 16,266.21,8,57
2016,OH,Rating Area 17,320.56,8,30
2016,OH,Rating Area 2,252.44,7,35
2016,OH,Rating Area 3,244.32,10,40
2016,OH,Rating Area 4,239.75,11,45
2016,OH,Rating Area 5,274.28,8,33
2016,OH,Rating Area 6,284.32,8,32
2016,OH,Rating Area 7,334.34,5,26
2016,OH,Rating Area 8,270.07,6,28
2016,OH,Rating Area 9,270.07,9,36
2016,OK,Rating Area 1,345.63,2,7
2016,OK,Rating Area 2,293.95,2,9
2016,OK,Rating Area 3,282.91,2,9
2016,OK,Rating Area 4,289.09,2,9
2016,OK,Rating Area 5,280.21,2,9
2016,OR,Rating Area 1,240.0,7,25
2016,OR,Rating Area 2,261.0,7,16
2016,OR,Rating Area 3,261.0,7,21
2016,OR,Rating Area 4,277.52,6,17
2016,OR,Rating Area 5,261.0,6,15
2016,OR,Rating Area 6,261.0,6,15
2016,OR,Rating Area 7,272.0,6,17
2016,PA,Rating Area 1,187.33,5,20
2016,PA,Rating Area 2,206.63,5,18
2016,PA,Rating Area 3,287.67,4,6
2016,PA,Rating Area 4,187.33,5,20
2016,PA,Rating Area 5,206.63,6,20
2016,PA,Rating Area 6,221.56,8,44
2016,PA,Rating Area 7,253.53,7,24
2016,PA,Rating Area 8,276.01,4,9
2016,PA,Rating Area 9,247.2,7,27
2016,SC,Rating Area 1,292.01,2,31
2016,SC,Rating Area 10,287.37,3,33
2016,SC,Rating Area 11,294.11,2,31
2016,SC,Rating Area 12,305.79,2,31
2016,SC,Rating Area 13,298.75,2,31
2016,SC,Rating Area 14,289.77,2,31
2016,SC,Rating Area 15,310.58,2,31
2016,SC,Rating Area 16,299.2,3,34
2016,SC,Rating Area 17,309.98,2,31
2016,SC,Rating Area 18,298.75,3,33
2016,SC,Rating Area 19,319.87,2,31
2016,SC,Rating Area 2,327.05,3,34
2016,SC,Rating Area 20,294.86,3,33
2016,SC,Rating Area 21,299.2,4,36
2016,SC,Rating Area 22,303.84,2,31
2016,SC,Rating Area 23,290.96,3,33
2016,SC,Rating Area 24,316.42,2,31
2016,SC,Rating Area 25,272.1,2,31
2016,SC,Rating Area 26,287.67,2,31
2016,SC,Rating Area 27,266.25,2,31
2016,SC,Rating Area 28,306.54,3,33
2016,SC,Rating Area 29,305.79,3,33
2016,SC,Rating Area 3,300.4,2,31
2016,SC,Rating Area 30,290.96,2,31
2016,SC,Rating Area 31,299.2,2,31
2016,SC,Rating Area 32,300.7,3,34
2016,SC,Rating Area 33,308.04,2,31
2016,SC,Rating Area 34,309.98,2,31
2016,SC,Rating Area 35,313.58,2,31
2016,SC,Rating Area 36,294.86,3,33
2016,SC,Rating Area 37,319.42,2,31
2016,SC,Rating Area 38,284.97,3,33
2016,SC,Rating Area 39,313.58,2,31
2016,SC,Rating Area 4,330.8,2,31
2016,SC,Rating Area 40,312.53,4,36
2016,SC,Rating Area 41,292.01,2,31
2016,SC,Rating Area 42,284.22,2,31
2016,SC,Rating Area 43,325.41,3,33
2016,SC,Rating Area 44,287.97,2,31
2016,SC,Rating Area 45,314.77,2,31
2016,SC,Rating Area 46,310.13,3,33
2016,SC,Rating Area 5,298.0,2,31
2016,SC,Rating Area 6,331.1,2,31
2016,SC,Rating Area 7,281.23,2,31
2016,SC,Rating Area 8,298.75,3,33
2016,SC,Rating Area 9,290.81,3,33
2016,SD,Rating Area 1,333.41,2,11
2016,SD,Rating Area 2,292.36,2,11
2016,SD,Rating Area 3,298.95,2,11
2016,SD,Rating Area 4,333.41,2,11
2016,TN,Rating Area 1,273.9,3,19
2016,TN,Rating Area 2,270.18,3,27
2016,TN,Rating Area 3,278.65,2,26
2016,TN,Rating Area 4,262.42,4,30
2016,TN,Rating Area 5,299.05,2,16
2016,TN,Rating Area 6,271.13,4,30
2016,TN,Rating Area 7,261.4,2,16
2016,TN,Rating Area 8,329.49,2,16
2016,TX,Rating Area 1,294.35,2,5
2016,TX,Rating Area 10,252.67,9,27
2016,TX,Rating Area 11,245.87,6,19
2016,TX,Rating Area 12,247.07,2,6
2016,TX,Rating Area 13,287.54,2,9
2016,TX,Rating Area 14,286.72,3,10
2016,TX,Rating Area 15,193.45,7,21
2016,TX,Rating Area 16,276.28,2,5
2016,TX,Rating Area 17,279.51,2,5
2016,TX,Rating Area 18,290.45,3,11
2016,TX,Rating Area 19,223.91,8,31
2016,TX,Rating Area 2,265.99,3,7
2016,TX,Rating Area 20,307.13,2,6
2016,TX,Rating Area 21,239.57,2,6
2016,TX,Rating Area 22,255.2,2,9
2016,TX,Rating Area 23,250.47,2,6
2016,TX,Rating Area 24,248.73,7,20
2016,TX,Rating Area 25,353.06,1,4
2016,TX,Rating Area 26,228.66,13,36
2016,TX,Rating Area 3,228.66,8,25
2016,TX,Rating Area 4,260.66,6,12
2016,TX,Rating Area 5,215.37,6,19
2016,TX,Rating Area 6,285.21,4,12
2016,TX,Rating Area 7,226.54,4,13
2016,TX,Rating Area 8,260.4,8,27
2016,TX,Rating Area 9,240.15,5,20
2016,UT,Rating Area 1,260.02,1,24
2016,UT,Rating Area 2,224.87,3,26
2016,UT,Rating Area 3,213.95,4,27
2016,UT,Rating Area 4,224.87,3,26
2016,UT,Rating Area 5,261.26,1,24
2016,UT,Rating Area 6,261.26,1,24
2016,VA,Rating Area 1,317.56,3,9
2016,VA,Rating Area 10,270.47,7,18
2016,VA,Rating Area 11,270.47,4,11
2016,VA,Rating Area 12,270.47,9,28
2016,VA,Rating Area 2,269.42,6,17
2016,VA,Rating Area 3,297.9,5,15
2016,VA,Rating Area 4,298.67,2,7
2016,VA,Rating Area 5,299.29,2,7
2016,VA,Rating Area 6,305.47,5,15
2016,VA,Rating Area 7,263.76,8,23
2016,VA,Rating Area 8,308.57,3,9
2016,VA,Rating Area 9,300.85,3,9
2016,WI,Rating Area 1,308.68,6,24
2016,WI,Rating Area 10,322.91,5,29
2016,WI,Rating Area 11,256.93,12,106
2016,WI,Rating Area 12,284.58,8,45
2016,WI,Rating Area 13,316.33,5,29
2016,WI,Rating Area 14,226.14,10,79
2016,WI,Rating Area 15,236.8,10,85
2016,WI,Rating Area 16,277.83,7,49
2016,WI,Rating Area 2,226.14,4,32
2016,WI,Rating Area 3,405.34,1,3
2016,WI,Rating Area 4,364.5,4,22
2016,WI,Rating Area 5,350.48,2,11
2016,WI,Rating Area 6,350.48,5,30
2016,WI,Rating Area 7,276.94,8,61
2016,WI,Rating Area 8,355.25,6,37
2016,WI,Rating Area 9,298.83,6,24
2016,WV,Rating Area 1,388.35,1,6
2016,WV,Rating Area 10,353.39,1,6
2016,WV,Rating Area 11,333.98,2,10
2016,WV,Rating Area 2,380.52,2,8
2016,WV,Rating Area 3,380.52,2,8
2016,WV,Rating Area 4,388.35,1,6
2016,WV,Rating Area 5,284.37,2,10
2016,WV,Rating Area 6,318.44,1,6
2016,WV,Rating Area 7,318.44,1,6
2016,WV,Rating Area 8,353.39,1,6
2016,WV,Rating Area 9,353.39,1,6
2016,WY,Rating Area 1,460.44,1,12
2016,WY,Rating Area 2,419.62,1,12
2016,WY,Rating Area 3,460.44,1,12
2017,AK,Rating Area 1,879.0,1,2
2017,AK,Rating Area 2,924.0,1,2
2017,AK,Rating Area 3,902.0,1,2
2017,AL,Rating Area 1,429.84,1,2
2017,AL,Rating Area 10,438.99,1,2
2017,AL,Rating Area 11,429.84,1,2
2017,AL,Rating Area 12,397.83,1,2
2017,AL,Rating Area 13,416.13,1,2
2017,AL,Rating Area 2,438.99,1,2
2017,AL,Rating Area 3,457.28,1,2
2017,AL,Rating Area 4,438.99,1,2
2017,AL,Rating Area 5,429.84,1,2
2017,AL,Rating Area 6,438.99,1,2
2017,AL,Rating Area 7,397.83,1,2
2017,AL,Rating Area 8,429.84,1,2
2017,AL,Rating Area 9,468.71,1,2
2017,AR,Rating Area 1,292.0,4,12
2017,AR,Rating Area 2,272.01,4,12
2017,AR,Rating Area 3,276.23,4,12
2017,AR,Rating Area 4,271.16,4,12
2017,AR,Rating Area 5,285.52,4,12
2017,AR,Rating Area 6,294.53,3,10
2017,AR,Rating Area 7,262.99,3,10
2017,AZ,Rating Area 1,637.66,1,1
2017,AZ,Rating Area 2,745.82,1,1
2017,AZ,Rating Area 3,754.74,1,2
2017,AZ,Rating Area 4,475.0,1,2
2017,AZ,Rating Area 5,577.05,1,1
2017,AZ,Rating Area 6,349.23,2,2
2017,AZ,Rating Area 7,618.05,1,1
2017,DE,Rating Area 1,414.15,3,9
2017,FL,Rating Area 1,331.5,2,12
2017,FL,Rating Area 10,316.0,3,26
2017,FL,Rating Area 11,346.38,2,8
2017,FL,Rating Area 12,380.51,2,8
2017,FL,Rating Area 13,393.15,2,8
2017,FL,Rating Area 14,383.87,2,8
2017,FL,Rating Area 15,306.61,4,28
2017,FL,Rating Area 16,328.18,2,12
2017,FL,Rating Area 17,335.95,4,30
2017,FL,Rating Area 18,413.97,1,4
2017,FL,Rating Area 19,475.42,1,4
2017,FL,Rating Area 2,338.7,2,12
2017,FL,Rating Area 20,380.51,2,8
2017,FL,Rating Area 21,456.67,1,4
2017,FL,Rating Area 22,290.03,1,8
2017,FL,Rating Area 23,426.99,1,4
2017,FL,Rating Area 24,497.81,1,4
2017,FL,Rating Area 25,382.62,2,8
2017,FL,Rating Area 26,310.27,3,26
2017,FL,Rating Area 27,351.54,1,8
2017,FL,Rating Area 28,304.73,5,29
2017,FL,Rating Area 29,407.21,1,4
2017,FL,Rating Area 3,294.31,2,12
2017,FL,Rating Area 30,301.33,2,21
2017,FL,Rating Area 31,409.29,1,4
2017,FL,Rating Area 32,473.86,1,4
2017,FL,Rating Area 33,427.52,1,4
2017,FL,Rating Area 34,324.68,2,12
2017,FL,Rating Area 35,420.96,2,8
2017,FL,Rating Area 36,430.11,1,4
2017,FL,Rating Area 37,370.39,2,8
2017,FL,Rating Area 38,433.24,1,4
2017,FL,Rating Area 39,412.41,1,4
2017,FL,Rating Area 4,356.06,2,8
2017,FL,Rating Area 40,285.84,3,26
2017,FL,Rating Area 41,303.65,2,12
2017,FL,Rating Area 42,334.02,2,12
2017,FL,Rating Area 43,296.2,5,29
2017,FL,Rating Area 44,578.53,1,4
2017,FL,Rating Area 45,434.44,2,8
2017,FL,Rating Area 46,323.51,2,12
2017,FL,Rating Area 47,459.3,2,8
2017,FL,Rating Area 48,341.02,2,12
2017,FL,Rating Area 49,334.17,4,28
2017,FL,Rating Area 5,313.55,4,34
2017,FL,Rating Area 50,287.97,5,29
2017,FL,Rating Area 51,316.31,4,27
2017,FL,Rating Area 52,315.7,5,29
2017,FL,Rating Area 53,320.58,4,28
2017,FL,Rating Area 54,436.36,1,4
2017,FL,Rating Area 55,338.7,2,12
2017,FL,Rating Area 56,324.68,3,26
2017,FL,Rating Area 57,340.38,4,35
2017,FL,Rating Area 58,331.69,2,12
2017,FL,Rating Area 59,388.09,2,8
2017,FL,Rating Area 6,293.45,5,29
2017,FL,Rating Area 60,299.77,2,12
2017,FL,Rating Area 61,370.39,2,8
2017,FL,Rating Area 62,411.89,1,4
2017,FL,Rating Area 63,437.93,1,4
2017,FL,Rating Area 64,307.17,6,45
2017,FL,Rating Area 65,484.27,1,4
2017,FL,Rating Area 66,332.08,2,12
2017,FL,Rating Area 67,416.05,1,4
2017,FL,Rating Area 7,406.16,1,4
2017,FL,Rating Area 8,299.24,3,26
2017,FL,Rating Area 9,291.93,3,26
2017,GA,Rating Area 1,477.18,1,6
2017,GA,Rating Area 10,406.26,2,10
2017,GA,Rating Area 11,430.29,1,6
2017,GA,Rating Area 12,346.66,2,13
2017,GA,Rating Area 13,390.49,2,10
2017,GA,Rating Area 14,246.63,3,27
2017,GA,Rating Area 15,469.75,1,6
2017,GA,Rating Area 16,365.37,1,6
2017,GA,Rating Area 2,270.88,3,24
2017,GA,Rating Area 3,277.49,5,35
2017,GA,Rating Area 4,444.74,2,10
2017,GA,Rating Area 5,321.75,1,12
2017,GA,Rating Area 6,405.47,1,6
2017,GA,Rating Area 7,394.29,2,10
2017,GA,Rating Area 8,285.49,3,27
2017,GA,Rating Area 9,368.46,2,10
2017,HI,Rating Area 1,325.26,2,7
2017,IA,Rating Area 1,392.05,3,12
2017,IA,Rating Area 2,273.85,3,16
2017,IA,Rating Area 3,341.8,3,12
2017,IA,Rating Area 4,363.55,3,20
2017,IA,Rating Area 5,381.8,4,13
2017,IA,Rating Area 6,288.07,5,26
2017,IA,Rating Area 7,319.41,4,17
2017,IL,Rating Area 1,282.59,3,21
2017,IL,Rating Area 10,399.23,3,13
2017,IL,Rating Area 11,475.68,2,12
2017,IL,Rating Area 12,464.06,1,4
2017,IL,Rating Area 13,479.93,2,12
2017,IL,Rating Area 2,342.54,1,8
2017,IL,Rating Area 3,340.47,3,19
2017,IL,Rating Area 4,333.0,3,19
2017,IL,Rating Area 5,433.95,2,6
2017,IL,Rating Area 6,454.45,2,12
2017,IL,Rating Area 7,407.73,3,15
2017,IL,Rating Area 8,394.99,3,14
2017,IL,Rating Area 9,394.99,2,12
2017,IN,Rating Area 1,247.54,4,25
2017,IN,Rating Area 10,284.29,4,27
2017,IN,Rating Area 11,288.75,4,25
2017,IN,Rating Area 12,266.55,3,16
2017,IN,Rating Area 13,283.49,4,27
2017,IN,Rating Area 14,272.94,3,14
2017,IN,Rating Area 15,201.08,4,25
2017,IN,Rating Area 16,215.78,4,27
2017,IN,Rating Area 17,240.45,4,25
2017,IN,Rating Area 2,259.89,4,25
2017,IN,Rating Area 3,224.18,4,27
2017,IN,Rating Area 4,249.64,4,27
2017,IN,Rating Area 5,298.65,3,14
2017,IN,Rating Area 6,246.49,4,25
2017,IN,Rating Area 7,282.93,4,25
2017,IN,Rating Area 8,278.77,3,14
2017,IN,Rating Area 9,303.6,3,14
2017,KS,Rating Area 1,351.64,3,8
2017,KS,Rating Area 2,370.56,2,4
2017,KS,Rating Area 3,361.28,2,4
2017,KS,Rating Area 4,401.34,2,4
2017,KS,Rating Area 5,375.75,2,4
2017,KS,Rating Area 6,360.91,2,4
2017,KS,Rating Area 7,345.33,2,4
2017,KY,Rating Area 1,320.7,1,6
2017,KY,Rating Area 2,344.71,1,6
2017,KY,Rating Area 3,216.5,3,11
2017,KY,Rating Area 4,257.26,2,10
2017,KY,Rating Area 5,236.29,3,11
2017,KY,Rating Area 6,262.68,2,10
2017,KY,Rating Area 7,291.18,2,10
2017,KY,Rating Area 8,228.99,2,10
2017,LA,Rating Area 1,352.19,4,10
2017,LA,Rating Area 2,400.22,3,7
2017,LA,Rating Area 3,399.61,4,10
2017,LA,Rating Area 4,427.03,3,7
2017,LA,Rating Area 5,414.3,3,8
2017,LA,Rating Area 6,416.41,4,8
2017,LA,Rating Area 7,436.25,3,7
2017,LA,Rating Area 8,401.38,3,8
2017,ME,Rating Area 1,334.32,3,13
2017,ME,Rating Area 2,354.57,3,13
2017,ME,Rating Area 3,373.12,3,18
2017,ME,Rating Area 4,513.0,3,10
2017,MI,Rating Area 1,233.36,9,41
2017,MI,Rating Area 10,292.07,6,31
2017,MI,Rating Area 11,313.48,4,24
2017,MI,Rating Area 12,239.0,7,47
2017,MI,Rating Area 13,296.71,5,29
2017,MI,Rating Area 14,293.86,4,22
2017,MI,Rating Area 15,303.0,5,24
2017,MI,Rating Area 16,397.18,2,7
2017,MI,Rating Area 2,233.36,9,41
2017,MI,Rating Area 3,312.48,5,27
2017,MI,Rating Area 4,280.04,7,31
2017,MI,Rating Area 5,236.06,9,50
2017,MI,Rating Area 6,296.71,6,27
2017,MI,Rating Area 7,292.29,7,44
2017,MI,Rating Area 8,288.45,6,34
2017,MI,Rating Area 9,285.19,5,30
2017,MO,Rating Area 1,341.1,2,5
2017,MO,Rating Area 10,452.09,1,9
2017,MO,Rating Area 2,466.33,1,9
2017,MO,Rating Area 3,341.6,3,7
2017,MO,Rating Area 4,516.86,1,1
2017,MO,Rating Area 5,450.3,1,9
2017,MO,Rating Area 6,305.09,2,13
2017,MO,Rating Area 7,350.54,2,10
2017,MO,Rating Area 8,392.59,2,10
2017,MO,Rating Area 9,440.91,1,9
2017,MS,Rating Area 1,301.08,2,14
2017,MS,Rating Area 2,330.92,1,13
2017,MS,Rating Area 3,346.67,2,14
2017,MS,Rating Area 4,356.18,2,15
2017,MS,Rating Area 5,356.51,2,14
2017,MS,Rating Area 6,304.36,2,15
2017,MT,Rating Area 1,402.39,3,8
2017,MT,Rating Area 2,434.95,3,6
2017,MT,Rating Area 3,402.39,3,9
2017,MT,Rating Area 4,422.42,3,7
2017,NC,Rating Area 1,536.88,1,3
2017,NC,Rating Area 10,576.43,1,3
2017,NC,Rating Area 11,437.66,2,7
2017,NC,Rating Area 12,548.17,1,3
2017,NC,Rating Area 13,447.31,2,7
2017,NC,Rating Area 14,424.45,2,6
2017,NC,Rating Area 15,510.87,1,5
2017,NC,Rating Area 16,553.83,1,3
2017,NC,Rating Area 2,490.02,1,5
2017,NC,Rating Area 3,559.48,1,3
2017,NC,Rating Area 4,565.02,1,4
2017,NC,Rating Area 5,561.45,1,5
2017,NC,Rating Area 6,510.02,1,5
2017,NC,Rating Area 7,519.92,1,3
2017,NC,Rating Area 8,570.78,1,3
2017,NC,Rating Area 9,593.39,1,3
2017,ND,Rating Area 1,323.64,3,8
2017,ND,Rating Area 2,323.64,3,8
2017,ND,Rating Area 3,323.64,3,10
2017,ND,Rating Area 4,323.64,3,10
2017,NE,Rating Area 1,368.36,2,18
2017,NE,Rating Area 2,456.95,2,6
2017,NE,Rating Area 3,574.32,2,6
2017,NE,Rating Area 4,636.43,2,6
2017,NH,Rating Area 1,264.55,4,12
2017,NJ,Rating Area 1,337.52,3,9
2017,NM,Rating Area 1,240.04,4,7
2017,NM,Rating Area 2,266.71,4,7
2017,NM,Rating Area 3,250.71,4,7
2017,NM,Rating Area 4,231.1,4,9
2017,NM,Rating Area 5,231.1,4,9
2017,NV,Rating Area 1,279.19,3,12
2017,NV,Rating Area 2,314.41,4,16
2017,NV,Rating Area 3,359.58,3,11
2017,NV,Rating Area 4,454.46,2,9
2017,OH,Rating Area 1,232.0,6,34
2017,OH,Rating Area 10,289.93,3,17
2017,OH,Rating Area 11,224.44,5,30
2017,OH,Rating Area 12,240.77,5,31
2017,OH,Rating Area 13,218.47,4,19
2017,OH,Rating Area 14,241.78,3,31
2017,OH,Rating Area 15,209.32,6,46
2017,OH,Rating Area 16,310.21,3,31
2017,OH,Rating Area 17,310.21,4,19
2017,OH,Rating Area 2,251.61,3,25
2017,OH,Rating Area 3,240.01,7,35
2017,OH,Rating Area 4,234.18,7,35
2017,OH,Rating Area 5,260.03,4,19
2017,OH,Rating Area 6,281.57,3,18
2017,OH,Rating Area 7,344.65,2,13
2017,OH,Rating Area 8,285.88,3,17
2017,OH,Rating Area 9,284.11,4,19
2017,OK,Rating Area 1,543.4,1,5
2017,OK,Rating Area 2,484.54,1,5
2017,OK,Rating Area 3,485.34,1,5
2017,OK,Rating Area 4,507.19,1,5
2017,OK,Rating Area 5,493.29,1,5
2017,OR,Rating Area 1,302.0,5,14
2017,OR,Rating Area 2,302.0,3,8
2017,OR,Rating Area 3,302.0,5,16
2017,OR,Rating Area 4,369.16,5,11
2017,OR,Rating Area 5,302.0,4,13
2017,OR,Rating Area 6,302.0,5,14
2017,OR,Rating Area 7,351.59,4,11
2017,PA,Rating Area 1,231.94,3,15
2017,PA,Rating Area 2,289.07,2,6
2017,PA,Rating Area 3,395.86,2,4
2017,PA,Rating Area 4,231.94,3,18
2017,PA,Rating Area 5,231.94,4,14
2017,PA,Rating Area 6,289.07,4,9
2017,PA,Rating Area 7,524.83,3,5
2017,PA,Rating Area 8,373.95,2,3
2017,PA,Rating Area 9,441.13,3,6
2017,SC,Rating Area 1,376.54,1,15
2017,SC,Rating Area 10,374.22,1,15
2017,SC,Rating Area 11,379.25,1,15
2017,SC,Rating Area 12,394.34,1,15
2017,SC,Rating Area 13,385.25,1,15
2017,SC,Rating Area 14,373.64,1,15
2017,SC,Rating Area 15,400.54,1,15
2017,SC,Rating Area 16,385.83,1,15
2017,SC,Rating Area 17,399.76,1,15
2017,SC,Rating Area 18,385.25,1,15
2017,SC,Rating Area 19,412.53,1,15
2017,SC,Rating Area 2,421.82,1,15
2017,SC,Rating Area 20,380.22,1,15
2017,SC,Rating Area 21,385.83,1,15
2017,SC,Rating Area 22,391.83,1,15
2017,SC,Rating Area 23,375.19,1,15
2017,SC,Rating Area 24,408.08,1,15
2017,SC,Rating Area 25,350.81,1,15
2017,SC,Rating Area 26,370.93,1,15
2017,SC,Rating Area 27,343.45,1,15
2017,SC,Rating Area 28,395.31,1,15
2017,SC,Rating Area 29,402.28,1,15
2017,SC,Rating Area 3,387.38,1,15
2017,SC,Rating Area 30,375.19,1,15
2017,SC,Rating Area 31,385.83,1,15
2017,SC,Rating Area 32,395.5,1,15
2017,SC,Rating Area 33,397.25,1,15
2017,SC,Rating Area 34,399.76,1,15
2017,SC,Rating Area 35,404.41,1,15
2017,SC,Rating Area 36,380.22,1,15
2017,SC,Rating Area 37,411.95,1,15
2017,SC,Rating Area 38,367.45,1,15
2017,SC,Rating Area 39,404.41,1,15
2017,SC,Rating Area 4,426.66,1,15
2017,SC,Rating Area 40,403.05,1,15
2017,SC,Rating Area 41,376.54,1,15
2017,SC,Rating Area 42,366.48,1,15
2017,SC,Rating Area 43,419.69,1,15
2017,SC,Rating Area 44,371.32,1,15
2017,SC,Rating Area 45,405.95,1,15
2017,SC,Rating Area 46,407.89,1,15
2017,SC,Rating Area 5,384.28,1,15
2017,SC,Rating Area 6,427.04,1,15
2017,SC,Rating Area 7,376.16,1,15
2017,SC,Rating Area 8,385.25,1,15
2017,SC,Rating Area 9,374.99,1,15
2017,SD,Rating Area 1,448.58,2,8
2017,SD,Rating Area 2,422.87,2,10
2017,SD,Rating Area 3,418.13,2,10
2017,SD,Rating Area 4,426.41,2,8
2017,TN,Rating Area 1,369.62,2,6
2017,TN,Rating Area 2,417.22,1,1
2017,TN,Rating Area 3,506.22,1,2
2017,TN,Rating Area 4,399.75,2,5
2017,TN,Rating Area 5,523.75,1,2
2017,TN,Rating Area 6,397.61,2,4
2017,TN,Rating Area 7,460.04,1,2
2017,TN,Rating Area 8,525.26,1,2
2017,TX,Rating Area 1,440.6,2,7
2017,TX,Rating Area 10,282.6,3,11
2017,TX,Rating Area 11,285.28,3,17
2017,TX,Rating Area 12,298.9,2,8
2017,TX,Rating Area 13,441.56,1,5
2017,TX,Rating Area 14,429.79,2,7
2017,TX,Rating Area 15,211.86,4,20
2017,TX,Rating Area 16,408.26,2,7
2017,TX,Rating Area 17,424.68,2,7
2017,TX,Rating Area 18,514.11,1,5
2017,TX,Rating Area 19,273.74,4,18
2017,TX,Rating Area 2,309.31,3,9
2017,TX,Rating Area 20,357.15,2,7
2017,TX,Rating Area 21,304.28,2,7
2017,TX,Rating Area 22,362.43,2,7
2017,TX,Rating Area 23,318.52,2,7
2017,TX,Rating Area 24,229.17,4,18
2017,TX,Rating Area 25,541.85,1,5
2017,TX,Rating Area 26,199.28,8,26
2017,TX,Rating Area 3,296.24,3,16
2017,TX,Rating Area 4,310.54,4,13
2017,TX,Rating Area 5,234.15,3,18
2017,TX,Rating Area 6,437.21,1,5
2017,TX,Rating Area 7,287.65,3,9
2017,TX,Rating Area 8,277.16,3,18
2017,TX,Rating Area 9,256.7,3,18
2017,UT,Rating Area 1,371.26,2,5
2017,UT,Rating Area 2,297.93,3,11
2017,UT,Rating Area 3,290.86,3,11
2017,UT,Rating Area 4,298.73,3,11
2017,UT,Rating Area 5,374.75,2,5
2017,UT,Rating Area 6,379.97,2,5
2017,VA,Rating Area 1,355.51,3,11
2017,VA,Rating Area 10,295.5,8,26
2017,VA,Rating Area 11,295.5,3,11
2017,VA,Rating Area 12,295.5,7,40
2017,VA,Rating Area 2,303.26,5,19
2017,VA,Rating Area 3,330.59,4,17
2017,VA,Rating Area 4,333.01,2,7
2017,VA,Rating Area 5,328.47,1,5
2017,VA,Rating Area 6,337.0,4,15
2017,VA,Rating Area 7,289.27,7,32
2017,VA,Rating Area 8,346.61,3,11
2017,VA,Rating Area 9,335.85,3,11
2017,WI,Rating Area 1,366.25,4,15
2017,WI,Rating Area 10,381.55,4,27
2017,WI,Rating Area 11,323.75,8,71
2017,WI,Rating Area 12,377.83,7,38
2017,WI,Rating Area 13,343.69,4,27
2017,WI,Rating Area 14,260.65,7,72
2017,WI,Rating Area 15,256.73,7,73
2017,WI,Rating Area 16,360.82,5,34
2017,WI,Rating Area 2,278.42,3,33
2017,WI,Rating Area 3,435.93,2,5
2017,WI,Rating Area 4,429.74,3,13
2017,WI,Rating Area 5,401.63,3,15
2017,WI,Rating Area 6,401.63,4,28
2017,WI,Rating Area 7,293.56,6,69
2017,WI,Rating Area 8,399.9,5,33
2017,WI,Rating Area 9,375.29,4,15
2017,WV,Rating Area 1,454.04,2,7
2017,WV,Rating Area 10,384.78,2,7
2017,WV,Rating Area 11,329.2,2,7
2017,WV,Rating Area 2,505.34,2,7
2017,WV,Rating Area 3,513.89,2,7
2017,WV,Rating Area 4,436.08,2,7
2017,WV,Rating Area 5,396.32,2,7
2017,WV,Rating Area 6,444.02,1,3
2017,WV,Rating Area 7,444.02,1,3
2017,WV,Rating Area 8,432.23,2,7
2017,WV,Rating Area 9,484.82,2,7
2017,WY,Rating Area 1,501.54,1,12
2017,WY,Rating Area 2,457.07,1,12
2017,WY,Rating Area 3,501.54,1,12
2018,AK,Rating Area 1,681.0,1,2
2018,AK,Rating Area 2,716.0,1,2
2018,AK,Rating Area 3,699.0,1,2
2018,AL,Rating Area 1,509.25,1,2
2018,AL,Rating Area 10,520.09,1,2
2018,AL,Rating Area 11,509.25,1,2
2018,AL,Rating Area 12,471.33,1,2
2018,AL,Rating Area 13,493.0,1,2
2018,AL,Rating Area 2,520.09,1,2
2018,AL,Rating Area 3,541.76,2,4
2018,AL,Rating Area 4,520.09,1,2
2018,AL,Rating Area 5,509.25,1,2
2018,AL,Rating Area 6,520.09,1,2
2018,AL,Rating Area 7,471.33,1,2
2018,AL,Rating Area 8,509.25,1,2
2018,AL,Rating Area 9,555.3,1,2
2018,AR,Rating Area 1,353.22,4,17
2018,AR,Rating Area 2,329.13,4,17
2018,AR,Rating Area 3,334.22,4,17
2018,AR,Rating Area 4,328.11,4,17
2018,AR,Rating Area 5,352.2,4,17
2018,AR,Rating Area 6,356.27,3,13
2018,AR,Rating Area 7,317.93,3,13
2018,AZ,Rating Area 1,618.15,1,1
2018,AZ,Rating Area 2,723.0,1,1
2018,AZ,Rating Area 3,731.64,1,2
2018,AZ,Rating Area 4,470.78,1,2
2018,AZ,Rating Area 5,559.39,1,2
2018,AZ,Rating Area 6,332.11,2,3
2018,AZ,Rating Area 7,599.14,1,1
2018,DE,Rating Area 1,572.79,1,3
2018,FL,Rating Area 1,463.19,3,27
2018,FL,Rating Area 10,451.37,3,27
2018,FL,Rating Area 11,483.97,2,8
2018,FL,Rating Area 12,546.35,2,8
2018,FL,Rating Area 13,557.13,2,8
2018,FL,Rating Area 14,553.54,2,8
2018,FL,Rating Area 15,447.48,4,29
2018,FL,Rating Area 16,475.3,2,12
2018,FL,Rating Area 17,455.57,4,32
2018,FL,Rating Area 18,708.01,1,4
2018,FL,Rating Area 19,778.03,1,4
2018,FL,Rating Area 2,490.64,2,12
2018,FL,Rating Area 20,547.53,2,8
2018,FL,Rating Area 21,778.89,1,4
2018,FL,Rating Area 22,420.0,1,8
2018,FL,Rating Area 23,712.33,1,4
2018,FL,Rating Area 24,839.4,1,4
2018,FL,Rating Area 25,528.35,2,8
2018,FL,Rating Area 26,437.13,3,27
2018,FL,Rating Area 27,486.8,1,8
2018,FL,Rating Area 28,427.63,4,29
2018,FL,Rating Area 29,685.53,1,4
2018,FL,Rating Area 3,423.84,2,12
2018,FL,Rating Area 30,436.42,2,23
2018,FL,Rating Area 31,688.13,1,4
2018,FL,Rating Area 32,777.16,1,4
2018,FL,Rating Area 33,697.63,1,4
2018,FL,Rating Area 34,449.03,3,27
2018,FL,Rating Area 35,600.31,2,8
2018,FL,Rating Area 36,692.45,1,4
2018,FL,Rating Area 37,511.56,2,8
2018,FL,Rating Area 38,721.84,1,4
2018,FL,Rating Area 39,677.75,1,4
2018,FL,Rating Area 4,520.55,2,8
2018,FL,Rating Area 40,407.35,3,27
2018,FL,Rating Area 41,404.76,3,27
2018,FL,Rating Area 42,455.59,2,12
2018,FL,Rating Area 43,434.54,4,29
2018,FL,Rating Area 44,931.9,1,4
2018,FL,Rating Area 45,623.7,2,8
2018,FL,Rating Area 46,464.35,2,12
2018,FL,Rating Area 47,641.1,2,8
2018,FL,Rating Area 48,468.51,3,27
2018,FL,Rating Area 49,458.93,4,29
2018,FL,Rating Area 5,425.2,4,36
2018,FL,Rating Area 50,414.69,4,29
2018,FL,Rating Area 51,442.31,3,27
2018,FL,Rating Area 52,437.99,4,29
2018,FL,Rating Area 53,431.09,4,29
2018,FL,Rating Area 54,709.74,1,4
2018,FL,Rating Area 55,490.64,2,12
2018,FL,Rating Area 56,459.43,3,27
2018,FL,Rating Area 57,451.8,5,51
2018,FL,Rating Area 58,452.31,2,12
2018,FL,Rating Area 59,462.16,3,23
2018,FL,Rating Area 6,418.14,4,29
2018,FL,Rating Area 60,432.59,2,12
2018,FL,Rating Area 61,529.55,2,8
2018,FL,Rating Area 62,666.52,1,4
2018,FL,Rating Area 63,748.64,1,4
2018,FL,Rating Area 64,423.32,5,47
2018,FL,Rating Area 65,796.18,1,4
2018,FL,Rating Area 66,481.33,2,12
2018,FL,Rating Area 67,682.07,1,4
2018,FL,Rating Area 7,669.11,1,4
2018,FL,Rating Area 8,406.06,3,27
2018,FL,Rating Area 9,412.96,3,27
2018,GA,Rating Area 1,529.15,1,7
2018,GA,Rating Area 10,688.66,1,2
2018,GA,Rating Area 11,628.75,1,7
2018,GA,Rating Area 12,549.73,1,14
2018,GA,Rating Area 13,633.18,1,2
2018,GA,Rating Area 14,372.55,2,14
2018,GA,Rating Area 15,740.1,1,7
2018,GA,Rating Area 16,548.3,1,7
2018,GA,Rating Area 2,386.56,2,14
2018,GA,Rating Area 3,417.05,3,22
2018,GA,Rating Area 4,666.4,1,7
2018,GA,Rating Area 5,464.41,1,14
2018,GA,Rating Area 6,639.01,1,7
2018,GA,Rating Area 7,586.63,1,2
2018,GA,Rating Area 8,407.99,2,14
2018,GA,Rating Area 9,577.07,1,2
2018,HI,Rating Area 1,437.01,2,6
2018,IA,Rating Area 1,673.1,1,2
2018,IA,Rating Area 2,656.01,1,2
2018,IA,Rating Area 3,653.28,1,2
2018,IA,Rating Area 4,700.43,1,2
2018,IA,Rating Area 5,684.71,1,2
2018,IA,Rating Area 6,702.48,1,2
2018,IA,Rating Area 7,681.3,1,2
2018,IL,Rating Area 1,402.98,3,14
2018,IL,Rating Area 10,547.65,2,28
2018,IL,Rating Area 11,557.72,2,28
2018,IL,Rating Area 12,541.63,1,1
2018,IL,Rating Area 13,664.16,2,28
2018,IL,Rating Area 2,458.11,1,3
2018,IL,Rating Area 3,433.2,3,13
2018,IL,Rating Area 4,439.92,3,32
2018,IL,Rating Area 5,499.23,1,2
2018,IL,Rating Area 6,537.41,2,28
2018,IL,Rating Area 7,519.02,2,29
2018,IL,Rating Area 8,489.44,2,29
2018,IL,Rating Area 9,541.82,2,28
2018,IN,Rating Area 1,305.86,2,18
2018,IN,Rating Area 10,364.47,2,20
2018,IN,Rating Area 11,356.89,2,18
2018,IN,Rating Area 12,351.41,2,20
2018,IN,Rating Area 13,367.51,2,20
2018,IN,Rating Area 14,328.46,1,6
2018,IN,Rating Area 15,267.68,2,18
2018,IN,Rating Area 16,296.11,2,20
2018,IN,Rating Area 17,320.47,2,18
2018,IN,Rating Area 2,299.35,2,18
2018,IN,Rating Area 3,283.92,2,20
2018,IN,Rating Area 4,315.1,2,20
2018,IN,Rating Area 5,371.27,1,6
2018,IN,Rating Area 6,318.53,2,18
2018,IN,Rating Area 7,340.45,2,18
2018,IN,Rating Area 8,342.5,1,6
2018,IN,Rating Area 9,389.08,1,6
2018,KS,Rating Area 1,467.14,3,6
2018,KS,Rating Area 2,492.27,2,3
2018,KS,Rating Area 3,479.95,2,3
2018,KS,Rating Area 4,533.16,2,3
2018,KS,Rating Area 5,499.16,2,3
2018,KS,Rating Area 6,479.45,2,3
2018,KS,Rating Area 7,458.76,2,3
2018,KY,Rating Area 1,457.88,1,4
2018,KY,Rating Area 2,481.21,1,4
2018,KY,Rating Area 3,342.03,2,11
2018,KY,Rating Area 4,298.83,2,10
2018,KY,Rating Area 5,373.91,1,6
2018,KY,Rating Area 6,411.08,1,6
2018,KY,Rating Area 7,360.26,2,10
2018,KY,Rating Area 8,409.94,2,10
2018,LA,Rating Area 1,408.64,3,13
2018,LA,Rating Area 2,454.04,3,9
2018,LA,Rating Area 3,455.49,3,11
2018,LA,Rating Area 4,484.46,3,9
2018,LA,Rating Area 5,469.63,3,10
2018,LA,Rating Area 6,494.91,3,9
2018,LA,Rating Area 7,494.91,3,9
2018,LA,Rating Area 8,395.55,3,11
2018,ME,Rating Area 1,488.83,2,8
2018,ME,Rating Area 2,527.63,2,8
2018,ME,Rating Area 3,553.49,2,8
2018,ME,Rating Area 4,790.49,2,5
2018,MI,Rating Area 1,298.08,7,26
2018,MI,Rating Area 10,439.52,5,15
2018,MI,Rating Area 11,435.03,5,11
2018,MI,Rating Area 12,344.18,7,29
2018,MI,Rating Area 13,406.38,5,9
2018,MI,Rating Area 14,391.67,4,8
2018,MI,Rating Area 15,404.14,5,11
2018,MI,Rating Area 16,528.39,2,6
2018,MI,Rating Area 2,298.08,7,26
2018,MI,Rating Area 3,410.11,5,14
2018,MI,Rating Area 4,390.52,6,17
2018,MI,Rating Area 5,298.08,7,27
2018,MI,Rating Area 6,409.89,5,11
2018,MI,Rating Area 7,344.18,6,23
2018,MI,Rating Area 8,384.32,6,15
2018,MI,Rating Area 9,424.85,5,15
2018,MO,Rating Area 1,483.49,2,5
2018,MO,Rating Area 10,611.83,1,9
2018,MO,Rating Area 2,662.68,1,9
2018,MO,Rating Area 3,484.09,2,5
2018,MO,Rating Area 4,601.36,1,3
2018,MO,Rating Area 5,457.02,2,11
2018,MO,Rating Area 6,420.99,2,5
2018,MO,Rating Area 7,502.58,2,12
2018,MO,Rating Area 8,536.26,2,12
2018,MO,Rating Area 9,611.63,1,9
2018,MS,Rating Area 1,441.02,1,3
2018,MS,Rating Area 2,484.69,1,3
2018,MS,Rating Area 3,507.72,1,3
2018,MS,Rating Area 4,521.64,1,3
2018,MS,Rating Area 5,522.12,1,3
2018,MS,Rating Area 6,445.82,1,3
2018,MT,Rating Area 1,476.14,3,6
2018,MT,Rating Area 2,514.09,3,4
2018,MT,Rating Area 3,476.14,3,7
2018,MT,Rating Area 4,499.3,3,5
2018,NC,Rating Area 1,609.61,1,3
2018,NC,Rating Area 10,588.14,1,5
2018,NC,Rating Area 11,532.85,2,7
2018,NC,Rating Area 12,635.82,1,3
2018,NC,Rating Area 13,540.57,2,7
2018,NC,Rating Area 14,528.92,2,6
2018,NC,Rating Area 15,584.2,1,5
2018,NC,Rating Area 16,622.72,1,3
2018,NC,Rating Area 2,577.53,1,5
2018,NC,Rating Area 3,642.37,1,3
2018,NC,Rating Area 4,659.19,1,4
2018,NC,Rating Area 5,624.19,1,7
2018,NC,Rating Area 6,595.02,1,5
2018,NC,Rating Area 7,609.61,1,3
2018,NC,Rating Area 8,648.93,1,3
2018,NC,Rating Area 9,662.04,1,3
2018,ND,Rating Area 1,280.35,2,6
2018,ND,Rating Area 2,280.35,2,6
2018,ND,Rating Area 3,414.4,1,2
2018,ND,Rating Area 4,280.35,2,6
2018,NE,Rating Area 1,677.01,1,2
2018,NE,Rating Area 2,617.99,1,2
2018,NE,Rating Area 3,729.6,1,2
2018,NE,Rating Area 4,827.02,1,1
2018,NH,Rating Area 1,456.57,3,8
2018,NJ,Rating Area 1,398.55,4,11
2018,NM,Rating Area 1,388.3,4,5
2018,NM,Rating Area 2,424.05,4,5
2018,NM,Rating Area 3,424.87,4,5
2018,NM,Rating Area 4,380.71,4,7
2018,NM,Rating Area 5,441.53,4,7
2018,NV,Rating Area 1,364.7,2,7
2018,NV,Rating Area 2,503.68,2,7
2018,NV,Rating Area 3,641.29,1,2
2018,NV,Rating Area 4,642.65,1,2
2018,OH,Rating Area 1,330.99,5,32
2018,OH,Rating Area 10,415.32,2,8
2018,OH,Rating Area 11,307.09,5,30
2018,OH,Rating Area 12,326.04,5,27
2018,OH,Rating Area 13,303.47,4,23
2018,OH,Rating Area 14,349.63,3,24
2018,OH,Rating Area 15,296.88,5,38
2018,OH,Rating Area 16,384.52,4,35
2018,OH,Rating Area 17,415.45,3,12
2018,OH,Rating Area 2,347.29,4,31
2018,OH,Rating Area 3,359.9,4,23
2018,OH,Rating Area 4,326.86,4,23
2018,OH,Rating Area 5,376.87,3,12
2018,OH,Rating Area 6,374.35,3,15
2018,OH,Rating Area 7,450.13,1,4
2018,OH,Rating Area 8,401.75,2,10
2018,OH,Rating Area 9,384.63,4,23
2018,OK,Rating Area 1,558.94,1,2
2018,OK,Rating Area 2,499.63,1,2
2018,OK,Rating Area 3,507.37,1,2
2018,OK,Rating Area 4,531.62,1,2
2018,OK,Rating Area 5,523.93,1,2
2018,OR,Rating Area 1,375.0,5,11
2018,OR,Rating Area 2,375.0,3,5
2018,OR,Rating Area 3,375.0,3,7
2018,OR,Rating Area 4,464.0,3,4
2018,OR,Rating Area 5,375.0,3,8
2018,OR,Rating Area 6,375.0,4,11
2018,OR,Rating Area 7,453.0,2,5
2018,PA,Rating Area 1,349.75,2,15
2018,PA,Rating Area 2,441.45,2,6
2018,PA,Rating Area 3,441.84,3,9
2018,PA,Rating Area 4,349.75,3,17
2018,PA,Rating Area 5,349.75,3,12
2018,PA,Rating Area 6,441.45,4,11
2018,PA,Rating Area 7,602.96,4,4
2018,PA,Rating Area 8,465.6,2,3
2018,PA,Rating Area 9,627.11,3,6
2018,SC,Rating Area 1,500.47,1,14
2018,SC,Rating Area 10,497.35,1,14
2018,SC,Rating Area 11,504.11,1,14
2018,SC,Rating Area 12,524.13,1,14
2018,SC,Rating Area 13,512.17,1,14
2018,SC,Rating Area 14,496.57,1,14
2018,SC,Rating Area 15,532.45,1,14
2018,SC,Rating Area 16,512.95,1,14
2018,SC,Rating Area 17,531.41,1,14
2018,SC,Rating Area 18,512.17,1,14
2018,SC,Rating Area 19,548.31,1,14
2018,SC,Rating Area 2,560.78,1,14
2018,SC,Rating Area 20,505.41,1,14
2018,SC,Rating Area 21,512.95,1,14
2018,SC,Rating Area 22,520.75,1,14
2018,SC,Rating Area 23,498.65,1,14
2018,SC,Rating Area 24,542.59,1,14
2018,SC,Rating Area 25,466.41,1,14
2018,SC,Rating Area 26,493.19,1,14
2018,SC,Rating Area 27,456.53,1,14
2018,SC,Rating Area 28,525.43,1,14
2018,SC,Rating Area 29,567.8,1,14
2018,SC,Rating Area 3,515.03,1,14
2018,SC,Rating Area 30,498.65,1,14
2018,SC,Rating Area 31,512.95,1,14
2018,SC,Rating Area 32,558.44,1,14
2018,SC,Rating Area 33,528.03,1,14
2018,SC,Rating Area 34,531.41,1,14
2018,SC,Rating Area 35,537.65,1,14
2018,SC,Rating Area 36,505.41,1,14
2018,SC,Rating Area 37,547.53,1,14
2018,SC,Rating Area 38,488.51,1,14
2018,SC,Rating Area 39,537.65,1,14
2018,SC,Rating Area 4,567.28,1,14
2018,SC,Rating Area 40,561.56,1,14
2018,SC,Rating Area 41,500.47,1,14
2018,SC,Rating Area 42,487.21,1,14
2018,SC,Rating Area 43,557.92,1,14
2018,SC,Rating Area 44,493.71,1,14
2018,SC,Rating Area 45,539.73,1,14
2018,SC,Rating Area 46,568.32,1,14
2018,SC,Rating Area 5,510.87,1,14
2018,SC,Rating Area 6,567.8,1,14
2018,SC,Rating Area 7,499.95,1,14
2018,SC,Rating Area 8,512.17,1,14
2018,SC,Rating Area 9,498.39,1,14
2018,SD,Rating Area 1,530.23,2,8
2018,SD,Rating Area 2,426.32,2,12
2018,SD,Rating Area 3,426.32,2,12
2018,SD,Rating Area 4,499.06,2,8
2018,TN,Rating Area 1,524.4,2,4
2018,TN,Rating Area 2,625.64,1,2
2018,TN,Rating Area 3,622.49,1,2
2018,TN,Rating Area 4,550.39,2,4
2018,TN,Rating Area 5,659.61,1,2
2018,TN,Rating Area 6,601.06,1,2
2018,TN,Rating Area 7,589.46,1,2
2018,TN,Rating Area 8,668.56,1,2
2018,TX,Rating Area 1,520.32,2,4
2018,TX,Rating Area 10,389.61,4,19
2018,TX,Rating Area 11,432.55,3,15
2018,TX,Rating Area 12,387.33,2,5
2018,TX,Rating Area 13,540.19,1,2
2018,TX,Rating Area 14,539.2,2,4
2018,TX,Rating Area 15,319.1,3,16
2018,TX,Rating Area 16,523.02,2,4
2018,TX,Rating Area 17,487.98,2,4
2018,TX,Rating Area 18,621.69,1,2
2018,TX,Rating Area 19,368.63,3,16
2018,TX,Rating Area 2,501.46,2,4
2018,TX,Rating Area 20,582.8,1,2
2018,TX,Rating Area 21,457.11,2,4
2018,TX,Rating Area 22,524.06,2,4
2018,TX,Rating Area 23,556.06,1,2
2018,TX,Rating Area 24,334.85,3,15
2018,TX,Rating Area 25,619.29,1,2
2018,TX,Rating Area 26,295.07,6,21
2018,TX,Rating Area 3,403.65,4,17
2018,TX,Rating Area 4,407.29,4,10
2018,TX,Rating Area 5,346.67,3,16
2018,TX,Rating Area 6,402.61,3,15
2018,TX,Rating Area 7,477.69,2,4
2018,TX,Rating Area 8,411.29,3,16
2018,TX,Rating Area 9,379.76,3,16
2018,UT,Rating Area 1,603.24,2,5
2018,UT,Rating Area 2,533.87,2,9
2018,UT,Rating Area 3,498.95,2,10
2018,UT,Rating Area 4,518.9,2,9
2018,UT,Rating Area 5,606.06,2,5
2018,UT,Rating Area 6,645.53,2,5
2018,VA,Rating Area 1,566.74,1,5
2018,VA,Rating Area 10,447.48,5,14
2018,VA,Rating Area 11,513.69,1,5
2018,VA,Rating Area 12,447.48,4,15
2018,VA,Rating Area 2,571.93,2,5
2018,VA,Rating Area 3,571.93,1,3
2018,VA,Rating Area 4,810.53,1,2
2018,VA,Rating Area 5,500.15,1,5
2018,VA,Rating Area 6,571.93,1,3
2018,VA,Rating Area 7,438.55,5,17
2018,VA,Rating Area 8,527.74,1,5
2018,VA,Rating Area 9,640.74,1,2
2018,WI,Rating Area 1,548.11,3,11
2018,WI,Rating Area 10,505.02,2,16
2018,WI,Rating Area 11,469.99,6,38
2018,WI,Rating Area 12,555.98,5,22
2018,WI,Rating Area 13,515.65,2,16
2018,WI,Rating Area 14,384.51,5,40
2018,WI,Rating Area 15,418.96,5,42
2018,WI,Rating Area 16,520.97,3,20
2018,WI,Rating Area 2,426.79,3,19
2018,WI,Rating Area 3,545.91,2,5
2018,WI,Rating Area 4,568.81,2,9
2018,WI,Rating Area 5,520.97,3,11
2018,WI,Rating Area 6,531.6,3,15
2018,WI,Rating Area 7,469.19,4,32
2018,WI,Rating Area 8,558.18,3,18
2018,WI,Rating Area 9,508.77,3,11
2018,WV,Rating Area 1,514.97,2,10
2018,WV,Rating Area 10,484.16,2,10
2018,WV,Rating Area 11,444.55,2,10
2018,WV,Rating Area 2,555.07,2,10
2018,WV,Rating Area 3,584.42,2,10
2018,WV,Rating Area 4,493.94,2,10
2018,WV,Rating Area 5,463.13,2,10
2018,WV,Rating Area 6,535.78,1,4
2018,WV,Rating Area 7,535.78,1,4
2018,WV,Rating Area 8,494.92,2,10
2018,WV,Rating Area 9,555.07,2,10
2018,WY,Rating Area 1,872.83,1,4
2018,WY,Rating Area 2,795.44,1,4
2018,WY,Rating Area 3,872.83,1,4
2019,AK,Rating Area 1,686.0,1,2
2019,AK,Rating Area 2,721.0,1,2
2019,AK,Rating Area 3,704.0,1,2
2019,AL,Rating Area 1,488.49,1,2
2019,AL,Rating Area 10,504.25,1,2
2019,AL,Rating Area 11,525.26,1,2
2019,AL,Rating Area 12,477.98,1,2
2019,AL,Rating Area 13,493.74,1,2
2019,AL,Rating Area 2,541.02,1,2
2019,AL,Rating Area 3,498.58,2,3
2019,AL,Rating Area 4,541.02,1,2
2019,AL,Rating Area 5,488.49,1,2
2019,AL,Rating Area 6,488.49,1,2
2019,AL,Rating Area 7,488.49,1,2
2019,AL,Rating Area 8,488.49,1,2
2019,AL,Rating Area 9,546.27,1,2
2019,AR,Rating Area 1,362.67,4,16
2019,AR,Rating Area 2,360.5,4,16
2019,AR,Rating Area 3,354.34,4,16
2019,AR,Rating Area 4,360.14,4,16
2019,AR,Rating Area 5,366.66,4,16
2019,AR,Rating Area 6,377.53,3,13
2019,AR,Rating Area 7,363.04,3,13
2019,AZ,Rating Area 1,648.36,1,6
2019,AZ,Rating Area 2,641.14,1,2
2019,AZ,Rating Area 3,690.66,1,4
2019,AZ,Rating Area 4,415.41,4,10
2019,AZ,Rating Area 5,533.39,1,4
2019,AZ,Rating Area 6,332.33,3,9
2019,AZ,Rating Area 7,537.01,1,2
2019,DE,Rating Area 1,659.91,1,3
2019,FL,Rating Area 1,492.49,3,24
2019,FL,Rating Area 10,443.43,3,24
2019,FL,Rating Area 11,475.19,2,8
2019,FL,Rating Area 12,536.62,2,8
2019,FL,Rating Area 13,554.69,2,8
2019,FL,Rating Area 14,560.11,2,8
2019,FL,Rating Area 15,461.79,4,25
2019,FL,Rating Area 16,454.97,2,12
2019,FL,Rating Area 17,488.64,5,37
2019,FL,Rating Area 18,667.45,1,4
2019,FL,Rating Area 19,733.85,1,4
2019,FL,Rating Area 2,481.73,2,12
2019,FL,Rating Area 20,555.89,2,8
2019,FL,Rating Area 21,777.57,1,4
2019,FL,Rating Area 22,404.59,1,8
2019,FL,Rating Area 23,704.43,1,4
2019,FL,Rating Area 24,833.9,1,4
2019,FL,Rating Area 25,529.4,2,8
2019,FL,Rating Area 26,436.08,3,24
2019,FL,Rating Area 27,452.35,2,20
2019,FL,Rating Area 28,467.17,4,25
2019,FL,Rating Area 29,646.44,1,4
2019,FL,Rating Area 3,412.99,2,12
2019,FL,Rating Area 30,430.83,1,8
2019,FL,Rating Area 31,648.96,1,4
2019,FL,Rating Area 32,761.6,1,4
2019,FL,Rating Area 33,664.09,1,4
2019,FL,Rating Area 34,438.18,4,27
2019,FL,Rating Area 35,593.84,2,8
2019,FL,Rating Area 36,662.4,1,4
2019,FL,Rating Area 37,525.78,2,8
2019,FL,Rating Area 38,684.27,1,4
2019,FL,Rating Area 39,650.64,1,4
2019,FL,Rating Area 4,523.37,2,8
2019,FL,Rating Area 40,430.86,3,24
2019,FL,Rating Area 41,412.46,3,24
2019,FL,Rating Area 42,443.95,2,12
2019,FL,Rating Area 43,439.83,4,25
2019,FL,Rating Area 44,879.29,1,4
2019,FL,Rating Area 45,645.03,2,8
2019,FL,Rating Area 46,457.06,2,12
2019,FL,Rating Area 47,438.93,3,20
2019,FL,Rating Area 48,467.46,4,27
2019,FL,Rating Area 49,459.05,5,28
2019,FL,Rating Area 5,429.25,4,29
2019,FL,Rating Area 50,444.31,4,25
2019,FL,Rating Area 51,473.45,3,24
2019,FL,Rating Area 52,481.52,4,25
2019,FL,Rating Area 53,473.45,4,25
2019,FL,Rating Area 54,457.31,2,16
2019,FL,Rating Area 55,480.68,2,12
2019,FL,Rating Area 56,433.97,3,24
2019,FL,Rating Area 57,459.05,6,44
2019,FL,Rating Area 58,422.43,2,12
2019,FL,Rating Area 59,492.73,3,20
2019,FL,Rating Area 6,435.79,4,25
2019,FL,Rating Area 60,427.16,2,12
2019,FL,Rating Area 61,526.98,2,8
2019,FL,Rating Area 62,631.31,1,4
2019,FL,Rating Area 63,730.49,1,4
2019,FL,Rating Area 64,452.45,5,37
2019,FL,Rating Area 65,762.44,1,4
2019,FL,Rating Area 66,474.9,2,12
2019,FL,Rating Area 67,647.28,1,4
2019,FL,Rating Area 7,638.87,1,4
2019,FL,Rating Area 8,432.65,3,24
2019,FL,Rating Area 9,431.76,3,24
2019,GA,Rating Area 1,503.58,1,4
2019,GA,Rating Area 10,615.33,2,30
2019,GA,Rating Area 11,323.79,2,6
2019,GA,Rating Area 12,392.34,2,6
2019,GA,Rating Area 13,352.24,3,27
2019,GA,Rating Area 14,398.38,1,4
2019,GA,Rating Area 15,325.94,2,6
2019,GA,Rating Area 16,558.51,1,2
2019,GA,Rating Area 2,376.82,3,8
2019,GA,Rating Area 3,438.34,3,30
2019,GA,Rating Area 4,727.72,1,2
2019,GA,Rating Area 5,473.52,1,4
2019,GA,Rating Area 6,352.24,2,6
2019,GA,Rating Area 7,416.48,1,11
2019,GA,Rating Area 8,388.03,2,6
2019,GA,Rating Area 9,396.65,3,23
2019,HI,Rating Area 1,479.93,2,6
2019,IA,Rating Area 1,654.86,3,4
2019,IA,Rating Area 2,570.9,2,3
2019,IA,Rating Area 3,561.82,3,4
2019,IA,Rating Area 4,708.62,3,4
2019,IA,Rating Area 5,643.92,3,4
2019,IA,Rating Area 6,586.65,3,4
2019,IA,Rating Area 7,629.41,3,4
2019,IL,Rating Area 1,367.51,3,14
2019,IL,Rating Area 10,543.91,2,17
2019,IL,Rating Area 11,536.84,2,17
2019,IL,Rating Area 12,538.27,1,1
2019,IL,Rating Area 13,659.61,2,17
2019,IL,Rating Area 2,480.13,1,3
2019,IL,Rating Area 3,422.01,3,13
2019,IL,Rating Area 4,431.82,3,21
2019,IL,Rating Area 5,511.86,2,6
2019,IL,Rating Area 6,540.94,2,17
2019,IL,Rating Area 7,490.74,2,18
2019,IL,Rating Area 8,471.43,2,18
2019,IL,Rating Area 9,538.12,2,17
2019,IN,Rating Area 1,323.87,2,15
2019,IN,Rating Area 10,371.85,2,15
2019,IN,Rating Area 11,352.86,2,15
2019,IN,Rating Area 12,344.86,2,15
2019,IN,Rating Area 13,367.85,2,15
2019,IN,Rating Area 14,238.57,2,15
2019,IN,Rating Area 15,256.89,2,15
2019,IN,Rating Area 16,298.88,2,15
2019,IN,Rating Area 17,323.87,2,15
2019,IN,Rating Area 2,310.48,2,15
2019,IN,Rating Area 3,282.88,2,15
2019,IN,Rating Area 4,323.87,2,15
2019,IN,Rating Area 5,304.88,2,15
2019,IN,Rating Area 6,306.87,2,15
2019,IN,Rating Area 7,342.25,2,15
2019,IN,Rating Area 8,338.86,2,15
2019,IN,Rating Area 9,326.87,2,15
2019,KS,Rating Area 1,500.95,3,7
2019,KS,Rating Area 2,527.9,2,4
2019,KS,Rating Area 3,514.69,2,3
2019,KS,Rating Area 4,571.76,2,3
2019,KS,Rating Area 5,535.3,2,3
2019,KS,Rating Area 6,514.16,2,3
2019,KS,Rating Area 7,491.97,2,3
2019,KY,Rating Area 1,457.54,1,3
2019,KY,Rating Area 2,490.11,1,3
2019,KY,Rating Area 3,364.54,2,11
2019,KY,Rating Area 4,401.76,2,9
2019,KY,Rating Area 5,397.29,2,8
2019,KY,Rating Area 6,517.78,2,9
2019,KY,Rating Area 7,431.56,2,9
2019,KY,Rating Area 8,393.57,2,9
2019,LA,Rating Area 1,383.83,3,15
2019,LA,Rating Area 2,426.48,3,11
2019,LA,Rating Area 3,427.85,3,13
2019,LA,Rating Area 4,455.06,3,11
2019,LA,Rating Area 5,442.53,3,12
2019,LA,Rating Area 6,464.86,3,11
2019,LA,Rating Area 7,464.86,3,11
2019,LA,Rating Area 8,371.55,3,13
2019,ME,Rating Area 1,467.59,3,13
2019,ME,Rating Area 2,490.97,3,13
2019,ME,Rating Area 3,516.68,3,17
2019,ME,Rating Area 4,691.64,3,11
2019,MI,Rating Area 1,320.76,8,29
2019,MI,Rating Area 10,429.65,5,16
2019,MI,Rating Area 11,444.69,5,12
2019,MI,Rating Area 12,353.74,7,23
2019,MI,Rating Area 13,416.63,5,9
2019,MI,Rating Area 14,375.73,4,8
2019,MI,Rating Area 15,386.63,5,12
2019,MI,Rating Area 16,552.11,2,6
2019,MI,Rating Area 2,320.76,8,29
2019,MI,Rating Area 3,413.96,4,11
2019,MI,Rating Area 4,367.44,7,20
2019,MI,Rating Area 5,320.76,7,25
2019,MI,Rating Area 6,418.15,5,12
2019,MI,Rating Area 7,364.19,6,21
2019,MI,Rating Area 8,394.2,5,12
2019,MI,Rating Area 9,415.94,5,16
2019,MO,Rating Area 1,479.03,2,12
2019,MO,Rating Area 10,640.14,1,10
2019,MO,Rating Area 2,693.34,1,10
2019,MO,Rating Area 3,466.9,3,10
2019,MO,Rating Area 4,489.89,1,3
2019,MO,Rating Area 5,454.81,2,12
2019,MO,Rating Area 6,418.56,2,9
2019,MO,Rating Area 7,458.45,1,10
2019,MO,Rating Area 8,493.17,1,10
2019,MO,Rating Area 9,639.92,1,10
2019,MS,Rating Area 1,418.71,1,3
2019,MS,Rating Area 2,466.15,1,3
2019,MS,Rating Area 3,475.27,1,3
2019,MS,Rating Area 4,486.22,1,3
2019,MS,Rating Area 5,534.11,1,3
2019,MS,Rating Area 6,419.63,1,3
2019,MT,Rating Area 1,437.09,3,7
2019,MT,Rating Area 2,564.03,3,6
2019,MT,Rating Area 3,500.54,3,7
2019,MT,Rating Area 4,547.78,3,6
2019,NC,Rating Area 1,664.47,1,3
2019,NC,Rating Area 10,671.46,1,3
2019,NC,Rating Area 11,451.54,3,7
2019,NC,Rating Area 12,671.46,1,3
2019,NC,Rating Area 13,451.54,3,7
2019,NC,Rating Area 14,528.71,2,5
2019,NC,Rating Area 15,566.63,1,2
2019,NC,Rating Area 16,678.45,1,3
2019,NC,Rating Area 2,560.97,1,2
2019,NC,Rating Area 3,671.46,1,3
2019,NC,Rating Area 4,503.11,1,4
2019,NC,Rating Area 5,503.11,1,4
2019,NC,Rating Area 6,560.97,1,5
2019,NC,Rating Area 7,664.47,1,3
2019,NC,Rating Area 8,706.43,1,3
2019,NC,Rating Area 9,699.44,1,3
2019,ND,Rating Area 1,366.98,3,9
2019,ND,Rating Area 2,366.98,3,9
2019,ND,Rating Area 3,459.17,3,7
2019,ND,Rating Area 4,366.98,3,10
2019,NE,Rating Area 1,689.32,1,2
2019,NE,Rating Area 2,629.23,1,2
2019,NE,Rating Area 3,742.87,1,2
2019,NE,Rating Area 4,902.27,1,1
2019,NH,Rating Area 1,372.61,3,8
2019,NJ,Rating Area 1,341.55,4,11
2019,NM,Rating Area 1,333.72,4,6
2019,NM,Rating Area 2,343.73,4,6
2019,NM,Rating Area 3,343.73,4,6
2019,NM,Rating Area 4,350.41,4,8
2019,NM,Rating Area 5,367.09,4,8
2019,NV,Rating Area 1,356.39,2,7
2019,NV,Rating Area 2,463.7,2,7
2019,NV,Rating Area 3,621.18,1,3
2019,NV,Rating Area 4,622.05,1,3
2019,OH,Rating Area 1,345.98,5,28
2019,OH,Rating Area 10,468.57,3,16
2019,OH,Rating Area 11,322.6,5,30
2019,OH,Rating Area 12,333.29,5,24
2019,OH,Rating Area 13,324.94,4,19
2019,OH,Rating Area 14,427.33,4,15
2019,OH,Rating Area 15,312.92,6,30
2019,OH,Rating Area 16,369.69,5,32
2019,OH,Rating Area 17,457.47,4,20
2019,OH,Rating Area 2,363.01,5,32
2019,OH,Rating Area 3,340.64,4,23
2019,OH,Rating Area 4,340.3,5,32
2019,OH,Rating Area 5,440.21,3,11
2019,OH,Rating Area 6,388.92,5,25
2019,OH,Rating Area 7,465.58,1,4
2019,OH,Rating Area 8,459.4,2,10
2019,OH,Rating Area 9,381.61,5,22
2019,OK,Rating Area 1,554.71,2,3
2019,OK,Rating Area 2,497.22,2,3
2019,OK,Rating Area 3,484.77,2,4
2019,OK,Rating Area 4,543.14,2,4
2019,OK,Rating Area 5,520.29,2,4
2019,OR,Rating Area 1,408.0,5,13
2019,OR,Rating Area 2,441.0,4,6
2019,OR,Rating Area 3,408.0,3,7
2019,OR,Rating Area 4,445.0,3,4
2019,OR,Rating Area 5,408.0,3,8
2019,OR,Rating Area 6,408.0,4,11
2019,OR,Rating Area 7,495.0,2,5
2019,PA,Rating Area 1,327.97,3,12
2019,PA,Rating Area 2,429.14,3,5
2019,PA,Rating Area 3,413.87,4,21
2019,PA,Rating Area 4,327.97,3,15
2019,PA,Rating Area 5,327.97,4,11
2019,PA,Rating Area 6,577.99,5,18
2019,PA,Rating Area 7,554.12,5,11
2019,PA,Rating Area 8,464.05,3,6
2019,PA,Rating Area 9,523.49,5,10
2019,SC,Rating Area 1,535.12,1,14
2019,SC,Rating Area 10,497.54,2,19
2019,SC,Rating Area 11,538.98,1,14
2019,SC,Rating Area 12,560.23,1,14
2019,SC,Rating Area 13,547.54,1,14
2019,SC,Rating Area 14,530.98,1,14
2019,SC,Rating Area 15,532.39,1,16
2019,SC,Rating Area 16,548.37,1,14
2019,SC,Rating Area 17,568.24,1,14
2019,SC,Rating Area 18,512.29,1,16
2019,SC,Rating Area 19,586.18,1,14
2019,SC,Rating Area 2,599.42,1,14
2019,SC,Rating Area 20,540.36,1,14
2019,SC,Rating Area 21,548.37,1,14
2019,SC,Rating Area 22,556.65,1,14
2019,SC,Rating Area 23,533.19,1,14
2019,SC,Rating Area 24,580.11,1,14
2019,SC,Rating Area 25,498.69,1,14
2019,SC,Rating Area 26,527.12,1,14
2019,SC,Rating Area 27,487.93,1,14
2019,SC,Rating Area 28,561.61,1,14
2019,SC,Rating Area 29,607.15,1,14
2019,SC,Rating Area 3,550.58,1,14
2019,SC,Rating Area 30,533.19,1,14
2019,SC,Rating Area 31,548.37,1,14
2019,SC,Rating Area 32,596.94,1,14
2019,SC,Rating Area 33,564.37,1,14
2019,SC,Rating Area 34,568.24,1,14
2019,SC,Rating Area 35,574.86,1,14
2019,SC,Rating Area 36,540.36,1,14
2019,SC,Rating Area 37,585.35,1,14
2019,SC,Rating Area 38,522.15,1,14
2019,SC,Rating Area 39,574.86,1,14
2019,SC,Rating Area 4,606.6,1,14
2019,SC,Rating Area 40,600.25,1,14
2019,SC,Rating Area 41,535.12,1,14
2019,SC,Rating Area 42,520.77,1,14
2019,SC,Rating Area 43,596.39,1,14
2019,SC,Rating Area 44,527.95,1,14
2019,SC,Rating Area 45,577.07,1,14
2019,SC,Rating Area 46,607.7,1,14
2019,SC,Rating Area 5,546.16,1,14
2019,SC,Rating Area 6,607.15,1,14
2019,SC,Rating Area 7,534.57,1,14
2019,SC,Rating Area 8,512.29,1,16
2019,SC,Rating Area 9,532.91,1,14
2019,SD,Rating Area 1,626.17,2,6
2019,SD,Rating Area 2,444.18,2,11
2019,SD,Rating Area 3,446.45,2,11
2019,SD,Rating Area 4,551.15,2,6
2019,TN,Rating Area 1,494.81,2,4
2019,TN,Rating Area 2,479.16,3,6
2019,TN,Rating Area 3,516.55,2,5
2019,TN,Rating Area 4,485.1,3,7
2019,TN,Rating Area 5,581.39,1,2
2019,TN,Rating Area 6,498.34,4,10
2019,TN,Rating Area 7,519.56,1,2
2019,TN,Rating Area 8,589.27,1,2
2019,TX,Rating Area 1,505.04,2,4
2019,TX,Rating Area 10,385.45,4,17
2019,TX,Rating Area 11,468.02,3,9
2019,TX,Rating Area 12,409.22,2,4
2019,TX,Rating Area 13,503.79,2,4
2019,TX,Rating Area 14,539.27,2,4
2019,TX,Rating Area 15,356.89,3,9
2019,TX,Rating Area 16,493.02,2,4
2019,TX,Rating Area 17,483.76,2,4
2019,TX,Rating Area 18,571.28,1,2
2019,TX,Rating Area 19,393.27,3,19
2019,TX,Rating Area 2,504.98,2,4
2019,TX,Rating Area 20,562.08,1,2
2019,TX,Rating Area 21,496.41,2,4
2019,TX,Rating Area 22,510.68,2,4
2019,TX,Rating Area 23,538.34,1,2
2019,TX,Rating Area 24,380.39,3,9
2019,TX,Rating Area 25,562.06,1,2
2019,TX,Rating Area 26,343.35,6,14
2019,TX,Rating Area 3,429.23,4,15
2019,TX,Rating Area 4,422.14,4,10
2019,TX,Rating Area 5,335.02,3,13
2019,TX,Rating Area 6,448.5,3,9
2019,TX,Rating Area 7,479.29,2,4
2019,TX,Rating Area 8,410.47,3,18
2019,TX,Rating Area 9,372.55,4,16
2019,UT,Rating Area 1,579.75,3,7
2019,UT,Rating Area 2,513.08,3,11
2019,UT,Rating Area 3,479.51,3,11
2019,UT,Rating Area 4,498.69,3,11
2019,UT,Rating Area 5,582.46,3,6
2019,UT,Rating Area 6,632.85,2,5
2019,VA,Rating Area 1,612.23,1,2
2019,VA,Rating Area 10,507.85,5,9
2019,VA,Rating Area 11,554.95,1,2
2019,VA,Rating Area 12,540.57,4,11
2019,VA,Rating Area 2,569.54,3,6
2019,VA,Rating Area 3,540.4,2,4
2019,VA,Rating Area 4,573.5,2,4
2019,VA,Rating Area 5,540.3,1,2
2019,VA,Rating Area 6,569.76,2,4
2019,VA,Rating Area 7,490.07,6,13
2019,VA,Rating Area 8,570.09,1,2
2019,VA,Rating Area 9,542.23,2,4
2019,WI,Rating Area 1,477.36,4,10
2019,WI,Rating Area 10,569.66,2,12
2019,WI,Rating Area 11,481.24,6,35
2019,WI,Rating Area 12,486.59,6,21
2019,WI,Rating Area 13,575.6,2,12
2019,WI,Rating Area 14,357.98,4,38
2019,WI,Rating Area 15,373.23,5,40
2019,WI,Rating Area 16,490.47,4,17
2019,WI,Rating Area 2,368.0,3,21
2019,WI,Rating Area 3,529.88,2,4
2019,WI,Rating Area 4,623.07,2,4
2019,WI,Rating Area 5,581.53,3,6
2019,WI,Rating Area 6,581.69,3,11
2019,WI,Rating Area 7,409.51,4,34
2019,WI,Rating Area 8,623.07,3,13
2019,WI,Rating Area 9,536.6,4,10
2019,WV,Rating Area 1,564.28,2,9
2019,WV,Rating Area 10,495.37,2,9
2019,WV,Rating Area 11,464.44,2,9
2019,WV,Rating Area 2,611.48,2,9
2019,WV,Rating Area 3,657.06,2,9
2019,WV,Rating Area 4,543.12,2,9
2019,WV,Rating Area 5,510.56,2,9
2019,WV,Rating Area 6,584.56,1,3
2019,WV,Rating Area 7,584.56,1,3
2019,WV,Rating Area 8,545.83,2,9
2019,WV,Rating Area 9,614.19,2,9
2019,WY,Rating Area 1,866.73,1,4
2019,WY,Rating Area 2,789.88,1,4
2019,WY,Rating Area 3,866.73,1,4
2020,AK,Rating Area 1,683.0,2,3
2020,AK,Rating Area 2,683.0,2,3
2020,AK,Rating Area 3,720.0,1,2
2020,AL,Rating Area 1,501.69,1,2
2020,AL,Rating Area 10,517.88,1,2
2020,AL,Rating Area 11,539.46,1,2
2020,AL,Rating Area 12,490.91,1,2
2020,AL,Rating Area 13,507.09,1,2
2020,AL,Rating Area 2,555.64,1,2
2020,AL,Rating Area 3,525.33,2,5
2020,AL,Rating Area 4,555.64,1,2
2020,AL,Rating Area 5,501.69,1,2
2020,AL,Rating Area 6,501.69,1,2
2020,AL,Rating Area 7,501.69,1,2
2020,AL,Rating Area 8,501.69,1,2
2020,AL,Rating Area 9,561.03,1,2
2020,AR,Rating Area 1,357.67,4,17
2020,AR,Rating Area 2,357.67,4,17
2020,AR,Rating Area 3,357.67,4,17
2020,AR,Rating Area 4,357.67,4,17
2020,AR,Rating Area 5,357.67,4,17
2020,AR,Rating Area 6,357.67,4,17
2020,AR,Rating Area 7,357.67,4,17
2020,AZ,Rating Area 1,655.61,1,6
2020,AZ,Rating Area 2,648.33,1,2
2020,AZ,Rating Area 3,698.38,1,4
2020,AZ,Rating Area 4,394.49,5,24
2020,AZ,Rating Area 5,491.41,2,15
2020,AZ,Rating Area 6,324.51,3,20
2020,AZ,Rating Area 7,499.29,2,13
2020,DE,Rating Area 1,521.49,1,2
2020,FL,Rating Area 1,463.12,3,24
2020,FL,Rating Area 10,440.87,5,29
2020,FL,Rating Area 11,448.67,3,12
2020,FL,Rating Area 12,576.05,2,8
2020,FL,Rating Area 13,575.42,2,8
2020,FL,Rating Area 14,601.15,2,8
2020,FL,Rating Area 15,440.2,5,30
2020,FL,Rating Area 16,426.1,4,26
2020,FL,Rating Area 17,471.9,6,39
2020,FL,Rating Area 18,639.41,1,4
2020,FL,Rating Area 19,703.36,1,4
2020,FL,Rating Area 2,479.37,2,12
2020,FL,Rating Area 20,584.2,2,8
2020,FL,Rating Area 21,773.94,1,4
2020,FL,Rating Area 22,404.69,1,8
2020,FL,Rating Area 23,705.01,1,4
2020,FL,Rating Area 24,848.67,1,4
2020,FL,Rating Area 25,567.89,2,8
2020,FL,Rating Area 26,428.71,4,27
2020,FL,Rating Area 27,463.7,2,19
2020,FL,Rating Area 28,432.35,6,34
2020,FL,Rating Area 29,619.48,1,4
2020,FL,Rating Area 3,413.04,2,12
2020,FL,Rating Area 30,430.28,1,8
2020,FL,Rating Area 31,621.98,1,4
2020,FL,Rating Area 32,729.93,1,4
2020,FL,Rating Area 33,636.09,1,4
2020,FL,Rating Area 34,431.33,5,30
2020,FL,Rating Area 35,608.05,2,8
2020,FL,Rating Area 36,634.42,1,4
2020,FL,Rating Area 37,552.2,2,8
2020,FL,Rating Area 38,659.35,1,4
2020,FL,Rating Area 39,623.64,1,4
2020,FL,Rating Area 4,548.43,2,8
2020,FL,Rating Area 40,429.8,3,24
2020,FL,Rating Area 41,422.97,4,27
2020,FL,Rating Area 42,442.38,2,17
2020,FL,Rating Area 43,444.66,5,31
2020,FL,Rating Area 44,842.87,1,4
2020,FL,Rating Area 45,572.25,2,9
2020,FL,Rating Area 46,436.02,3,23
2020,FL,Rating Area 47,433.12,3,19
2020,FL,Rating Area 48,464.94,6,34
2020,FL,Rating Area 49,450.6,6,34
2020,FL,Rating Area 5,427.01,5,39
2020,FL,Rating Area 50,436.29,7,38
2020,FL,Rating Area 51,451.84,6,34
2020,FL,Rating Area 52,456.66,6,34
2020,FL,Rating Area 53,466.29,4,27
2020,FL,Rating Area 54,451.59,3,20
2020,FL,Rating Area 55,441.57,3,15
2020,FL,Rating Area 56,431.33,3,23
2020,FL,Rating Area 57,452.14,8,50
2020,FL,Rating Area 58,419.27,3,19
2020,FL,Rating Area 59,457.81,3,24
2020,FL,Rating Area 6,423.66,5,31
2020,FL,Rating Area 60,434.46,2,12
2020,FL,Rating Area 61,564.75,2,8
2020,FL,Rating Area 62,612.84,1,4
2020,FL,Rating Area 63,711.65,1,4
2020,FL,Rating Area 64,454.61,7,42
2020,FL,Rating Area 65,730.76,1,4
2020,FL,Rating Area 66,439.1,3,23
2020,FL,Rating Area 67,626.96,1,4
2020,FL,Rating Area 7,612.01,1,4
2020,FL,Rating Area 8,423.46,3,28
2020,FL,Rating Area 9,436.0,3,28
2020,GA,Rating Area 1,437.25,1,3
2020,GA,Rating Area 10,485.65,3,35
2020,GA,Rating Area 11,367.0,2,8
2020,GA,Rating Area 12,424.72,3,10
2020,GA,Rating Area 13,374.5,3,20
2020,GA,Rating Area 14,402.52,2,9
2020,GA,Rating Area 15,385.81,2,8
2020,GA,Rating Area 16,369.81,3,10
2020,GA,Rating Area 2,384.68,3,10
2020,GA,Rating Area 3,418.61,5,35
2020,GA,Rating Area 4,724.6,1,2
2020,GA,Rating Area 5,401.18,2,13
2020,GA,Rating Area 6,378.31,2,8
2020,GA,Rating Area 7,423.13,1,3
2020,GA,Rating Area 8,407.97,3,9
2020,GA,Rating Area 9,413.66,3,14
2020,HI,Rating Area 1,460.45,2,6
2020,IA,Rating Area 1,619.77,3,4
2020,IA,Rating Area 2,559.43,3,4
2020,IA,Rating Area 3,572.91,3,4
2020,IA,Rating Area 4,629.83,3,4
2020,IA,Rating Area 5,613.91,3,4
2020,IA,Rating Area 6,568.22,3,4
2020,IA,Rating Area 7,616.84,3,4
2020,IL,Rating Area 1,344.26,3,17
2020,IL,Rating Area 10,538.76,2,7
2020,IL,Rating Area 11,559.49,2,7
2020,IL,Rating Area 12,522.19,1,1
2020,IL,Rating Area 13,653.37,2,7
2020,IL,Rating Area 2,469.6,1,3
2020,IL,Rating Area 3,426.46,3,16
2020,IL,Rating Area 4,435.0,3,10
2020,IL,Rating Area 5,481.2,2,6
2020,IL,Rating Area 6,557.36,2,7
2020,IL,Rating Area 7,470.79,2,8
2020,IL,Rating Area 8,473.32,2,8
2020,IL,Rating Area 9,533.03,2,7
2020,IN,Rating Area 1,362.4,2,19
2020,IN,Rating Area 10,421.31,2,19
2020,IN,Rating Area 11,390.3,2,19
2020,IN,Rating Area 12,372.48,2,19
2020,IN,Rating Area 13,393.41,2,19
2020,IN,Rating Area 14,272.31,2,19
2020,IN,Rating Area 15,329.92,2,19
2020,IN,Rating Area 16,329.92,2,19
2020,IN,Rating Area 17,377.74,2,19
2020,IN,Rating Area 2,363.95,2,19
2020,IN,Rating Area 3,356.97,2,19
2020,IN,Rating Area 4,397.73,2,19
2020,IN,Rating Area 5,357.75,2,19
2020,IN,Rating Area 6,329.14,2,19
2020,IN,Rating Area 7,364.72,2,19
2020,IN,Rating Area 8,374.41,2,19
2020,IN,Rating Area 9,384.79,2,19
2020,KS,Rating Area 1,458.08,5,22
2020,KS,Rating Area 2,473.88,3,15
2020,KS,Rating Area 3,545.94,2,3
2020,KS,Rating Area 4,606.48,2,3
2020,KS,Rating Area 5,567.8,2,3
2020,KS,Rating Area 6,454.32,4,18
2020,KS,Rating Area 7,418.06,3,14
2020,KY,Rating Area 1,499.47,1,3
2020,KY,Rating Area 2,525.41,1,3
2020,KY,Rating Area 3,397.55,2,11
2020,KY,Rating Area 4,439.14,2,9
2020,KY,Rating Area 5,441.55,2,8
2020,KY,Rating Area 6,514.25,2,9
2020,KY,Rating Area 7,429.42,2,9
2020,KY,Rating Area 8,410.42,2,9
2020,LA,Rating Area 1,430.81,3,11
2020,LA,Rating Area 2,478.69,3,7
2020,LA,Rating Area 3,480.22,3,9
2020,LA,Rating Area 4,430.99,4,9
2020,LA,Rating Area 5,500.68,3,9
2020,LA,Rating Area 6,438.44,4,9
2020,LA,Rating Area 7,521.77,3,7
2020,LA,Rating Area 8,417.02,4,11
2020,ME,Rating Area 1,450.34,3,15
2020,ME,Rating Area 2,475.28,3,15
2020,ME,Rating Area 3,500.16,3,19
2020,ME,Rating Area 4,669.6,3,12
2020,MI,Rating Area 1,307.68,8,34
2020,MI,Rating Area 10,411.82,5,16
2020,MI,Rating Area 11,424.02,5,11
2020,MI,Rating Area 12,319.87,8,29
2020,MI,Rating Area 13,419.87,5,10
2020,MI,Rating Area 14,367.6,4,9
2020,MI,Rating Area 15,371.58,5,11
2020,MI,Rating Area 16,552.07,2,2
2020,MI,Rating Area 2,307.68,8,34
2020,MI,Rating Area 3,402.04,4,12
2020,MI,Rating Area 4,320.44,7,23
2020,MI,Rating Area 5,306.99,7,24
2020,MI,Rating Area 6,401.1,5,11
2020,MI,Rating Area 7,366.3,6,20
2020,MI,Rating Area 8,391.29,5,13
2020,MI,Rating Area 9,398.67,5,16
2020,MO,Rating Area 1,507.96,3,6
2020,MO,Rating Area 10,674.71,1,9
2020,MO,Rating Area 2,730.77,1,9
2020,MO,Rating Area 3,443.01,4,20
2020,MO,Rating Area 4,447.95,2,4
2020,MO,Rating Area 5,484.35,2,11
2020,MO,Rating Area 6,405.2,3,19
2020,MO,Rating Area 7,427.93,1,3
2020,MO,Rating Area 8,450.96,3,15
2020,MO,Rating Area 9,674.48,1,9
2020,MS,Rating Area 1,398.97,2,6
2020,MS,Rating Area 2,471.19,2,6
2020,MS,Rating Area 3,445.01,2,6
2020,MS,Rating Area 4,464.25,2,6
2020,MS,Rating Area 5,487.27,2,6
2020,MS,Rating Area 6,441.81,2,6
2020,MT,Rating Area 1,355.27,3,8
2020,MT,Rating Area 2,470.0,3,9
2020,MT,Rating Area 3,404.86,3,8
2020,MT,Rating Area 4,470.0,3,9
2020,NC,Rating Area 1,661.25,1,2
2020,NC,Rating Area 10,482.31,2,7
2020,NC,Rating Area 11,437.04,3,9
2020,NC,Rating Area 12,667.93,1,2
2020,NC,Rating Area 13,410.24,3,9
2020,NC,Rating Area 14,521.81,2,4
2020,NC,Rating Area 15,584.62,1,2
2020,NC,Rating Area 16,674.62,1,2
2020,NC,Rating Area 2,578.88,1,2
2020,NC,Rating Area 3,467.79,1,4
2020,NC,Rating Area 4,405.41,2,7
2020,NC,Rating Area 5,405.41,2,7
2020,NC,Rating Area 6,463.11,2,9
2020,NC,Rating Area 7,439.72,2,9
2020,NC,Rating Area 8,701.33,1,2
2020,NC,Rating Area 9,674.62,1,2
2020,ND,Rating Area 1,320.45,3,9
2020,ND,Rating Area 2,320.45,3,9
2020,ND,Rating Area 3,391.95,3,7
2020,ND,Rating Area 4,320.45,3,10
2020,NE,Rating Area 1,577.68,2,8
2020,NE,Rating Area 2,554.42,2,5
2020,NE,Rating Area 3,650.2,2,5
2020,NE,Rating Area 4,812.74,2,4
2020,NH,Rating Area 1,390.45,3,11
2020,NJ,Rating Area 1,378.52,4,12
2020,NM,Rating Area 1,307.6,4,7
2020,NM,Rating Area 2,325.52,4,7
2020,NM,Rating Area 3,313.9,4,7
2020,NM,Rating Area 4,341.83,4,7
2020,NM,Rating Area 5,349.5,4,7
2020,OH,Rating Area 1,355.51,6,38
2020,OH,Rating Area 10,386.02,4,22
2020,OH,Rating Area 11,322.25,5,32
2020,OH,Rating Area 12,342.62,5,29
2020,OH,Rating Area 13,320.52,5,33
2020,OH,Rating Area 14,414.72,5,26
2020,OH,Rating Area 15,322.36,6,36
2020,OH,Rating Area 16,370.75,6,41
2020,OH,Rating Area 17,378.91,4,22
2020,OH,Rating Area 2,356.51,5,48
2020,OH,Rating Area 3,378.98,4,28
2020,OH,Rating Area 4,354.15,5,37
2020,OH,Rating Area 5,342.07,5,37
2020,OH,Rating Area 6,359.77,5,27
2020,OH,Rating Area 7,359.77,3,16
2020,OH,Rating Area 8,466.61,3,19
2020,OH,Rating Area 9,365.9,6,41
2020,OK,Rating Area 1,530.7,2,3
2020,OK,Rating Area 2,511.5,2,3
2020,OK,Rating Area 3,492.06,3,7
2020,OK,Rating Area 4,527.55,2,4
2020,OK,Rating Area 5,529.53,2,4
2020,OR,Rating Area 1,397.0,5,14
2020,OR,Rating Area 2,448.0,5,10
2020,OR,Rating Area 3,422.0,3,7
2020,OR,Rating Area 4,450.7,4,8
2020,OR,Rating Area 5,438.0,4,10
2020,OR,Rating Area 6,438.0,4,13
2020,OR,Rating Area 7,484.0,2,6
2020,PA,Rating Area 1,328.74,4,12
2020,PA,Rating Area 2,482.53,3,5
2020,PA,Rating Area 3,421.89,4,21
2020,PA,Rating Area 4,328.74,4,15
2020,PA,Rating Area 5,334.34,4,10
2020,PA,Rating Area 6,515.48,5,21
2020,PA,Rating Area 7,507.48,5,12
2020,PA,Rating Area 8,460.56,4,21
2020,PA,Rating Area 9,497.72,5,11
2020,SC,Rating Area 1,495.65,1,14
2020,SC,Rating Area 10,420.11,3,28
2020,SC,Rating Area 11,542.98,1,14
2020,SC,Rating Area 12,508.48,2,23
2020,SC,Rating Area 13,520.11,1,14
2020,SC,Rating Area 14,503.36,2,17
2020,SC,Rating Area 15,420.87,3,28
2020,SC,Rating Area 16,540.32,1,14
2020,SC,Rating Area 17,566.91,2,17
2020,SC,Rating Area 18,486.17,2,25
2020,SC,Rating Area 19,466.82,2,17
2020,SC,Rating Area 2,477.87,2,17
2020,SC,Rating Area 20,492.83,2,17
2020,SC,Rating Area 21,372.09,2,23
2020,SC,Rating Area 22,494.85,1,14
2020,SC,Rating Area 23,491.06,2,17
2020,SC,Rating Area 24,516.39,1,14
2020,SC,Rating Area 25,497.78,1,14
2020,SC,Rating Area 26,471.66,2,23
2020,SC,Rating Area 27,474.91,2,23
2020,SC,Rating Area 28,514.61,2,17
2020,SC,Rating Area 29,508.48,2,23
2020,SC,Rating Area 3,437.0,2,17
2020,SC,Rating Area 30,532.61,1,14
2020,SC,Rating Area 31,545.91,2,17
2020,SC,Rating Area 32,581.54,2,17
2020,SC,Rating Area 33,452.49,2,17
2020,SC,Rating Area 34,372.09,3,26
2020,SC,Rating Area 35,558.94,2,17
2020,SC,Rating Area 36,516.39,1,14
2020,SC,Rating Area 37,516.39,1,14
2020,SC,Rating Area 38,432.42,2,17
2020,SC,Rating Area 39,529.43,2,17
2020,SC,Rating Area 4,558.66,2,17
2020,SC,Rating Area 40,571.7,1,14
2020,SC,Rating Area 41,464.76,2,17
2020,SC,Rating Area 42,507.35,1,14
2020,SC,Rating Area 43,547.77,1,14
2020,SC,Rating Area 44,509.74,1,14
2020,SC,Rating Area 45,520.14,2,17
2020,SC,Rating Area 46,508.48,2,23
2020,SC,Rating Area 5,445.58,2,17
2020,SC,Rating Area 6,471.13,2,17
2020,SC,Rating Area 7,499.93,2,23
2020,SC,Rating Area 8,486.17,2,25
2020,SC,Rating Area 9,438.97,2,17
2020,SD,Rating Area 1,737.58,2,6
2020,SD,Rating Area 2,463.1,2,11
2020,SD,Rating Area 3,465.5,2,11
2020,SD,Rating Area 4,575.97,2,6
2020,TN,Rating Area 1,471.37,2,4
2020,TN,Rating Area 2,456.4,4,15
2020,TN,Rating Area 3,481.57,3,11
2020,TN,Rating Area 4,479.13,5,19
2020,TN,Rating Area 5,503.51,2,4
2020,TN,Rating Area 6,463.05,5,19
2020,TN,Rating Area 7,519.2,1,2
2020,TN,Rating Area 8,588.86,1,2
2020,TX,Rating Area 1,493.2,2,4
2020,TX,Rating Area 10,381.06,5,47
2020,TX,Rating Area 11,447.82,3,23
2020,TX,Rating Area 12,337.37,3,25
2020,TX,Rating Area 13,456.29,2,4
2020,TX,Rating Area 14,535.9,2,4
2020,TX,Rating Area 15,399.38,3,21
2020,TX,Rating Area 16,458.54,2,4
2020,TX,Rating Area 17,478.34,2,4
2020,TX,Rating Area 18,546.16,1,2
2020,TX,Rating Area 19,397.78,4,42
2020,TX,Rating Area 2,394.53,3,23
2020,TX,Rating Area 20,540.14,1,2
2020,TX,Rating Area 21,493.44,2,4
2020,TX,Rating Area 22,470.04,2,4
2020,TX,Rating Area 23,532.32,1,2
2020,TX,Rating Area 24,417.36,3,19
2020,TX,Rating Area 25,585.47,1,2
2020,TX,Rating Area 26,376.25,7,28
2020,TX,Rating Area 3,446.18,4,41
2020,TX,Rating Area 4,403.68,4,10
2020,TX,Rating Area 5,385.98,3,21
2020,TX,Rating Area 6,448.13,2,17
2020,TX,Rating Area 7,442.66,3,23
2020,TX,Rating Area 8,407.8,4,64
2020,TX,Rating Area 9,394.69,4,29
2020,UT,Rating Area 1,546.34,3,10
2020,UT,Rating Area 2,479.97,5,19
2020,UT,Rating Area 3,449.46,5,19
2020,UT,Rating Area 4,457.69,4,17
2020,UT,Rating Area 5,548.89,3,9
2020,UT,Rating Area 6,596.38,2,6
2020,VA,Rating Area 1,581.43,1,2
2020,VA,Rating Area 10,513.95,5,10
2020,VA,Rating Area 11,527.02,2,5
2020,VA,Rating Area 12,513.37,4,10
2020,VA,Rating Area 2,460.29,3,9
2020,VA,Rating Area 3,513.22,2,4
2020,VA,Rating Area 4,491.09,2,8
2020,VA,Rating Area 5,513.07,1,2
2020,VA,Rating Area 6,541.09,2,4
2020,VA,Rating Area 7,488.5,6,17
2020,VA,Rating Area 8,541.41,1,2
2020,VA,Rating Area 9,477.56,2,6
2020,WI,Rating Area 1,434.47,4,11
2020,WI,Rating Area 10,456.75,3,15
2020,WI,Rating Area 11,442.86,9,49
2020,WI,Rating Area 12,442.86,6,22
2020,WI,Rating Area 13,461.56,3,15
2020,WI,Rating Area 14,412.62,5,40
2020,WI,Rating Area 15,420.98,6,38
2020,WI,Rating Area 16,435.65,6,25
2020,WI,Rating Area 2,396.21,3,19
2020,WI,Rating Area 3,498.97,2,4
2020,WI,Rating Area 4,683.31,2,4
2020,WI,Rating Area 5,556.54,3,6
2020,WI,Rating Area 6,536.51,3,11
2020,WI,Rating Area 7,443.48,4,22
2020,WI,Rating Area 8,655.28,3,13
2020,WI,Rating Area 9,467.59,4,11
2020,WV,Rating Area 1,602.64,2,8
2020,WV,Rating Area 10,528.93,2,8
2020,WV,Rating Area 11,471.15,2,8
2020,WV,Rating Area 2,652.76,2,8
2020,WV,Rating Area 3,701.71,2,8
2020,WV,Rating Area 4,580.23,2,8
2020,WV,Rating Area 5,626.82,2,8
2020,WV,Rating Area 6,612.48,1,2
2020,WV,Rating Area 7,507.12,2,8
2020,WV,Rating Area 8,582.59,2,8
2020,WV,Rating Area 9,655.71,2,8
2020,WY,Rating Area 1,884.48,1,4
2020,WY,Rating Area 2,806.05,1,4
2020,WY,Rating Area 3,884.48,1,4
2021,AK,Rating Area 1,658.0,2,3
2021,AK,Rating Area 2,689.0,2,3
2021,AK,Rating Area 3,675.0,2,3
2021,AL,Rating Area 1,525.76,1,2
2021,AL,Rating Area 10,531.42,1,2
2021,AL,Rating Area 11,554.03,1,2
2021,AL,Rating Area 12,508.8,1,2
2021,AL,Rating Area 13,537.07,1,2
2021,AL,Rating Area 2,582.3,1,2
2021,AL,Rating Area 3,565.34,2,5
2021,AL,Rating Area 4,582.3,1,2
2021,AL,Rating Area 5,534.24,1,2
2021,AL,Rating Area 6,537.07,1,2
2021,AL,Rating Area 7,537.07,1,2
2021,AL,Rating Area 8,525.76,1,2
2021,AL,Rating Area 9,590.78,1,2
2021,AR,Rating Area 1,386.74,5,22
2021,AR,Rating Area 2,386.74,5,22
2021,AR,Rating Area 3,386.74,5,22
2021,AR,Rating Area 4,386.74,5,22
2021,AR,Rating Area 5,386.74,5,22
2021,AR,Rating Area 6,386.74,5,22
2021,AR,Rating Area 7,386.74,5,22
2021,AZ,Rating Area 1,572.89,2,22
2021,AZ,Rating Area 2,617.15,1,3
2021,AZ,Rating Area 3,651.78,1,6
2021,AZ,Rating Area 4,381.08,6,35
2021,AZ,Rating Area 5,433.48,3,24
2021,AZ,Rating Area 6,329.79,3,24
2021,AZ,Rating Area 7,505.43,2,16
2021,DE,Rating Area 1,522.1,1,3
2021,FL,Rating Area 1,501.59,4,38
2021,FL,Rating Area 10,415.57,7,56
2021,FL,Rating Area 11,447.35,4,31
2021,FL,Rating Area 12,567.41,4,32
2021,FL,Rating Area 13,532.33,3,25
2021,FL,Rating Area 14,568.9,3,25
2021,FL,Rating Area 15,440.3,7,53
2021,FL,Rating Area 16,423.09,4,39
2021,FL,Rating Area 17,465.53,6,43
2021,FL,Rating Area 18,559.85,2,21
2021,FL,Rating Area 19,607.18,2,21
2021,FL,Rating Area 2,480.13,4,36
2021,FL,Rating Area 20,582.03,3,25
2021,FL,Rating Area 21,704.3,2,21
2021,FL,Rating Area 22,416.79,2,25
2021,FL,Rating Area 23,633.86,2,21
2021,FL,Rating Area 24,749.5,2,21
2021,FL,Rating Area 25,560.9,2,8
2021,FL,Rating Area 26,429.55,4,41
2021,FL,Rating Area 27,456.74,2,25
2021,FL,Rating Area 28,437.61,6,46
2021,FL,Rating Area 29,529.41,2,21
2021,FL,Rating Area 3,409.11,3,35
2021,FL,Rating Area 30,416.01,4,31
2021,FL,Rating Area 31,521.34,2,21
2021,FL,Rating Area 32,540.45,3,22
2021,FL,Rating Area 33,554.88,2,21
2021,FL,Rating Area 34,436.54,7,57
2021,FL,Rating Area 35,483.3,4,33
2021,FL,Rating Area 36,465.84,5,33
2021,FL,Rating Area 37,542.12,3,25
2021,FL,Rating Area 38,584.63,2,21
2021,FL,Rating Area 39,539.94,2,21
2021,FL,Rating Area 4,544.54,4,32
2021,FL,Rating Area 40,444.59,4,37
2021,FL,Rating Area 41,424.17,5,48
2021,FL,Rating Area 42,453.07,4,29
2021,FL,Rating Area 43,444.83,7,57
2021,FL,Rating Area 44,803.16,1,4
2021,FL,Rating Area 45,509.55,4,33
2021,FL,Rating Area 46,466.64,3,35
2021,FL,Rating Area 47,462.88,3,31
2021,FL,Rating Area 48,463.95,8,58
2021,FL,Rating Area 49,448.9,8,58
2021,FL,Rating Area 5,428.98,6,47
2021,FL,Rating Area 50,430.28,8,58
2021,FL,Rating Area 51,453.57,6,46
2021,FL,Rating Area 52,451.58,6,46
2021,FL,Rating Area 53,449.97,4,39
2021,FL,Rating Area 54,484.37,3,27
2021,FL,Rating Area 55,428.48,4,39
2021,FL,Rating Area 56,435.53,4,36
2021,FL,Rating Area 57,458.18,10,70
2021,FL,Rating Area 58,414.89,5,44
2021,FL,Rating Area 59,453.07,5,42
2021,FL,Rating Area 6,420.41,8,62
2021,FL,Rating Area 60,410.3,3,29
2021,FL,Rating Area 61,555.58,4,32
2021,FL,Rating Area 62,594.65,1,4
2021,FL,Rating Area 63,660.13,3,28
2021,FL,Rating Area 64,453.98,7,47
2021,FL,Rating Area 65,517.53,3,22
2021,FL,Rating Area 66,444.07,3,35
2021,FL,Rating Area 67,535.26,2,21
2021,FL,Rating Area 7,530.11,2,21
2021,FL,Rating Area 8,407.62,4,41
2021,FL,Rating Area 9,418.21,4,41
2021,GA,Rating Area 1,429.23,2,5
2021,GA,Rating Area 10,457.07,4,16
2021,GA,Rating Area 11,448.25,3,10
2021,GA,Rating Area 12,433.4,3,10
2021,GA,Rating Area 13,454.28,3,10
2021,GA,Rating Area 14,441.55,2,21
2021,GA,Rating Area 15,458.46,3,10
2021,GA,Rating Area 16,433.4,3,10
2021,GA,Rating Area 2,426.89,4,16
2021,GA,Rating Area 3,437.45,6,42
2021,GA,Rating Area 4,568.61,3,10
2021,GA,Rating Area 5,447.72,3,15
2021,GA,Rating Area 6,415.85,3,14
2021,GA,Rating Area 7,489.55,3,10
2021,GA,Rating Area 8,435.4,5,24
2021,GA,Rating Area 9,465.89,3,22
2021,HI,Rating Area 1,467.08,2,6
2021,IA,Rating Area 1,489.05,2,4
2021,IA,Rating Area 2,471.9,3,9
2021,IA,Rating Area 3,469.41,3,9
2021,IA,Rating Area 4,501.76,2,5
2021,IA,Rating Area 5,470.57,2,4
2021,IA,Rating Area 6,470.57,3,10
2021,IA,Rating Area 7,456.86,3,9
2021,IL,Rating Area 1,336.79,4,26
2021,IL,Rating Area 10,546.3,2,6
2021,IL,Rating Area 11,581.16,2,6
2021,IL,Rating Area 12,404.7,3,16
2021,IL,Rating Area 13,662.51,2,6
2021,IL,Rating Area 2,404.85,3,17
2021,IL,Rating Area 3,384.31,4,25
2021,IL,Rating Area 4,387.87,5,26
2021,IL,Rating Area 5,493.76,3,9
2021,IL,Rating Area 6,412.85,3,17
2021,IL,Rating Area 7,557.93,2,7
2021,IL,Rating Area 8,540.49,2,6
2021,IL,Rating Area 9,540.49,2,6
2021,IN,Rating Area 1,372.42,3,23
2021,IN,Rating Area 10,432.88,2,22
2021,IN,Rating Area 11,401.04,2,22
2021,IN,Rating Area 12,390.56,2,22
2021,IN,Rating Area 13,404.26,2,22
2021,IN,Rating Area 14,328.64,2,22
2021,IN,Rating Area 15,341.39,2,22
2021,IN,Rating Area 16,345.82,2,22
2021,IN,Rating Area 17,389.75,2,22
2021,IN,Rating Area 2,392.58,2,22
2021,IN,Rating Area 3,405.47,2,22
2021,IN,Rating Area 4,420.39,2,22
2021,IN,Rating Area 5,387.74,2,22
2021,IN,Rating Area 6,380.48,2,22
2021,IN,Rating Area 7,374.84,2,22
2021,IN,Rating Area 8,384.92,2,22
2021,IN,Rating Area 9,435.85,2,22
2021,KS,Rating Area 1,458.51,6,26
2021,KS,Rating Area 2,496.01,3,16
2021,KS,Rating Area 3,480.02,3,15
2021,KS,Rating Area 4,459.0,3,15
2021,KS,Rating Area 5,504.03,3,15
2021,KS,Rating Area 6,457.99,4,21
2021,KS,Rating Area 7,441.03,3,18
2021,KY,Rating Area 1,533.36,1,3
2021,KY,Rating Area 2,440.01,2,9
2021,KY,Rating Area 3,405.53,2,11
2021,KY,Rating Area 4,464.97,2,10
2021,KY,Rating Area 5,443.62,2,11
2021,KY,Rating Area 6,501.7,2,11
2021,KY,Rating Area 7,436.28,2,11
2021,KY,Rating Area 8,435.4,2,11
2021,LA,Rating Area 1,475.08,3,10
2021,LA,Rating Area 2,527.87,3,6
2021,LA,Rating Area 3,529.55,3,8
2021,LA,Rating Area 4,476.55,4,9
2021,LA,Rating Area 5,502.32,3,9
2021,LA,Rating Area 6,484.79,4,9
2021,LA,Rating Area 7,575.38,3,6
2021,LA,Rating Area 8,406.86,4,12
2021,ME,Rating Area 1,392.08,3,15
2021,ME,Rating Area 2,414.9,3,15
2021,ME,Rating Area 3,435.33,3,19
2021,ME,Rating Area 4,570.58,3,12
2021,MI,Rating Area 1,304.6,7,41
2021,MI,Rating Area 10,396.21,5,26
2021,MI,Rating Area 11,386.42,5,20
2021,MI,Rating Area 12,326.2,8,40
2021,MI,Rating Area 13,377.61,5,12
2021,MI,Rating Area 14,335.19,4,11
2021,MI,Rating Area 15,353.22,5,20
2021,MI,Rating Area 16,589.22,2,2
2021,MI,Rating Area 2,304.6,7,41
2021,MI,Rating Area 3,368.95,4,14
2021,MI,Rating Area 4,311.4,6,30
2021,MI,Rating Area 5,291.76,7,29
2021,MI,Rating Area 6,369.76,5,20
2021,MI,Rating Area 7,377.44,6,27
2021,MI,Rating Area 8,352.51,5,15
2021,MI,Rating Area 9,385.55,5,26
2021,MO,Rating Area 1,522.23,4,22
2021,MO,Rating Area 10,565.3,2,11
2021,MO,Rating Area 2,539.63,3,12
2021,MO,Rating Area 3,455.93,5,29
2021,MO,Rating Area 4,499.99,3,19
2021,MO,Rating Area 5,527.5,3,11
2021,MO,Rating Area 6,413.43,4,30
2021,MO,Rating Area 7,468.77,2,5
2021,MO,Rating Area 8,468.77,4,30
2021,MO,Rating Area 9,468.77,3,13
2021,MS,Rating Area 1,419.0,2,14
2021,MS,Rating Area 2,463.88,2,14
2021,MS,Rating Area 3,459.1,2,14
2021,MS,Rating Area 4,466.46,2,14
2021,MS,Rating Area 5,449.16,2,14
2021,MS,Rating Area 6,463.99,2,14
2021,MT,Rating Area 1,356.45,3,8
2021,MT,Rating Area 2,476.53,3,9
2021,MT,Rating Area 3,402.84,3,8
2021,MT,Rating Area 4,462.01,3,9
2021,NC,Rating Area 1,613.21,5,17
2021,NC,Rating Area 10,484.71,3,17
2021,NC,Rating Area 11,458.0,5,28
2021,NC,Rating Area 12,652.65,2,6
2021,NC,Rating Area 13,424.67,5,24
2021,NC,Rating Area 14,467.57,2,8
2021,NC,Rating Area 15,560.3,3,9
2021,NC,Rating Area 16,659.01,2,6
2021,NC,Rating Area 2,553.27,3,16
2021,NC,Rating Area 3,431.44,2,15
2021,NC,Rating Area 4,422.6,2,10
2021,NC,Rating Area 5,456.69,2,8
2021,NC,Rating Area 6,427.01,3,23
2021,NC,Rating Area 7,419.61,4,22
2021,NC,Rating Area 8,530.71,3,17
2021,NC,Rating Area 9,559.24,4,20
2021,ND,Rating Area 1,410.98,2,8
2021,ND,Rating Area 2,410.98,3,9
2021,ND,Rating Area 3,399.57,3,7
2021,ND,Rating Area 4,410.98,3,10
2021,NE,Rating Area 1,543.34,2,12
2021,NE,Rating Area 2,526.74,2,7
2021,NE,Rating Area 3,605.18,2,7
2021,NE,Rating Area 4,827.55,2,5
2021,NH,Rating Area 1,324.7,3,17
2021,NM,Rating Area 1,312.55,5,12
2021,NM,Rating Area 2,312.55,5,12
2021,NM,Rating Area 3,326.44,5,12
2021,NM,Rating Area 4,327.07,5,12
2021,NM,Rating Area 5,354.22,5,12
2021,OH,Rating Area 1,366.61,6,38
2021,OH,Rating Area 10,383.46,4,22
2021,OH,Rating Area 11,319.15,6,41
2021,OH,Rating Area 12,353.42,5,29
2021,OH,Rating Area 13,339.21,5,33
2021,OH,Rating Area 14,427.33,6,31
2021,OH,Rating Area 15,341.86,8,50
2021,OH,Rating Area 16,391.04,8,55
2021,OH,Rating Area 17,373.38,4,22
2021,OH,Rating Area 2,364.67,5,36
2021,OH,Rating Area 3,368.97,5,36
2021,OH,Rating Area 4,362.09,5,36
2021,OH,Rating Area 5,336.6,5,39
2021,OH,Rating Area 6,310.59,6,38
2021,OH,Rating Area 7,351.63,3,16
2021,OH,Rating Area 8,383.39,4,29
2021,OH,Rating Area 9,374.57,6,42
2021,OK,Rating Area 1,528.63,2,3
2021,OK,Rating Area 2,522.37,2,3
2021,OK,Rating Area 3,476.01,5,19
2021,OK,Rating Area 4,478.34,4,9
2021,OK,Rating Area 5,493.14,3,5
2021,OR,Rating Area 1,402.0,6,23
2021,OR,Rating Area 2,426.0,6,13
2021,OR,Rating Area 3,406.0,5,10
2021,OR,Rating Area 4,450.72,5,11
2021,OR,Rating Area 5,406.0,5,12
2021,OR,Rating Area 6,406.0,6,18
2021,OR,Rating Area 7,489.0,5,14
2021,SC,Rating Area 1,390.5,2,21
2021,SC,Rating Area 10,422.79,3,27
2021,SC,Rating Area 11,537.52,2,14
2021,SC,Rating Area 12,516.12,2,21
2021,SC,Rating Area 13,453.01,2,21
2021,SC,Rating Area 14,453.01,3,25
2021,SC,Rating Area 15,422.77,3,25
2021,SC,Rating Area 16,453.01,3,25
2021,SC,Rating Area 17,453.01,3,25
2021,SC,Rating Area 18,418.23,3,27
2021,SC,Rating Area 19,422.28,3,25
2021,SC,Rating Area 2,416.51,3,25
2021,SC,Rating Area 20,553.75,2,14
2021,SC,Rating Area 21,453.01,3,25
2021,SC,Rating Area 22,453.01,2,21
2021,SC,Rating Area 23,429.91,3,20
2021,SC,Rating Area 24,390.5,3,25
2021,SC,Rating Area 25,503.57,2,21
2021,SC,Rating Area 26,444.93,3,25
2021,SC,Rating Area 27,467.06,2,21
2021,SC,Rating Area 28,500.09,2,14
2021,SC,Rating Area 29,516.12,2,21
2021,SC,Rating Area 3,396.73,3,25
2021,SC,Rating Area 30,409.68,2,14
2021,SC,Rating Area 31,498.55,2,14
2021,SC,Rating Area 32,577.38,2,14
2021,SC,Rating Area 33,390.5,3,25
2021,SC,Rating Area 34,453.01,3,25
2021,SC,Rating Area 35,453.01,3,25
2021,SC,Rating Area 36,447.92,2,14
2021,SC,Rating Area 37,498.58,1,10
2021,SC,Rating Area 38,399.56,3,25
2021,SC,Rating Area 39,522.85,2,14
2021,SC,Rating Area 4,545.82,2,14
2021,SC,Rating Area 40,562.74,2,14
2021,SC,Rating Area 41,453.87,2,14
2021,SC,Rating Area 42,438.76,3,18
2021,SC,Rating Area 43,494.49,2,14
2021,SC,Rating Area 44,441.05,3,18
2021,SC,Rating Area 45,418.98,3,25
2021,SC,Rating Area 46,516.12,2,21
2021,SC,Rating Area 5,399.56,3,25
2021,SC,Rating Area 6,405.94,3,25
2021,SC,Rating Area 7,507.21,2,21
2021,SC,Rating Area 8,417.31,3,27
2021,SC,Rating Area 9,399.56,3,25
2021,SD,Rating Area 1,773.82,2,6
2021,SD,Rating Area 2,473.02,2,11
2021,SD,Rating Area 3,473.02,2,11
2021,SD,Rating Area 4,597.36,2,6
2021,TN,Rating Area 1,434.05,3,19
2021,TN,Rating Area 2,438.12,4,23
2021,TN,Rating Area 3,444.98,4,22
2021,TN,Rating Area 4,446.75,6,32
2021,TN,Rating Area 5,431.68,4,22
2021,TN,Rating Area 6,427.98,6,32
2021,TN,Rating Area 7,576.24,1,2
2021,TN,Rating Area 8,510.33,3,18
2021,TX,Rating Area 1,504.28,2,5
2021,TX,Rating Area 10,380.87,6,56
2021,TX,Rating Area 11,452.14,4,27
2021,TX,Rating Area 12,403.23,3,26
2021,TX,Rating Area 13,426.72,3,25
2021,TX,Rating Area 14,534.32,3,6
2021,TX,Rating Area 15,415.96,3,26
2021,TX,Rating Area 16,467.52,2,5
2021,TX,Rating Area 17,488.14,2,5
2021,TX,Rating Area 18,523.09,2,21
2021,TX,Rating Area 19,390.5,6,55
2021,TX,Rating Area 2,451.84,3,24
2021,TX,Rating Area 20,516.92,2,21
2021,TX,Rating Area 21,520.51,2,5
2021,TX,Rating Area 22,445.45,3,25
2021,TX,Rating Area 23,509.0,2,21
2021,TX,Rating Area 24,441.06,4,27
2021,TX,Rating Area 25,596.61,1,2
2021,TX,Rating Area 26,415.96,8,41
2021,TX,Rating Area 3,441.06,6,50
2021,TX,Rating Area 4,415.96,5,34
2021,TX,Rating Area 5,419.73,3,26
2021,TX,Rating Area 6,441.06,3,24
2021,TX,Rating Area 7,452.68,3,25
2021,TX,Rating Area 8,399.4,6,55
2021,TX,Rating Area 9,397.48,5,32
2021,UT,Rating Area 1,512.62,5,15
2021,UT,Rating Area 2,454.04,6,22
2021,UT,Rating Area 3,443.11,6,22
2021,UT,Rating Area 4,452.3,6,22
2021,UT,Rating Area 5,534.55,3,9
2021,UT,Rating Area 6,556.1,4,9
2021,VA,Rating Area 1,532.7,1,2
2021,VA,Rating Area 10,470.37,6,15
2021,VA,Rating Area 11,477.67,3,10
2021,VA,Rating Area 12,470.3,4,10
2021,VA,Rating Area 2,495.51,3,9
2021,VA,Rating Area 3,470.16,2,4
2021,VA,Rating Area 4,498.97,2,8
2021,VA,Rating Area 5,470.07,1,2
2021,VA,Rating Area 6,495.75,2,4
2021,VA,Rating Area 7,441.45,5,17
2021,VA,Rating Area 8,495.98,1,2
2021,VA,Rating Area 9,471.77,2,6
2021,WI,Rating Area 1,398.35,6,21
2021,WI,Rating Area 10,442.62,3,16
2021,WI,Rating Area 11,396.18,11,56
2021,WI,Rating Area 12,432.79,8,32
2021,WI,Rating Area 13,389.2,5,25
2021,WI,Rating Area 14,416.58,6,44
2021,WI,Rating Area 15,385.91,9,45
2021,WI,Rating Area 16,389.2,8,35
2021,WI,Rating Area 2,386.33,3,19
2021,WI,Rating Area 3,482.61,2,7
2021,WI,Rating Area 4,633.78,2,5
2021,WI,Rating Area 5,517.35,3,8
2021,WI,Rating Area 6,534.15,3,12
2021,WI,Rating Area 7,443.59,4,17
2021,WI,Rating Area 8,621.53,3,17
2021,WI,Rating Area 9,447.43,6,21
2021,WV,Rating Area 1,636.57,2,9
2021,WV,Rating Area 10,558.51,2,9
2021,WV,Rating Area 11,507.73,2,9
2021,WV,Rating Area 2,717.17,2,9
2021,WV,Rating Area 3,741.29,2,9
2021,WV,Rating Area 4,612.45,2,9
2021,WV,Rating Area 5,701.94,2,9
2021,WV,Rating Area 6,618.8,2,9
2021,WV,Rating Area 7,552.16,2,9
2021,WV,Rating Area 8,614.99,2,9
2021,WV,Rating Area 9,692.42,2,9
2021,WY,Rating Area 1,792.8,2,5
2021,WY,Rating Area 2,728.01,2,5
2021,WY,Rating Area 3,792.8,2,5
2022,AK,Rating Area 1,653.0,2,3
2022,AK,Rating Area 2,686.0,2,3
2022,AK,Rating Area 3,670.0,2,3
2022,AL,Rating Area 1,561.89,1,2
2022,AL,Rating Area 10,564.17,2,5
2022,AL,Rating Area 11,592.1,1,2
2022,AL,Rating Area 12,543.77,1,2
2022,AL,Rating Area 13,573.98,2,5
2022,AL,Rating Area 2,622.31,1,2
2022,AL,Rating Area 3,521.96,2,9
2022,AL,Rating Area 4,622.31,1,2
2022,AL,Rating Area 5,570.96,1,2
2022,AL,Rating Area 6,573.98,2,5
2022,AL,Rating Area 7,573.98,1,2
2022,AL,Rating Area 8,561.89,1,2
2022,AL,Rating Area 9,631.38,2,5
2022,AR,Rating Area 1,374.47,6,30
2022,AR,Rating Area 2,374.47,5,19
2022,AR,Rating Area 3,374.47,6,30
2022,AR,Rating Area 4,374.47,5,19
2022,AR,Rating Area 5,374.47,5,19
2022,AR,Rating Area 6,374.47,5,19
2022,AR,Rating Area 7,374.47,5,19
2022,AZ,Rating Area 1,567.21,2,25
2022,AZ,Rating Area 2,615.17,2,9
2022,AZ,Rating Area 3,649.69,1,7
2022,AZ,Rating Area 4,338.69,8,52
2022,AZ,Rating Area 5,386.11,6,47
2022,AZ,Rating Area 6,300.62,5,36
2022,AZ,Rating Area 7,500.42,2,19
2022,DE,Rating Area 1,537.5,1,3
2022,FL,Rating Area 1,502.79,5,49
2022,FL,Rating Area 10,429.59,7,64
2022,FL,Rating Area 11,477.64,4,32
2022,FL,Rating Area 12,564.24,4,37
2022,FL,Rating Area 13,496.15,3,21
2022,FL,Rating Area 14,589.76,3,21
2022,FL,Rating Area 15,437.63,7,61
2022,FL,Rating Area 16,442.99,6,62
2022,FL,Rating Area 17,467.61,6,43
2022,FL,Rating Area 18,507.89,3,19
2022,FL,Rating Area 19,515.29,3,19
2022,FL,Rating Area 2,472.92,4,33
2022,FL,Rating Area 20,605.75,3,21
2022,FL,Rating Area 21,674.51,2,17
2022,FL,Rating Area 22,456.8,2,21
2022,FL,Rating Area 23,629.13,2,17
2022,FL,Rating Area 24,763.31,2,12
2022,FL,Rating Area 25,541.02,3,10
2022,FL,Rating Area 26,432.25,4,45
2022,FL,Rating Area 27,469.37,3,29
2022,FL,Rating Area 28,444.52,8,72
2022,FL,Rating Area 29,518.54,2,17
2022,FL,Rating Area 3,452.04,4,45
2022,FL,Rating Area 30,429.65,6,42
2022,FL,Rating Area 31,519.13,3,25
2022,FL,Rating Area 32,490.42,4,21
2022,FL,Rating Area 33,609.54,2,17
2022,FL,Rating Area 34,455.21,8,79
2022,FL,Rating Area 35,513.49,4,31
2022,FL,Rating Area 36,426.86,6,42
2022,FL,Rating Area 37,541.82,3,29
2022,FL,Rating Area 38,527.23,3,19
2022,FL,Rating Area 39,569.58,2,17
2022,FL,Rating Area 4,569.63,4,29
2022,FL,Rating Area 40,437.28,6,49
2022,FL,Rating Area 41,412.06,5,53
2022,FL,Rating Area 42,460.18,5,47
2022,FL,Rating Area 43,446.87,11,100
2022,FL,Rating Area 44,713.23,1,8
2022,FL,Rating Area 45,536.16,4,31
2022,FL,Rating Area 46,486.95,4,45
2022,FL,Rating Area 47,490.0,3,29
2022,FL,Rating Area 48,477.15,9,82
2022,FL,Rating Area 49,458.51,9,82
2022,FL,Rating Area 5,438.42,6,49
2022,FL,Rating Area 50,436.65,10,83
2022,FL,Rating Area 51,465.44,8,72
2022,FL,Rating Area 52,457.39,8,72
2022,FL,Rating Area 53,467.8,4,38
2022,FL,Rating Area 54,470.11,3,25
2022,FL,Rating Area 55,447.8,6,62
2022,FL,Rating Area 56,426.31,6,47
2022,FL,Rating Area 57,466.61,11,93
2022,FL,Rating Area 58,412.63,5,41
2022,FL,Rating Area 59,469.18,6,56
2022,FL,Rating Area 6,422.35,11,95
2022,FL,Rating Area 60,395.16,3,33
2022,FL,Rating Area 61,567.53,4,37
2022,FL,Rating Area 62,626.02,1,4
2022,FL,Rating Area 63,610.87,3,25
2022,FL,Rating Area 64,450.38,8,62
2022,FL,Rating Area 65,469.61,4,21
2022,FL,Rating Area 66,446.54,3,33
2022,FL,Rating Area 67,517.8,2,17
2022,FL,Rating Area 7,480.75,3,19
2022,FL,Rating Area 8,407.43,5,51
2022,FL,Rating Area 9,420.58,4,45
2022,GA,Rating Area 1,349.01,3,32
2022,GA,Rating Area 10,313.31,5,47
2022,GA,Rating Area 11,311.13,4,41
2022,GA,Rating Area 12,325.11,5,43
2022,GA,Rating Area 13,313.65,5,47
2022,GA,Rating Area 14,392.35,7,42
2022,GA,Rating Area 15,332.47,4,41
2022,GA,Rating Area 16,355.33,3,35
2022,GA,Rating Area 2,397.92,7,41
2022,GA,Rating Area 3,404.73,11,81
2022,GA,Rating Area 4,367.41,3,35
2022,GA,Rating Area 5,413.75,5,34
2022,GA,Rating Area 6,317.9,3,26
2022,GA,Rating Area 7,392.96,3,35
2022,GA,Rating Area 8,392.69,7,51
2022,GA,Rating Area 9,382.14,3,35
2022,HI,Rating Area 1,468.09,2,4
2022,IA,Rating Area 1,507.62,2,5
2022,IA,Rating Area 2,421.86,3,14
2022,IA,Rating Area 3,429.87,3,14
2022,IA,Rating Area 4,509.82,2,5
2022,IA,Rating Area 5,483.88,2,5
2022,IA,Rating Area 6,436.3,3,15
2022,IA,Rating Area 7,430.34,3,14
2022,IL,Rating Area 1,309.67,7,59
2022,IL,Rating Area 10,613.17,2,6
2022,IL,Rating Area 11,623.45,2,6
2022,IL,Rating Area 12,408.0,3,18
2022,IL,Rating Area 13,722.26,2,6
2022,IL,Rating Area 2,392.57,5,37
2022,IL,Rating Area 3,369.33,7,54
2022,IL,Rating Area 4,381.91,7,41
2022,IL,Rating Area 5,539.88,3,9
2022,IL,Rating Area 6,413.86,3,19
2022,IL,Rating Area 7,593.84,2,7
2022,IL,Rating Area 8,589.23,2,6
2022,IL,Rating Area 9,589.23,2,6
2022,IN,Rating Area 1,377.66,3,20
2022,IN,Rating Area 10,405.08,4,25
2022,IN,Rating Area 11,397.83,4,25
2022,IN,Rating Area 12,399.09,3,22
2022,IN,Rating Area 13,402.72,4,25
2022,IN,Rating Area 14,369.99,2,19
2022,IN,Rating Area 15,345.98,4,25
2022,IN,Rating Area 16,335.78,2,19
2022,IN,Rating Area 17,395.3,3,22
2022,IN,Rating Area 2,398.1,2,19
2022,IN,Rating Area 3,404.87,3,22
2022,IN,Rating Area 4,422.68,2,19
2022,IN,Rating Area 5,386.44,4,25
2022,IN,Rating Area 6,379.86,4,25
2022,IN,Rating Area 7,374.3,4,25
2022,IN,Rating Area 8,384.28,4,25
2022,IN,Rating Area 9,415.62,4,25
2022,KS,Rating Area 1,424.44,6,33
2022,KS,Rating Area 2,466.38,3,16
2022,KS,Rating Area 3,454.01,3,15
2022,KS,Rating Area 4,449.92,3,15
2022,KS,Rating Area 5,473.68,3,15
2022,KS,Rating Area 6,441.08,5,25
2022,KS,Rating Area 7,431.65,3,16
2022,LA,Rating Area 1,457.88,4,17
2022,LA,Rating Area 2,556.77,3,6
2022,LA,Rating Area 3,558.55,4,12
2022,LA,Rating Area 4,497.45,4,10
2022,LA,Rating Area 5,487.73,5,20
2022,LA,Rating Area 6,506.06,4,10
2022,LA,Rating Area 7,558.33,4,12
2022,LA,Rating Area 8,441.27,4,12
2022,MI,Rating Area 1,288.7,8,51
2022,MI,Rating Area 10,384.84,6,34
2022,MI,Rating Area 11,383.32,6,27
2022,MI,Rating Area 12,325.21,8,46
2022,MI,Rating Area 13,390.03,5,14
2022,MI,Rating Area 14,346.21,4,13
2022,MI,Rating Area 15,344.52,5,23
2022,MI,Rating Area 16,610.59,2,2
2022,MI,Rating Area 2,289.14,8,52
2022,MI,Rating Area 3,381.09,4,15
2022,MI,Rating Area 4,315.91,6,33
2022,MI,Rating Area 5,287.63,6,30
2022,MI,Rating Area 6,376.48,5,22
2022,MI,Rating Area 7,371.43,6,30
2022,MI,Rating Area 8,364.1,5,17
2022,MI,Rating Area 9,386.04,5,28
2022,MO,Rating Area 1,508.61,4,27
2022,MO,Rating Area 10,541.44,2,9
2022,MO,Rating Area 2,511.15,3,10
2022,MO,Rating Area 3,435.72,6,39
2022,MO,Rating Area 4,527.77,3,22
2022,MO,Rating Area 5,556.18,4,12
2022,MO,Rating Area 6,385.08,7,46
2022,MO,Rating Area 7,435.24,3,19
2022,MO,Rating Area 8,433.07,5,29
2022,MO,Rating Area 9,454.28,3,23
2022,MS,Rating Area 1,437.74,2,17
2022,MS,Rating Area 2,454.5,3,23
2022,MS,Rating Area 3,443.76,3,18
2022,MS,Rating Area 4,455.94,4,24
2022,MS,Rating Area 5,443.16,4,24
2022,MS,Rating Area 6,450.68,4,24
2022,MT,Rating Area 1,357.18,3,9
2022,MT,Rating Area 2,462.17,3,9
2022,MT,Rating Area 3,411.96,3,9
2022,MT,Rating Area 4,476.48,3,8
2022,NC,Rating Area 1,566.93,10,49
2022,NC,Rating Area 10,502.42,6,28
2022,NC,Rating Area 11,448.38,8,40
2022,NC,Rating Area 12,635.34,5,19
2022,NC,Rating Area 13,434.92,7,32
2022,NC,Rating Area 14,461.11,6,26
2022,NC,Rating Area 15,536.17,7,37
2022,NC,Rating Area 16,638.44,6,21
2022,NC,Rating Area 2,539.04,8,37
2022,NC,Rating Area 3,454.74,7,33
2022,NC,Rating Area 4,474.67,6,32
2022,NC,Rating Area 5,456.75,6,30
2022,NC,Rating Area 6,427.93,7,40
2022,NC,Rating Area 7,413.12,8,37
2022,NC,Rating Area 8,509.59,4,20
2022,NC,Rating Area 9,519.43,6,26
2022,ND,Rating Area 1,418.6,2,8
2022,ND,Rating Area 2,418.6,3,9
2022,ND,Rating Area 3,448.55,3,7
2022,ND,Rating Area 4,418.6,3,10
2022,NE,Rating Area 1,539.65,4,37
2022,NE,Rating Area 2,493.94,4,35
2022,NE,Rating Area 3,624.13,4,26
2022,NE,Rating Area 4,796.97,4,22
2022,NH,Rating Area 1,304.66,3,19
2022,OH,Rating Area 1,365.01,6,40
2022,OH,Rating Area 10,387.92,5,35
2022,OH,Rating Area 11,318.9,6,49
2022,OH,Rating Area 12,353.58,6,52
2022,OH,Rating Area 13,374.35,5,35
2022,OH,Rating Area 14,382.87,6,42
2022,OH,Rating Area 15,362.55,8,67
2022,OH,Rating Area 16,392.26,8,86
2022,OH,Rating Area 17,371.97,4,24
2022,OH,Rating Area 2,374.84,5,39
2022,OH,Rating Area 3,372.12,5,35
2022,OH,Rating Area 4,373.1,5,39
2022,OH,Rating Area 5,369.73,5,43
2022,OH,Rating Area 6,361.23,6,40
2022,OH,Rating Area 7,442.59,4,24
2022,OH,Rating Area 8,401.98,5,35
2022,OH,Rating Area 9,395.42,6,60
2022,OK,Rating Area 1,552.16,2,4
2022,OK,Rating Area 2,552.14,2,5
2022,OK,Rating Area 3,440.88,6,30
2022,OK,Rating Area 4,450.39,6,21
2022,OK,Rating Area 5,432.86,4,18
2022,OR,Rating Area 1,405.0,6,23
2022,OR,Rating Area 2,425.0,6,15
2022,OR,Rating Area 3,405.0,6,19
2022,OR,Rating Area 4,465.99,5,13
2022,OR,Rating Area 5,405.0,6,21
2022,OR,Rating Area 6,405.0,6,21
2022,OR,Rating Area 7,490.0,5,17
2022,SC,Rating Area 1,317.08,4,29
2022,SC,Rating Area 10,376.0,3,25
2022,SC,Rating Area 11,524.95,3,16
2022,SC,Rating Area 12,440.99,3,23
2022,SC,Rating Area 13,426.49,3,23
2022,SC,Rating Area 14,426.49,3,23
2022,SC,Rating Area 15,426.49,3,23
2022,SC,Rating Area 16,426.49,3,23
2022,SC,Rating Area 17,426.49,3,23
2022,SC,Rating Area 18,426.49,4,31
2022,SC,Rating Area 19,406.67,3,23
2022,SC,Rating Area 2,413.84,3,23
2022,SC,Rating Area 20,508.1,3,23
2022,SC,Rating Area 21,426.49,3,23
2022,SC,Rating Area 22,405.65,3,23
2022,SC,Rating Area 23,416.07,4,31
2022,SC,Rating Area 24,317.08,4,29
2022,SC,Rating Area 25,439.28,3,23
2022,SC,Rating Area 26,414.38,4,29
2022,SC,Rating Area 27,439.28,3,23
2022,SC,Rating Area 28,490.3,3,23
2022,SC,Rating Area 29,440.99,3,23
2022,SC,Rating Area 3,402.29,3,23
2022,SC,Rating Area 30,375.88,4,31
2022,SC,Rating Area 31,426.49,3,23
2022,SC,Rating Area 32,522.99,3,23
2022,SC,Rating Area 33,317.08,3,23
2022,SC,Rating Area 34,426.49,3,23
2022,SC,Rating Area 35,426.49,3,23
2022,SC,Rating Area 36,450.63,3,23
2022,SC,Rating Area 37,514.71,2,20
2022,SC,Rating Area 38,385.72,3,25
2022,SC,Rating Area 39,498.33,3,26
2022,SC,Rating Area 4,510.68,2,11
2022,SC,Rating Area 40,505.21,3,23
2022,SC,Rating Area 41,489.76,3,23
2022,SC,Rating Area 42,432.18,3,16
2022,SC,Rating Area 43,444.71,3,23
2022,SC,Rating Area 44,454.72,3,16
2022,SC,Rating Area 45,414.9,3,25
2022,SC,Rating Area 46,440.99,3,23
2022,SC,Rating Area 5,385.72,3,23
2022,SC,Rating Area 6,415.69,3,23
2022,SC,Rating Area 7,439.28,3,23
2022,SC,Rating Area 8,423.86,4,31
2022,SC,Rating Area 9,385.72,3,23
2022,SD,Rating Area 1,769.59,2,7
2022,SD,Rating Area 2,453.81,2,13
2022,SD,Rating Area 3,456.15,2,13
2022,SD,Rating Area 4,578.65,2,7
2022,TN,Rating Area 1,457.16,3,20
2022,TN,Rating Area 2,420.6,5,32
2022,TN,Rating Area 3,433.49,5,30
2022,TN,Rating Area 4,450.34,6,37
2022,TN,Rating Area 5,452.52,4,24
2022,TN,Rating Area 6,412.47,6,37
2022,TN,Rating Area 7,435.71,2,9
2022,TN,Rating Area 8,502.27,4,24
2022,TX,Rating Area 1,504.3,2,6
2022,TX,Rating Area 10,370.19,10,104
2022,TX,Rating Area 11,455.14,5,29
2022,TX,Rating Area 12,421.12,5,31
2022,TX,Rating Area 13,435.5,4,27
2022,TX,Rating Area 14,538.51,3,8
2022,TX,Rating Area 15,411.42,5,31
2022,TX,Rating Area 16,461.19,2,6
2022,TX,Rating Area 17,461.49,4,26
2022,TX,Rating Area 18,576.6,3,23
2022,TX,Rating Area 19,394.65,10,80
2022,TX,Rating Area 2,496.85,4,26
2022,TX,Rating Area 20,530.27,4,25
2022,TX,Rating Area 21,485.08,2,7
2022,TX,Rating Area 22,457.38,4,27
2022,TX,Rating Area 23,543.85,3,23
2022,TX,Rating Area 24,443.99,5,29
2022,TX,Rating Area 25,637.47,1,3
2022,TX,Rating Area 26,443.99,10,46
2022,TX,Rating Area 3,440.11,12,86
2022,TX,Rating Area 4,422.5,6,37
2022,TX,Rating Area 5,411.45,5,31
2022,TX,Rating Area 6,443.99,4,26
2022,TX,Rating Area 7,455.38,5,29
2022,TX,Rating Area 8,389.36,9,88
2022,TX,Rating Area 9,411.59,8,51
2022,UT,Rating Area 1,500.92,6,23
2022,UT,Rating Area 2,431.81,7,35
2022,UT,Rating Area 3,412.26,7,37
2022,UT,Rating Area 4,402.4,7,37
2022,UT,Rating Area 5,538.21,3,10
2022,UT,Rating Area 6,520.52,4,9
2022,VA,Rating Area 1,513.31,2,4
2022,VA,Rating Area 10,434.13,8,26
2022,VA,Rating Area 11,465.27,3,13
2022,VA,Rating Area 12,436.35,6,22
2022,VA,Rating Area 2,477.5,3,7
2022,VA,Rating Area 3,450.15,2,4
2022,VA,Rating Area 4,480.78,2,6
2022,VA,Rating Area 5,452.96,1,2
2022,VA,Rating Area 6,453.38,2,4
2022,VA,Rating Area 7,431.15,8,37
2022,VA,Rating Area 8,477.96,2,4
2022,VA,Rating Area 9,454.6,2,6
2022,WI,Rating Area 1,367.62,7,44
2022,WI,Rating Area 10,463.61,4,14
2022,WI,Rating Area 11,385.87,12,75
2022,WI,Rating Area 12,403.07,8,55
2022,WI,Rating Area 13,377.64,5,30
2022,WI,Rating Area 14,410.0,7,53
2022,WI,Rating Area 15,376.09,9,51
2022,WI,Rating Area 16,377.64,9,47
2022,WI,Rating Area 2,374.11,3,21
2022,WI,Rating Area 3,455.63,2,8
2022,WI,Rating Area 4,555.77,4,16
2022,WI,Rating Area 5,509.36,3,9
2022,WI,Rating Area 6,490.42,3,19
2022,WI,Rating Area 7,435.04,4,18
2022,WI,Rating Area 8,527.98,3,14
2022,WI,Rating Area 9,414.1,7,44
2022,WV,Rating Area 1,757.93,2,9
2022,WV,Rating Area 10,684.44,2,9
2022,WV,Rating Area 11,608.72,2,9
2022,WV,Rating Area 2,808.41,2,9
2022,WV,Rating Area 3,844.04,2,9
2022,WV,Rating Area 4,726.01,2,9
2022,WV,Rating Area 5,841.07,2,9
2022,WV,Rating Area 6,737.14,2,9
2022,WV,Rating Area 7,684.44,2,9
2022,WV,Rating Area 8,753.47,2,9
2022,WV,Rating Area 9,788.36,2,9
2022,WY,Rating Area 1,748.91,2,8
2022,WY,Rating Area 2,717.5,2,8
2022,WY,Rating Area 3,748.91,2,8
2023,AK,Rating Area 1,719.0,2,4
2023,AK,Rating Area 2,756.0,2,4
2023,AK,Rating Area 3,741.0,2,4
2023,AL,Rating Area 1,539.81,1,3
2023,AL,Rating Area 10,541.74,3,15
2023,AL,Rating Area 11,543.76,2,10
2023,AL,Rating Area 12,522.4,1,3
2023,AL,Rating Area 13,544.04,3,15
2023,AL,Rating Area 2,597.86,2,10
2023,AL,Rating Area 3,538.38,2,10
2023,AL,Rating Area 4,597.86,2,10
2023,AL,Rating Area 5,548.52,2,8
2023,AL,Rating Area 6,551.42,3,15
2023,AL,Rating Area 7,551.42,3,15
2023,AL,Rating Area 8,539.81,3,15
2023,AL,Rating Area 9,606.56,2,8
2023,AR,Rating Area 1,411.1,5,25
2023,AR,Rating Area 2,411.1,5,25
2023,AR,Rating Area 3,411.1,5,25
2023,AR,Rating Area 4,411.1,5,25
2023,AR,Rating Area 5,411.1,5,25
2023,AR,Rating Area 6,411.1,5,25
2023,AR,Rating Area 7,411.1,5,25
2023,AZ,Rating Area 1,552.53,3,31
2023,AZ,Rating Area 2,663.22,2,13
2023,AZ,Rating Area 3,658.6,2,14
2023,AZ,Rating Area 4,359.04,8,54
2023,AZ,Rating Area 5,380.95,6,54
2023,AZ,Rating Area 6,337.64,4,39
2023,AZ,Rating Area 7,487.47,3,23
2023,DE,Rating Area 1,541.88,3,8
2023,FL,Rating Area 1,521.88,6,49
2023,FL,Rating Area 10,446.41,8,62
2023,FL,Rating Area 11,488.4,7,44
2023,FL,Rating Area 12,548.49,5,38
2023,FL,Rating Area 13,538.45,3,17
2023,FL,Rating Area 14,586.09,4,29
2023,FL,Rating Area 15,440.17,8,60
2023,FL,Rating Area 16,503.51,6,53
2023,FL,Rating Area 17,489.81,6,43
2023,FL,Rating Area 18,508.12,4,25
2023,FL,Rating Area 19,484.29,4,25
2023,FL,Rating Area 2,523.11,4,40
2023,FL,Rating Area 20,606.74,4,29
2023,FL,Rating Area 21,688.77,3,15
2023,FL,Rating Area 22,481.79,2,17
2023,FL,Rating Area 23,759.88,2,13
2023,FL,Rating Area 24,729.71,5,34
2023,FL,Rating Area 25,583.99,4,16
2023,FL,Rating Area 26,471.98,5,44
2023,FL,Rating Area 27,494.43,4,36
2023,FL,Rating Area 28,452.51,8,68
2023,FL,Rating Area 29,510.42,3,23
2023,FL,Rating Area 3,463.13,5,44
2023,FL,Rating Area 30,445.53,7,40
2023,FL,Rating Area 31,526.21,3,23
2023,FL,Rating Area 32,468.95,4,18
2023,FL,Rating Area 33,638.91,3,15
2023,FL,Rating Area 34,467.87,9,77
2023,FL,Rating Area 35,525.74,6,42
2023,FL,Rating Area 36,437.83,7,43
2023,FL,Rating Area 37,530.61,3,27
2023,FL,Rating Area 38,512.78,4,25
2023,FL,Rating Area 39,515.03,4,25
2023,FL,Rating Area 4,576.17,5,38
2023,FL,Rating Area 40,446.92,8,57
2023,FL,Rating Area 41,437.42,6,53
2023,FL,Rating Area 42,475.15,5,46
2023,FL,Rating Area 43,462.07,12,91
2023,FL,Rating Area 44,758.53,1,8
2023,FL,Rating Area 45,553.66,5,31
2023,FL,Rating Area 46,519.65,4,42
2023,FL,Rating Area 47,515.03,3,27
2023,FL,Rating Area 48,489.17,10,81
2023,FL,Rating Area 49,479.81,10,81
2023,FL,Rating Area 5,457.42,8,58
2023,FL,Rating Area 50,459.48,12,86
2023,FL,Rating Area 51,477.82,8,65
2023,FL,Rating Area 52,466.03,7,61
2023,FL,Rating Area 53,487.99,5,43
2023,FL,Rating Area 54,513.31,4,25
2023,FL,Rating Area 55,481.01,6,53
2023,FL,Rating Area 56,447.08,7,45
2023,FL,Rating Area 57,480.21,12,96
2023,FL,Rating Area 58,431.78,6,44
2023,FL,Rating Area 59,461.43,7,53
2023,FL,Rating Area 6,437.71,12,91
2023,FL,Rating Area 60,436.72,4,33
2023,FL,Rating Area 61,560.0,5,38
2023,FL,Rating Area 62,576.93,2,6
2023,FL,Rating Area 63,691.74,4,24
2023,FL,Rating Area 64,465.8,8,54
2023,FL,Rating Area 65,464.57,5,20
2023,FL,Rating Area 66,489.08,4,33
2023,FL,Rating Area 67,611.72,3,15
2023,FL,Rating Area 7,479.85,5,27
2023,FL,Rating Area 8,423.99,5,46
2023,FL,Rating Area 9,463.13,5,44
2023,GA,Rating Area 1,362.6,4,36
2023,GA,Rating Area 10,319.0,4,39
2023,GA,Rating Area 11,332.22,4,40
2023,GA,Rating Area 12,335.04,5,47
2023,GA,Rating Area 13,289.76,6,53
2023,GA,Rating Area 14,397.95,7,56
2023,GA,Rating Area 15,339.67,4,40
2023,GA,Rating Area 16,353.23,4,39
2023,GA,Rating Area 2,393.56,6,41
2023,GA,Rating Area 3,427.53,10,89
2023,GA,Rating Area 4,345.93,4,39
2023,GA,Rating Area 5,414.21,6,48
2023,GA,Rating Area 6,365.52,3,26
2023,GA,Rating Area 7,412.99,3,32
2023,GA,Rating Area 8,395.4,7,63
2023,GA,Rating Area 9,408.67,3,32
2023,HI,Rating Area 1,429.98,2,5
2023,IA,Rating Area 1,453.47,2,7
2023,IA,Rating Area 2,437.64,3,13
2023,IA,Rating Area 3,461.55,3,12
2023,IA,Rating Area 4,511.23,2,8
2023,IA,Rating Area 5,450.99,2,7
2023,IA,Rating Area 6,450.99,3,14
2023,IA,Rating Area 7,462.35,3,12
2023,IL,Rating Area 1,375.32,7,55
2023,IL,Rating Area 10,627.38,3,14
2023,IL,Rating Area 11,641.91,2,7
2023,IL,Rating Area 12,456.79,4,28
2023,IL,Rating Area 13,737.33,2,7
2023,IL,Rating Area 2,390.28,6,45
2023,IL,Rating Area 3,392.57,6,51
2023,IL,Rating Area 4,396.03,6,42
2023,IL,Rating Area 5,536.9,3,14
2023,IL,Rating Area 6,510.61,3,22
2023,IL,Rating Area 7,572.51,2,10
2023,IL,Rating Area 8,601.51,2,7
2023,IL,Rating Area 9,640.31,2,7
2023,IN,Rating Area 1,376.62,3,26
2023,IN,Rating Area 10,384.85,5,36
2023,IN,Rating Area 11,384.85,5,36
2023,IN,Rating Area 12,405.55,3,20
2023,IN,Rating Area 13,384.85,5,36
2023,IN,Rating Area 14,381.28,2,16
2023,IN,Rating Area 15,383.65,4,30
2023,IN,Rating Area 16,340.67,2,16
2023,IN,Rating Area 17,372.67,4,30
2023,IN,Rating Area 2,412.68,3,26
2023,IN,Rating Area 3,426.24,3,26
2023,IN,Rating Area 4,445.82,2,16
2023,IN,Rating Area 5,405.38,4,30
2023,IN,Rating Area 6,394.46,4,30
2023,IN,Rating Area 7,394.05,4,30
2023,IN,Rating Area 8,387.21,4,30
2023,IN,Rating Area 9,405.46,4,30
2023,KS,Rating Area 1,450.24,7,36
2023,KS,Rating Area 2,474.22,4,21
2023,KS,Rating Area 3,505.98,3,15
2023,KS,Rating Area 4,515.51,3,15
2023,KS,Rating Area 5,526.98,3,15
2023,KS,Rating Area 6,422.74,6,30
2023,KS,Rating Area 7,482.16,2,14
2023,LA,Rating Area 1,507.94,5,27
2023,LA,Rating Area 2,585.0,3,9
2023,LA,Rating Area 3,586.87,4,16
2023,LA,Rating Area 4,544.09,5,23
2023,LA,Rating Area 5,533.57,5,27
2023,LA,Rating Area 6,553.5,4,14
2023,LA,Rating Area 7,586.64,4,16
2023,LA,Rating Area 8,482.65,4,16
2023,MI,Rating Area 1,311.36,8,54
2023,MI,Rating Area 10,360.79,7,39
2023,MI,Rating Area 11,365.21,6,29
2023,MI,Rating Area 12,345.96,9,47
2023,MI,Rating Area 13,399.81,5,20
2023,MI,Rating Area 14,370.06,4,16
2023,MI,Rating Area 15,392.63,5,24
2023,MI,Rating Area 16,585.81,2,4
2023,MI,Rating Area 2,307.25,8,55
2023,MI,Rating Area 3,401.25,4,18
2023,MI,Rating Area 4,329.95,7,36
2023,MI,Rating Area 5,316.83,9,44
2023,MI,Rating Area 6,402.23,6,27
2023,MI,Rating Area 7,398.44,6,34
2023,MI,Rating Area 8,388.1,5,23
2023,MI,Rating Area 9,420.67,5,29
2023,MO,Rating Area 1,551.68,4,23
2023,MO,Rating Area 10,585.34,2,17
2023,MO,Rating Area 2,565.68,2,17
2023,MO,Rating Area 3,468.1,7,39
2023,MO,Rating Area 4,562.95,4,24
2023,MO,Rating Area 5,588.18,4,21
2023,MO,Rating Area 6,402.33,8,40
2023,MO,Rating Area 7,492.5,4,21
2023,MO,Rating Area 8,493.93,6,31
2023,MO,Rating Area 9,473.05,3,19
2023,MS,Rating Area 1,460.97,5,29
2023,MS,Rating Area 2,462.15,5,29
2023,MS,Rating Area 3,464.91,4,22
2023,MS,Rating Area 4,462.15,5,29
2023,MS,Rating Area 5,462.15,5,29
2023,MS,Rating Area 6,461.33,4,22
2023,MT,Rating Area 1,401.83,3,15
2023,MT,Rating Area 2,483.48,3,13
2023,MT,Rating Area 3,459.37,3,13
2023,MT,Rating Area 4,485.81,3,11
2023,NC,Rating Area 1,556.41,10,58
2023,NC,Rating Area 10,508.58,5,28
2023,NC,Rating Area 11,471.93,7,42
2023,NC,Rating Area 12,633.37,4,18
2023,NC,Rating Area 13,433.28,6,35
2023,NC,Rating Area 14,485.33,5,31
2023,NC,Rating Area 15,579.51,6,44
2023,NC,Rating Area 16,619.23,5,25
2023,NC,Rating Area 2,516.33,7,43
2023,NC,Rating Area 3,464.28,6,36
2023,NC,Rating Area 4,475.19,5,34
2023,NC,Rating Area 5,503.13,5,34
2023,NC,Rating Area 6,440.3,6,41
2023,NC,Rating Area 7,434.81,8,48
2023,NC,Rating Area 8,550.7,4,24
2023,NC,Rating Area 9,530.88,6,35
2023,ND,Rating Area 1,410.39,2,11
2023,ND,Rating Area 2,410.39,3,14
2023,ND,Rating Area 3,459.49,3,11
2023,ND,Rating Area 4,410.39,3,17
2023,NE,Rating Area 1,548.37,4,32
2023,NE,Rating Area 2,499.51,4,32
2023,NE,Rating Area 3,533.44,4,29
2023,NE,Rating Area 4,686.68,4,22
2023,NH,Rating Area 1,316.93,3,25
2023,OH,Rating Area 1,434.58,7,47
2023,OH,Rating Area 10,425.73,5,33
2023,OH,Rating Area 11,380.82,7,56
2023,OH,Rating Area 12,384.09,6,51
2023,OH,Rating Area 13,419.91,6,40
2023,OH,Rating Area 14,439.06,6,39
2023,OH,Rating Area 15,402.89,8,66
2023,OH,Rating Area 16,414.39,8,78
2023,OH,Rating Area 17,455.84,4,21
2023,OH,Rating Area 2,438.82,5,38
2023,OH,Rating Area 3,399.41,6,40
2023,OH,Rating Area 4,404.91,6,40
2023,OH,Rating Area 5,425.21,5,33
2023,OH,Rating Area 6,447.4,7,47
2023,OH,Rating Area 7,514.22,4,21
2023,OH,Rating Area 8,467.91,5,33
2023,OH,Rating Area 9,408.08,6,56
2023,OK,Rating Area 1,614.7,2,5
2023,OK,Rating Area 2,503.06,4,19
2023,OK,Rating Area 3,473.18,6,37
2023,OK,Rating Area 4,471.96,6,32
2023,OK,Rating Area 5,437.85,5,25
2023,OR,Rating Area 1,424.0,6,21
2023,OR,Rating Area 2,455.0,6,16
2023,OR,Rating Area 3,434.0,6,19
2023,OR,Rating Area 4,466.67,5,13
2023,OR,Rating Area 5,434.0,6,21
2023,OR,Rating Area 6,434.0,6,23
2023,OR,Rating Area 7,504.0,5,18
2023,SC,Rating Area 1,384.98,3,20
2023,SC,Rating Area 10,437.37,5,30
2023,SC,Rating Area 11,587.31,3,20
2023,SC,Rating Area 12,503.79,4,21
2023,SC,Rating Area 13,459.93,3,20
2023,SC,Rating Area 14,459.93,3,20
2023,SC,Rating Area 15,458.76,3,20
2023,SC,Rating Area 16,459.93,3,20
2023,SC,Rating Area 17,459.93,4,21
2023,SC,Rating Area 18,458.76,5,30
2023,SC,Rating Area 19,422.4,3,20
2023,SC,Rating Area 2,441.51,3,21
2023,SC,Rating Area 20,468.5,4,21
2023,SC,Rating Area 21,459.93,3,22
2023,SC,Rating Area 22,439.95,4,23
2023,SC,Rating Area 23,526.18,4,23
2023,SC,Rating Area 24,384.98,3,20
2023,SC,Rating Area 25,497.23,3,20
2023,SC,Rating Area 26,435.31,5,30
2023,SC,Rating Area 27,511.97,3,20
2023,SC,Rating Area 28,455.12,4,23
2023,SC,Rating Area 29,503.79,4,21
2023,SC,Rating Area 3,434.8,3,20
2023,SC,Rating Area 30,475.37,4,23
2023,SC,Rating Area 31,459.93,3,20
2023,SC,Rating Area 32,535.27,3,22
2023,SC,Rating Area 33,384.98,3,20
2023,SC,Rating Area 34,459.93,4,23
2023,SC,Rating Area 35,459.93,3,20
2023,SC,Rating Area 36,450.84,3,20
2023,SC,Rating Area 37,520.61,2,19
2023,SC,Rating Area 38,433.96,3,22
2023,SC,Rating Area 39,535.27,3,20
2023,SC,Rating Area 4,535.27,3,19
2023,SC,Rating Area 40,531.09,4,23
2023,SC,Rating Area 41,497.7,3,20
2023,SC,Rating Area 42,564.21,3,21
2023,SC,Rating Area 43,489.52,3,20
2023,SC,Rating Area 44,543.98,3,20
2023,SC,Rating Area 45,459.93,3,22
2023,SC,Rating Area 46,503.79,3,21
2023,SC,Rating Area 5,428.89,3,20
2023,SC,Rating Area 6,441.51,3,20
2023,SC,Rating Area 7,511.97,3,20
2023,SC,Rating Area 8,458.76,5,30
2023,SC,Rating Area 9,433.96,4,21
2023,SD,Rating Area 1,712.8,3,10
2023,SD,Rating Area 2,486.65,2,16
2023,SD,Rating Area 3,488.69,2,16
2023,SD,Rating Area 4,608.27,2,8
2023,TN,Rating Area 1,502.48,3,23
2023,TN,Rating Area 2,454.66,4,36
2023,TN,Rating Area 3,483.27,4,29
2023,TN,Rating Area 4,459.11,6,52
2023,TN,Rating Area 5,499.87,4,29
2023,TN,Rating Area 6,439.07,5,44
2023,TN,Rating Area 7,502.07,2,16
2023,TN,Rating Area 8,532.96,4,26
2023,TX,Rating Area 1,530.73,5,20
2023,TX,Rating Area 10,443.1,8,54
2023,TX,Rating Area 11,472.18,6,24
2023,TX,Rating Area 12,461.67,6,30
2023,TX,Rating Area 13,468.98,4,19
2023,TX,Rating Area 14,555.75,4,19
2023,TX,Rating Area 15,428.9,6,31
2023,TX,Rating Area 16,458.48,5,20
2023,TX,Rating Area 17,497.2,5,20
2023,TX,Rating Area 18,396.8,9,49
2023,TX,Rating Area 19,543.33,3,14
2023,TX,Rating Area 2,533.56,5,20
2023,TX,Rating Area 20,561.89,4,19
2023,TX,Rating Area 21,519.95,4,19
2023,TX,Rating Area 22,561.51,4,19
2023,TX,Rating Area 23,441.49,6,24
2023,TX,Rating Area 24,520.34,5,20
2023,TX,Rating Area 25,447.3,10,56
2023,TX,Rating Area 26,415.38,8,45
2023,TX,Rating Area 27,449.77,8,45
2023,TX,Rating Area 3,457.54,11,56
2023,TX,Rating Area 4,489.94,7,34
2023,TX,Rating Area 5,408.71,6,31
2023,TX,Rating Area 6,448.57,5,24
2023,TX,Rating Area 7,475.76,6,31
2023,TX,Rating Area 8,434.88,10,56
2023,TX,Rating Area 9,413.79,11,54
2023,UT,Rating Area 1,522.14,4,13
2023,UT,Rating Area 2,450.7,6,31
2023,UT,Rating Area 3,429.24,6,34
2023,UT,Rating Area 4,442.11,6,32
2023,UT,Rating Area 5,569.32,3,10
2023,UT,Rating Area 6,568.88,4,12
2023,VA,Rating Area 1,377.15,4,11
2023,VA,Rating Area 10,343.16,8,30
2023,VA,Rating Area 11,371.02,3,14
2023,VA,Rating Area 12,346.04,5,19
2023,VA,Rating Area 2,368.12,3,8
2023,VA,Rating Area 3,343.59,3,8
2023,VA,Rating Area 4,403.48,2,7
2023,VA,Rating Area 5,344.81,3,8
2023,VA,Rating Area 6,368.57,3,8
2023,VA,Rating Area 7,331.06,8,34
2023,VA,Rating Area 8,363.17,5,14
2023,VA,Rating Area 9,354.71,3,8
2023,WI,Rating Area 1,394.95,6,47
2023,WI,Rating Area 10,504.4,5,17
2023,WI,Rating Area 11,404.09,11,95
2023,WI,Rating Area 12,426.55,7,68
2023,WI,Rating Area 13,439.89,7,50
2023,WI,Rating Area 14,441.3,8,61
2023,WI,Rating Area 15,415.97,9,61
2023,WI,Rating Area 16,426.68,9,58
2023,WI,Rating Area 2,387.6,4,38
2023,WI,Rating Area 3,498.29,3,12
2023,WI,Rating Area 4,604.77,5,31
2023,WI,Rating Area 5,479.97,4,16
2023,WI,Rating Area 6,566.46,4,42
2023,WI,Rating Area 7,432.4,5,32
2023,WI,Rating Area 8,557.13,4,18
2023,WI,Rating Area 9,435.63,6,47
2023,WV,Rating Area 1,838.04,2,9
2023,WV,Rating Area 10,832.19,2,9
2023,WV,Rating Area 11,753.65,2,9
2023,WV,Rating Area 2,848.9,2,9
2023,WV,Rating Area 3,869.26,2,9
2023,WV,Rating Area 4,802.95,2,9
2023,WV,Rating Area 5,933.31,2,9
2023,WV,Rating Area 6,750.31,2,9
2023,WV,Rating Area 7,718.56,2,9
2023,WV,Rating Area 8,833.02,2,9
2023,WV,Rating Area 9,846.38,2,9
2023,WY,Rating Area 1,801.21,2,9
2023,WY,Rating Area 2,801.21,2,9
2023,WY,Rating Area 3,801.21,2,9
2024,AK,Rating Area 1,840.0,2,4
2024,AK,Rating Area 2,883.0,2,4
2024,AK,Rating Area 3,861.0,2,4
2024,AL,Rating Area 1,490.39,2,8
2024,AL,Rating Area 10,534.88,3,16
2024,AL,Rating Area 11,496.09,2,11
2024,AL,Rating Area 12,510.34,2,8
2024,AL,Rating Area 13,557.78,3,16
2024,AL,Rating Area 2,575.2,3,16
2024,AL,Rating Area 3,565.65,3,18
2024,AL,Rating Area 4,584.5,3,16
2024,AL,Rating Area 5,529.33,3,16
2024,AL,Rating Area 6,557.42,3,16
2024,AL,Rating Area 7,535.43,3,16
2024,AL,Rating Area 8,560.98,3,16
2024,AL,Rating Area 9,630.35,3,16
2024,AR,Rating Area 1,424.38,6,25
2024,AR,Rating Area 2,424.38,6,25
2024,AR,Rating Area 3,424.38,6,25
2024,AR,Rating Area 4,424.38,6,25
2024,AR,Rating Area 5,424.38,6,25
2024,AR,Rating Area 6,424.38,6,25
2024,AR,Rating Area 7,424.38,6,25
2024,AZ,Rating Area 1,455.39,5,34
2024,AZ,Rating Area 2,630.06,3,12
2024,AZ,Rating Area 3,665.42,2,13
2024,AZ,Rating Area 4,332.12,8,41
2024,AZ,Rating Area 5,356.23,6,38
2024,AZ,Rating Area 6,306.52,6,38
2024,AZ,Rating Area 7,492.71,3,20
2024,DE,Rating Area 1,528.47,4,17
2024,FL,Rating Area 1,536.25,6,37
2024,FL,Rating Area 10,461.38,8,50
2024,FL,Rating Area 11,533.12,7,36
2024,FL,Rating Area 12,554.63,5,32
2024,FL,Rating Area 13,494.59,5,24
2024,FL,Rating Area 14,579.05,4,23
2024,FL,Rating Area 15,440.36,8,49
2024,FL,Rating Area 16,505.44,6,37
2024,FL,Rating Area 17,511.27,6,32
2024,FL,Rating Area 18,488.95,4,20
2024,FL,Rating Area 19,502.79,5,26
2024,FL,Rating Area 2,520.92,4,33
2024,FL,Rating Area 20,569.76,4,23
2024,FL,Rating Area 21,751.8,4,19
2024,FL,Rating Area 22,495.65,2,14
2024,FL,Rating Area 23,841.36,2,11
2024,FL,Rating Area 24,725.57,6,30
2024,FL,Rating Area 25,581.57,4,16
2024,FL,Rating Area 26,480.45,6,35
2024,FL,Rating Area 27,544.94,4,27
2024,FL,Rating Area 28,465.13,9,56
2024,FL,Rating Area 29,465.03,3,18
2024,FL,Rating Area 3,478.07,5,31
2024,FL,Rating Area 30,463.33,7,35
2024,FL,Rating Area 31,510.93,3,18
2024,FL,Rating Area 32,458.84,5,24
2024,FL,Rating Area 33,660.21,3,13
2024,FL,Rating Area 34,491.17,10,62
2024,FL,Rating Area 35,545.3,6,41
2024,FL,Rating Area 36,441.36,8,39
2024,FL,Rating Area 37,549.44,3,21
2024,FL,Rating Area 38,486.56,5,26
2024,FL,Rating Area 39,472.32,5,26
2024,FL,Rating Area 4,544.69,5,32
2024,FL,Rating Area 40,468.23,7,38
2024,FL,Rating Area 41,462.33,7,46
2024,FL,Rating Area 42,511.97,5,30
2024,FL,Rating Area 43,484.98,11,66
2024,FL,Rating Area 44,786.8,1,6
2024,FL,Rating Area 45,565.52,5,30
2024,FL,Rating Area 46,523.77,4,29
2024,FL,Rating Area 47,537.8,3,21
2024,FL,Rating Area 48,501.44,11,66
2024,FL,Rating Area 49,485.76,11,66
2024,FL,Rating Area 5,459.86,9,49
2024,FL,Rating Area 50,491.24,11,63
2024,FL,Rating Area 51,496.79,10,60
2024,FL,Rating Area 52,467.33,8,51
2024,FL,Rating Area 53,506.36,7,44
2024,FL,Rating Area 54,536.01,4,20
2024,FL,Rating Area 55,505.88,6,37
2024,FL,Rating Area 56,457.89,6,33
2024,FL,Rating Area 57,506.36,12,76
2024,FL,Rating Area 58,456.49,6,47
2024,FL,Rating Area 59,485.19,7,37
2024,FL,Rating Area 6,465.13,11,66
2024,FL,Rating Area 60,475.07,4,26
2024,FL,Rating Area 61,571.81,5,32
2024,FL,Rating Area 62,569.08,4,18
2024,FL,Rating Area 63,672.16,5,29
2024,FL,Rating Area 64,486.4,9,46
2024,FL,Rating Area 65,462.38,6,26
2024,FL,Rating Area 66,510.28,4,26
2024,FL,Rating Area 67,660.31,3,13
2024,FL,Rating Area 7,460.59,6,28
2024,FL,Rating Area 8,464.6,5,33
2024,FL,Rating Area 9,481.56,5,31
2024,GA,Rating Area 1,429.45,4,29
2024,GA,Rating Area 10,358.28,4,30
2024,GA,Rating Area 11,393.11,5,35
2024,GA,Rating Area 12,414.04,5,35
2024,GA,Rating Area 13,381.63,6,41
2024,GA,Rating Area 14,442.87,7,39
2024,GA,Rating Area 15,379.34,5,35
2024,GA,Rating Area 16,421.6,3,25
2024,GA,Rating Area 2,481.94,6,40
2024,GA,Rating Area 3,475.78,9,67
2024,GA,Rating Area 4,404.55,4,30
2024,GA,Rating Area 5,469.27,6,46
2024,GA,Rating Area 6,373.15,5,27
2024,GA,Rating Area 7,452.66,3,25
2024,GA,Rating Area 8,472.42,6,40
2024,GA,Rating Area 9,456.82,3,25
2024,HI,Rating Area 1,457.15,2,4
2024,IA,Rating Area 1,411.45,3,16
2024,IA,Rating Area 2,411.45,3,16
2024,IA,Rating Area 3,464.46,3,15
2024,IA,Rating Area 4,496.44,3,17
2024,IA,Rating Area 5,414.25,3,16
2024,IA,Rating Area 6,414.25,3,19
2024,IA,Rating Area 7,483.83,3,15
2024,IL,Rating Area 1,378.83,8,44
2024,IL,Rating Area 10,589.49,4,16
2024,IL,Rating Area 11,568.48,4,18
2024,IL,Rating Area 12,453.89,4,21
2024,IL,Rating Area 13,813.34,2,6
2024,IL,Rating Area 2,396.9,8,41
2024,IL,Rating Area 3,416.59,8,45
2024,IL,Rating Area 4,383.32,7,35
2024,IL,Rating Area 5,559.71,3,23
2024,IL,Rating Area 6,536.01,3,14
2024,IL,Rating Area 7,603.51,2,9
2024,IL,Rating Area 8,663.52,2,6
2024,IL,Rating Area 9,699.19,2,6
2024,IN,Rating Area 1,374.99,4,29
2024,IN,Rating Area 10,399.28,6,37
2024,IN,Rating Area 11,385.79,5,33
2024,IN,Rating Area 12,380.56,3,25
2024,IN,Rating Area 13,405.84,5,34
2024,IN,Rating Area 14,420.29,2,20
2024,IN,Rating Area 15,376.46,3,25
2024,IN,Rating Area 16,327.93,3,25
2024,IN,Rating Area 17,373.56,4,28
2024,IN,Rating Area 2,395.04,3,25
2024,IN,Rating Area 3,428.09,3,25
2024,IN,Rating Area 4,446.48,3,25
2024,IN,Rating Area 5,389.43,4,29
2024,IN,Rating Area 6,382.81,4,28
2024,IN,Rating Area 7,380.97,4,29
2024,IN,Rating Area 8,387.27,3,25
2024,IN,Rating Area 9,438.75,3,25
2024,KS,Rating Area 1,456.64,7,31
2024,KS,Rating Area 2,471.35,5,26
2024,KS,Rating Area 3,507.0,4,22
2024,KS,Rating Area 4,549.92,3,17
2024,KS,Rating Area 5,621.83,3,13
2024,KS,Rating Area 6,462.22,5,21
2024,KS,Rating Area 7,479.76,4,22
2024,LA,Rating Area 1,500.64,4,21
2024,LA,Rating Area 2,596.43,2,6
2024,LA,Rating Area 3,598.35,3,13
2024,LA,Rating Area 4,542.73,4,17
2024,LA,Rating Area 5,520.13,4,21
2024,LA,Rating Area 6,577.07,4,14
2024,LA,Rating Area 7,598.1,3,13
2024,LA,Rating Area 8,503.2,3,11
2024,MI,Rating Area 1,322.41,7,41
2024,MI,Rating Area 10,434.06,6,35
2024,MI,Rating Area 11,411.9,6,30
2024,MI,Rating Area 12,374.96,9,46
2024,MI,Rating Area 13,428.13,5,18
2024,MI,Rating Area 14,408.53,4,15
2024,MI,Rating Area 15,369.39,5,24
2024,MI,Rating Area 16,594.45,2,4
2024,MI,Rating Area 2,329.18,7,41
2024,MI,Rating Area 3,401.01,5,25
2024,MI,Rating Area 4,335.34,7,36
2024,MI,Rating Area 5,318.25,8,40
2024,MI,Rating Area 6,411.66,6,26
2024,MI,Rating Area 7,399.5,6,33
2024,MI,Rating Area 8,415.61,5,21
2024,MI,Rating Area 9,440.14,5,29
2024,MO,Rating Area 1,551.87,6,32
2024,MO,Rating Area 10,607.04,3,20
2024,MO,Rating Area 2,614.35,2,15
2024,MO,Rating Area 3,478.52,6,32
2024,MO,Rating Area 4,563.01,5,29
2024,MO,Rating Area 5,624.71,4,22
2024,MO,Rating Area 6,430.4,7,35
2024,MO,Rating Area 7,523.81,4,21
2024,MO,Rating Area 8,503.0,6,30
2024,MO,Rating Area 9,550.15,3,17
2024,MS,Rating Area 1,462.04,5,25
2024,MS,Rating Area 2,483.71,5,25
2024,MS,Rating Area 3,495.24,4,20
2024,MS,Rating Area 4,492.18,5,25
2024,MS,Rating Area 5,485.45,5,25
2024,MS,Rating Area 6,481.99,5,25
2024,MT,Rating Area 1,403.72,3,15
2024,MT,Rating Area 2,512.96,3,13
2024,MT,Rating Area 3,490.81,3,13
2024,MT,Rating Area 4,514.03,3,11
2024,NC,Rating Area 1,554.3,9,44
2024,NC,Rating Area 10,522.93,5,25
2024,NC,Rating Area 11,475.85,7,36
2024,NC,Rating Area 12,621.56,4,16
2024,NC,Rating Area 13,452.12,6,31
2024,NC,Rating Area 14,503.23,4,20
2024,NC,Rating Area 15,534.82,5,30
2024,NC,Rating Area 16,627.83,4,16
2024,NC,Rating Area 2,484.77,6,32
2024,NC,Rating Area 3,473.5,5,26
2024,NC,Rating Area 4,470.85,6,34
2024,NC,Rating Area 5,507.4,4,25
2024,NC,Rating Area 6,428.28,7,40
2024,NC,Rating Area 7,438.83,8,43
2024,NC,Rating Area 8,535.38,4,20
2024,NC,Rating Area 9,468.42,6,31
2024,ND,Rating Area 1,410.49,2,11
2024,ND,Rating Area 2,410.49,3,15
2024,ND,Rating Area 3,476.52,3,12
2024,ND,Rating Area 4,410.49,3,19
2024,NE,Rating Area 1,542.07,4,28
2024,NE,Rating Area 2,538.78,4,28
2024,NE,Rating Area 3,579.84,4,25
2024,NE,Rating Area 4,677.75,4,20
2024,NH,Rating Area 1,323.53,3,18
2024,OH,Rating Area 1,438.52,8,49
2024,OH,Rating Area 10,456.89,5,31
2024,OH,Rating Area 11,397.6,8,47
2024,OH,Rating Area 12,413.64,8,48
2024,OH,Rating Area 13,429.4,6,37
2024,OH,Rating Area 14,450.92,7,40
2024,OH,Rating Area 15,428.88,8,47
2024,OH,Rating Area 16,433.84,8,45
2024,OH,Rating Area 17,460.47,5,28
2024,OH,Rating Area 2,455.22,6,37
2024,OH,Rating Area 3,438.78,6,37
2024,OH,Rating Area 4,418.4,8,46
2024,OH,Rating Area 5,425.22,8,46
2024,OH,Rating Area 6,460.16,7,45
2024,OH,Rating Area 7,515.44,4,23
2024,OH,Rating Area 8,489.43,5,31
2024,OH,Rating Area 9,433.84,8,46
2024,OK,Rating Area 1,560.41,2,13
2024,OK,Rating Area 2,536.84,3,15
2024,OK,Rating Area 3,481.51,7,36
2024,OK,Rating Area 4,491.38,5,26
2024,OK,Rating Area 5,461.9,5,25
2024,OR,Rating Area 1,441.52,6,22
2024,OR,Rating Area 2,501.0,6,17
2024,OR,Rating Area 3,478.0,6,20
2024,OR,Rating Area 4,490.95,5,13
2024,OR,Rating Area 5,462.0,6,21
2024,OR,Rating Area 6,462.0,6,23
2024,OR,Rating Area 7,530.0,5,18
2024,SC,Rating Area 1,420.18,3,19
2024,SC,Rating Area 10,412.88,6,34
2024,SC,Rating Area 11,562.8,3,19
2024,SC,Rating Area 12,525.91,5,25
2024,SC,Rating Area 13,491.86,4,23
2024,SC,Rating Area 14,491.86,3,19
2024,SC,Rating Area 15,477.21,4,23
2024,SC,Rating Area 16,491.86,3,19
2024,SC,Rating Area 17,491.86,5,25
2024,SC,Rating Area 18,476.22,6,34
2024,SC,Rating Area 19,420.18,3,19
2024,SC,Rating Area 2,455.01,3,19
2024,SC,Rating Area 20,464.37,4,21
2024,SC,Rating Area 21,491.86,4,27
2024,SC,Rating Area 22,428.51,5,29
2024,SC,Rating Area 23,515.86,4,25
2024,SC,Rating Area 24,420.18,3,19
2024,SC,Rating Area 25,495.97,4,23
2024,SC,Rating Area 26,428.51,6,34
2024,SC,Rating Area 27,519.83,4,23
2024,SC,Rating Area 28,464.37,5,29
2024,SC,Rating Area 29,510.44,5,25
2024,SC,Rating Area 3,464.78,4,23
2024,SC,Rating Area 30,515.86,4,25
2024,SC,Rating Area 31,491.86,3,19
2024,SC,Rating Area 32,546.83,3,23
2024,SC,Rating Area 33,420.18,3,19
2024,SC,Rating Area 34,491.86,5,29
2024,SC,Rating Area 35,491.86,4,23
2024,SC,Rating Area 36,464.37,3,19
2024,SC,Rating Area 37,515.86,2,19
2024,SC,Rating Area 38,442.57,4,27
2024,SC,Rating Area 39,515.86,4,25
2024,SC,Rating Area 4,515.86,4,21
2024,SC,Rating Area 40,511.38,4,25
2024,SC,Rating Area 41,464.37,3,19
2024,SC,Rating Area 42,562.8,3,19
2024,SC,Rating Area 43,464.37,3,19
2024,SC,Rating Area 44,562.8,3,19
2024,SC,Rating Area 45,481.97,4,27
2024,SC,Rating Area 46,544.43,4,23
2024,SC,Rating Area 5,442.57,4,23
2024,SC,Rating Area 6,455.01,4,23
2024,SC,Rating Area 7,507.26,4,23
2024,SC,Rating Area 8,477.21,6,34
2024,SC,Rating Area 9,442.57,4,21
2024,SD,Rating Area 1,714.28,3,10
2024,SD,Rating Area 2,443.8,3,18
2024,SD,Rating Area 3,465.81,2,16
2024,SD,Rating Area 4,602.78,2,8
2024,TN,Rating Area 1,501.73,3,20
2024,TN,Rating Area 2,467.12,4,26
2024,TN,Rating Area 3,490.15,4,26
2024,TN,Rating Area 4,480.31,6,35
2024,TN,Rating Area 5,525.82,4,25
2024,TN,Rating Area 6,451.08,5,32
2024,TN,Rating Area 7,572.91,3,20
2024,TN,Rating Area 8,555.46,4,25
2024,TX,Rating Area 1,605.55,4,19
2024,TX,Rating Area 10,429.31,9,51
2024,TX,Rating Area 11,507.88,5,25
2024,TX,Rating Area 12,483.45,7,36
2024,TX,Rating Area 13,470.33,5,25
2024,TX,Rating Area 14,566.0,4,20
2024,TX,Rating Area 15,404.09,6,31
2024,TX,Rating Area 16,437.79,6,30
2024,TX,Rating Area 17,526.93,5,25
2024,TX,Rating Area 18,468.08,10,50
2024,TX,Rating Area 19,557.48,5,26
2024,TX,Rating Area 2,527.23,5,25
2024,TX,Rating Area 20,558.24,5,25
2024,TX,Rating Area 21,511.5,4,19
2024,TX,Rating Area 22,559.57,5,25
2024,TX,Rating Area 23,484.73,5,24
2024,TX,Rating Area 24,551.63,6,29
2024,TX,Rating Area 25,491.9,10,53
2024,TX,Rating Area 26,460.78,8,43
2024,TX,Rating Area 27,473.47,8,43
2024,TX,Rating Area 3,491.68,12,57
2024,TX,Rating Area 4,489.12,8,40
2024,TX,Rating Area 5,387.59,8,40
2024,TX,Rating Area 6,475.55,6,29
2024,TX,Rating Area 7,521.65,6,30
2024,TX,Rating Area 8,438.32,10,53
2024,TX,Rating Area 9,458.4,10,49
2024,UT,Rating Area 1,601.21,5,14
2024,UT,Rating Area 2,481.63,6,21
2024,UT,Rating Area 3,458.69,8,30
2024,UT,Rating Area 4,472.46,7,25
2024,UT,Rating Area 5,652.03,3,8
2024,UT,Rating Area 6,634.41,4,8
2024,WI,Rating Area 1,401.65,7,42
2024,WI,Rating Area 10,497.74,5,18
2024,WI,Rating Area 11,433.08,11,71
2024,WI,Rating Area 12,437.68,8,53
2024,WI,Rating Area 13,481.24,6,28
2024,WI,Rating Area 14,445.73,9,57
2024,WI,Rating Area 15,458.26,9,46
2024,WI,Rating Area 16,460.07,10,53
2024,WI,Rating Area 2,426.78,4,23
2024,WI,Rating Area 3,517.3,3,12
2024,WI,Rating Area 4,586.28,4,17
2024,WI,Rating Area 5,514.06,4,16
2024,WI,Rating Area 6,587.87,4,17
2024,WI,Rating Area 7,513.94,5,22
2024,WI,Rating Area 8,540.1,4,18
2024,WI,Rating Area 9,445.83,7,42
2024,WV,Rating Area 1,852.39,2,13
2024,WV,Rating Area 10,860.91,2,13
2024,WV,Rating Area 11,759.48,2,13
2024,WV,Rating Area 2,890.04,2,13
2024,WV,Rating Area 3,890.04,2,13
2024,WV,Rating Area 4,810.62,2,13
2024,WV,Rating Area 5,955.62,2,13
2024,WV,Rating Area 6,768.24,2,13
2024,WV,Rating Area 7,751.81,2,13
2024,WV,Rating Area 8,832.78,2,13
2024,WV,Rating Area 9,866.62,2,13
2024,WY,Rating Area 1,806.63,2,9
2024,WY,Rating Area 2,772.09,2,9
2024,WY,Rating Area 3,829.75,2,9
2025,AK,Rating Area 1,1009.0,2,4
2025,AK,Rating Area 2,1061.0,2,4
2025,AK,Rating Area 3,1033.0,2,4
2025,AL,Rating Area 1,511.52,2,8
2025,AL,Rating Area 10,495.53,3,13
2025,AL,Rating Area 11,519.53,2,8
2025,AL,Rating Area 12,497.42,2,8
2025,AL,Rating Area 13,508.53,3,13
2025,AL,Rating Area 2,522.5,3,13
2025,AL,Rating Area 3,525.65,3,15
2025,AL,Rating Area 4,537.5,3,13
2025,AL,Rating Area 5,520.51,3,13
2025,AL,Rating Area 6,489.54,3,13
2025,AL,Rating Area 7,542.38,3,13
2025,AL,Rating Area 8,517.09,3,13
2025,AL,Rating Area 9,581.72,3,13
2025,AR,Rating Area 1,451.5,6,21
2025,AR,Rating Area 2,451.5,6,21
2025,AR,Rating Area 3,451.5,6,21
2025,AR,Rating Area 4,451.5,6,21
2025,AR,Rating Area 5,451.5,6,21
2025,AR,Rating Area 6,451.5,6,21
2025,AR,Rating Area 7,451.5,6,21
2025,AZ,Rating Area 1,483.06,4,29
2025,AZ,Rating Area 2,668.48,3,10
2025,AZ,Rating Area 3,618.68,4,21
2025,AZ,Rating Area 4,343.83,8,37
2025,AZ,Rating Area 5,368.53,6,33
2025,AZ,Rating Area 6,321.86,7,38
2025,AZ,Rating Area 7,482.62,3,16
2025,DE,Rating Area 1,529.98,4,12
2025,FL,Rating Area 1,558.42,5,33
2025,FL,Rating Area 10,514.99,8,50
2025,FL,Rating Area 11,549.66,7,41
2025,FL,Rating Area 12,600.31,4,28
2025,FL,Rating Area 13,515.45,7,37
2025,FL,Rating Area 14,607.79,3,23
2025,FL,Rating Area 15,470.84,8,49
2025,FL,Rating Area 16,509.04,6,44
2025,FL,Rating Area 17,535.31,7,40
2025,FL,Rating Area 18,489.84,5,27
2025,FL,Rating Area 19,521.53,6,33
2025,FL,Rating Area 2,561.44,5,37
2025,FL,Rating Area 20,582.18,3,23
2025,FL,Rating Area 21,735.47,4,21
2025,FL,Rating Area 22,505.25,4,30
2025,FL,Rating Area 23,878.89,2,15
2025,FL,Rating Area 24,745.05,7,39
2025,FL,Rating Area 25,594.93,6,30
2025,FL,Rating Area 26,508.2,6,43
2025,FL,Rating Area 27,514.68,6,41
2025,FL,Rating Area 28,484.56,10,59
2025,FL,Rating Area 29,490.91,3,20
2025,FL,Rating Area 3,502.8,5,38
2025,FL,Rating Area 30,483.38,7,42
2025,FL,Rating Area 31,587.76,4,25
2025,FL,Rating Area 32,450.55,6,33
2025,FL,Rating Area 33,713.1,3,20
2025,FL,Rating Area 34,503.82,11,64
2025,FL,Rating Area 35,558.4,7,48
2025,FL,Rating Area 36,455.16,7,38
2025,FL,Rating Area 37,573.47,3,23
2025,FL,Rating Area 38,477.24,6,33
2025,FL,Rating Area 39,466.02,6,33
2025,FL,Rating Area 4,555.55,5,32
2025,FL,Rating Area 40,504.59,7,48
2025,FL,Rating Area 41,488.73,8,53
2025,FL,Rating Area 42,548.43,7,45
2025,FL,Rating Area 43,514.51,12,65
2025,FL,Rating Area 44,903.79,2,13
2025,FL,Rating Area 45,595.19,4,28
2025,FL,Rating Area 46,543.26,4,33
2025,FL,Rating Area 47,578.44,4,28
2025,FL,Rating Area 48,521.59,12,67
2025,FL,Rating Area 49,496.66,12,67
2025,FL,Rating Area 5,462.03,9,51
2025,FL,Rating Area 50,526.8,12,64
2025,FL,Rating Area 51,501.21,11,64
2025,FL,Rating Area 52,493.78,8,50
2025,FL,Rating Area 53,505.97,9,57
2025,FL,Rating Area 54,583.0,4,25
2025,FL,Rating Area 55,552.62,6,44
2025,FL,Rating Area 56,486.25,6,42
2025,FL,Rating Area 57,528.4,13,75
2025,FL,Rating Area 58,541.26,6,46
2025,FL,Rating Area 59,560.04,7,40
2025,FL,Rating Area 6,495.48,12,64
2025,FL,Rating Area 60,505.07,4,33
2025,FL,Rating Area 61,596.32,4,28
2025,FL,Rating Area 62,596.73,5,26
2025,FL,Rating Area 63,711.71,4,25
2025,FL,Rating Area 64,495.27,9,51
2025,FL,Rating Area 65,474.39,6,33
2025,FL,Rating Area 66,523.54,3,28
2025,FL,Rating Area 67,645.44,4,25
2025,FL,Rating Area 7,477.03,6,33
2025,FL,Rating Area 8,534.42,5,38
2025,FL,Rating Area 9,522.25,4,33
2025,HI,Rating Area 1,486.47,2,4
2025,IA,Rating Area 1,382.7,4,18
2025,IA,Rating Area 2,408.39,3,13
2025,IA,Rating Area 3,381.05,4,17
2025,IA,Rating Area 4,445.47,5,27
2025,IA,Rating Area 5,392.89,4,18
2025,IA,Rating Area 6,414.1,4,18
2025,IA,Rating Area 7,425.25,4,17
2025,IL,Rating Area 1,390.6,8,37
2025,IL,Rating Area 10,650.49,4,18
2025,IL,Rating Area 11,538.21,5,22
2025,IL,Rating Area 12,432.39,3,13
2025,IL,Rating Area 13,881.36,2,7
2025,IL,Rating Area 2,391.99,7,28
2025,IL,Rating Area 3,391.48,8,34
2025,IL,Rating Area 4,368.38,7,32
2025,IL,Rating Area 5,588.22,3,21
2025,IL,Rating Area 6,561.03,4,17
2025,IL,Rating Area 7,620.69,3,15
2025,IL,Rating Area 8,747.89,2,7
2025,IL,Rating Area 9,763.61,2,7
2025,IN,Rating Area 1,372.03,4,24
2025,IN,Rating Area 10,384.54,6,33
2025,IN,Rating Area 11,375.89,5,28
2025,IN,Rating Area 12,356.92,3,19
2025,IN,Rating Area 13,391.89,6,33
2025,IN,Rating Area 14,378.9,3,19
2025,IN,Rating Area 15,361.91,3,19
2025,IN,Rating Area 16,303.94,3,19
2025,IN,Rating Area 17,379.74,3,19
2025,IN,Rating Area 2,371.89,4,24
2025,IN,Rating Area 3,417.01,4,24
2025,IN,Rating Area 4,415.89,4,24
2025,IN,Rating Area 5,376.93,4,24
2025,IN,Rating Area 6,383.46,4,25
2025,IN,Rating Area 7,372.42,4,24
2025,IN,Rating Area 8,374.84,3,19
2025,IN,Rating Area 9,409.91,3,19
2025,KS,Rating Area 1,468.69,7,28
2025,KS,Rating Area 2,497.56,5,22
2025,KS,Rating Area 3,507.28,5,22
2025,KS,Rating Area 4,544.71,4,18
2025,KS,Rating Area 5,629.19,4,18
2025,KS,Rating Area 6,501.02,3,13
2025,KS,Rating Area 7,522.56,5,22
2025,LA,Rating Area 1,471.14,4,19
2025,LA,Rating Area 2,550.26,2,5
2025,LA,Rating Area 3,546.79,3,12
2025,LA,Rating Area 4,541.98,4,15
2025,LA,Rating Area 5,494.24,4,21
2025,LA,Rating Area 6,599.78,4,15
2025,LA,Rating Area 7,546.41,3,12
2025,LA,Rating Area 8,458.18,5,22
2025,MI,Rating Area 1,353.78,8,45
2025,MI,Rating Area 10,418.47,6,29
2025,MI,Rating Area 11,397.24,6,25
2025,MI,Rating Area 12,397.15,9,39
2025,MI,Rating Area 13,468.5,5,16
2025,MI,Rating Area 14,475.99,4,13
2025,MI,Rating Area 15,369.95,5,18
2025,MI,Rating Area 16,640.97,2,4
2025,MI,Rating Area 2,329.53,8,44
2025,MI,Rating Area 3,400.28,5,21
2025,MI,Rating Area 4,360.55,7,31
2025,MI,Rating Area 5,339.63,9,42
2025,MI,Rating Area 6,403.31,6,21
2025,MI,Rating Area 7,415.44,6,27
2025,MI,Rating Area 8,454.57,5,19
2025,MI,Rating Area 9,469.0,5,24
2025,MO,Rating Area 1,553.67,6,27
2025,MO,Rating Area 10,575.02,3,14
2025,MO,Rating Area 2,637.02,3,14
2025,MO,Rating Area 3,467.05,6,27
2025,MO,Rating Area 4,545.02,6,30
2025,MO,Rating Area 5,577.87,4,17
2025,MO,Rating Area 6,417.02,7,29
2025,MO,Rating Area 7,522.03,4,18
2025,MO,Rating Area 8,498.05,6,25
2025,MO,Rating Area 9,540.08,5,22
2025,MS,Rating Area 1,483.8,5,20
2025,MS,Rating Area 2,477.69,5,20
2025,MS,Rating Area 3,479.8,4,16
2025,MS,Rating Area 4,491.15,5,20
2025,MS,Rating Area 5,485.81,5,20
2025,MS,Rating Area 6,473.45,5,20
2025,MT,Rating Area 1,431.68,3,13
2025,MT,Rating Area 2,550.26,3,12
2025,MT,Rating Area 3,523.3,3,12
2025,MT,Rating Area 4,586.08,3,9
2025,NC,Rating Area 1,551.36,9,40
2025,NC,Rating Area 10,521.65,6,22
2025,NC,Rating Area 11,461.26,8,30
2025,NC,Rating Area 12,634.94,4,14
2025,NC,Rating Area 13,472.78,6,23
2025,NC,Rating Area 14,522.6,4,17
2025,NC,Rating Area 15,549.41,5,22
2025,NC,Rating Area 16,641.29,4,14
2025,NC,Rating Area 2,476.3,7,36
2025,NC,Rating Area 3,481.23,7,35
2025,NC,Rating Area 4,478.01,8,41
2025,NC,Rating Area 5,516.19,6,35
2025,NC,Rating Area 6,426.84,9,48
2025,NC,Rating Area 7,436.8,9,44
2025,NC,Rating Area 8,537.91,4,14
2025,NC,Rating Area 9,475.35,6,24
2025,ND,Rating Area 1,442.39,3,12
2025,ND,Rating Area 2,442.39,3,13
2025,ND,Rating Area 3,517.65,3,10
2025,ND,Rating Area 4,482.75,3,20
2025,NE,Rating Area 1,556.56,5,32
2025,NE,Rating Area 2,580.66,5,32
2025,NE,Rating Area 3,609.37,5,35
2025,NE,Rating Area 4,702.79,5,21
2025,NH,Rating Area 1,317.72,4,16
2025,OH,Rating Area 1,439.49,9,50
2025,OH,Rating Area 10,431.02,7,35
2025,OH,Rating Area 11,401.61,9,48
2025,OH,Rating Area 12,414.24,9,50
2025,OH,Rating Area 13,410.24,8,42
2025,OH,Rating Area 14,465.64,8,39
2025,OH,Rating Area 15,427.12,9,46
2025,OH,Rating Area 16,455.25,9,43
2025,OH,Rating Area 17,437.25,7,35
2025,OH,Rating Area 2,440.4,8,42
2025,OH,Rating Area 3,477.9,8,42
2025,OH,Rating Area 4,406.24,9,46
2025,OH,Rating Area 5,412.24,9,46
2025,OH,Rating Area 6,409.06,9,50
2025,OH,Rating Area 7,506.87,5,26
2025,OH,Rating Area 8,463.24,7,35
2025,OH,Rating Area 9,470.04,9,46
2025,OK,Rating Area 1,561.56,2,6
2025,OK,Rating Area 2,541.9,4,11
2025,OK,Rating Area 3,442.51,7,34
2025,OK,Rating Area 4,457.79,7,27
2025,OK,Rating Area 5,464.78,6,25
2025,OR,Rating Area 1,457.84,6,19
2025,OR,Rating Area 2,507.0,6,16
2025,OR,Rating Area 3,483.0,6,18
2025,OR,Rating Area 4,523.47,5,13
2025,OR,Rating Area 5,467.0,6,18
2025,OR,Rating Area 6,467.0,6,17
2025,OR,Rating Area 7,566.0,5,13
2025,SC,Rating Area 1,405.9,3,17
2025,SC,Rating Area 10,394.8,5,28
2025,SC,Rating Area 11,579.54,4,21
2025,SC,Rating Area 12,490.36,5,24
2025,SC,Rating Area 13,487.28,4,21
2025,SC,Rating Area 14,464.28,4,21
2025,SC,Rating Area 15,457.49,4,21
2025,SC,Rating Area 16,477.53,3,17
2025,SC,Rating Area 17,477.53,5,24
2025,SC,Rating Area 18,452.82,4,24
2025,SC,Rating Area 19,405.9,3,17
2025,SC,Rating Area 2,443.45,3,17
2025,SC,Rating Area 20,472.01,5,24
2025,SC,Rating Area 21,477.53,4,25
2025,SC,Rating Area 22,411.5,5,28
2025,SC,Rating Area 23,489.19,5,28
2025,SC,Rating Area 24,405.9,3,17
2025,SC,Rating Area 25,436.41,4,25
2025,SC,Rating Area 26,413.2,4,24
2025,SC,Rating Area 27,474.07,4,25
2025,SC,Rating Area 28,468.27,5,28
2025,SC,Rating Area 29,487.99,5,24
2025,SC,Rating Area 3,436.42,4,21
2025,SC,Rating Area 30,451.01,5,28
2025,SC,Rating Area 31,468.19,4,21
2025,SC,Rating Area 32,522.7,4,25
2025,SC,Rating Area 33,393.81,3,17
2025,SC,Rating Area 34,464.65,5,28
2025,SC,Rating Area 35,490.36,4,21
2025,SC,Rating Area 36,480.72,4,21
2025,SC,Rating Area 37,464.43,2,17
2025,SC,Rating Area 38,443.45,4,25
2025,SC,Rating Area 39,496.96,4,24
2025,SC,Rating Area 4,517.63,4,20
2025,SC,Rating Area 40,473.14,5,28
2025,SC,Rating Area 41,474.28,4,21
2025,SC,Rating Area 42,527.39,5,25
2025,SC,Rating Area 43,443.45,3,21
2025,SC,Rating Area 44,564.31,4,21
2025,SC,Rating Area 45,458.18,4,25
2025,SC,Rating Area 46,509.82,5,25
2025,SC,Rating Area 5,441.74,4,21
2025,SC,Rating Area 6,443.45,4,21
2025,SC,Rating Area 7,488.24,4,25
2025,SC,Rating Area 8,457.49,4,24
2025,SC,Rating Area 9,443.45,5,24
2025,SD,Rating Area 1,734.97,3,8
2025,SD,Rating Area 2,469.14,3,14
2025,SD,Rating Area 3,492.43,3,14
2025,SD,Rating Area 4,636.14,2,6
2025,TN,Rating Area 1,509.03,3,15
2025,TN,Rating Area 2,465.07,4,20
2025,TN,Rating Area 3,498.33,5,23
2025,TN,Rating Area 4,547.74,5,23
2025,TN,Rating Area 5,498.27,4,20
2025,TN,Rating Area 6,481.67,5,23
2025,TN,Rating Area 7,558.2,3,15
2025,TN,Rating Area 8,581.06,4,21
2025,TX,Rating Area 1,609.16,3,14
2025,TX,Rating Area 10,427.45,11,52
2025,TX,Rating Area 11,527.24,4,19
2025,TX,Rating Area 12,465.98,6,28
2025,TX,Rating Area 13,460.34,4,21
2025,TX,Rating Area 14,574.93,5,24
2025,TX,Rating Area 15,447.38,7,33
2025,TX,Rating Area 16,440.83,5,24
2025,TX,Rating Area 17,605.52,4,19
2025,TX,Rating Area 18,468.46,12,59
2025,TX,Rating Area 19,562.32,5,23
2025,TX,Rating Area 2,517.16,4,19
2025,TX,Rating Area 20,556.39,4,21
2025,TX,Rating Area 21,493.25,4,21
2025,TX,Rating Area 22,537.96,4,21
2025,TX,Rating Area 23,480.99,3,15
2025,TX,Rating Area 24,516.64,5,22
2025,TX,Rating Area 25,496.74,11,49
2025,TX,Rating Area 26,455.86,9,48
2025,TX,Rating Area 27,469.36,9,48
2025,TX,Rating Area 3,522.87,12,59
2025,TX,Rating Area 4,461.08,8,38
2025,TX,Rating Area 5,432.88,7,33
2025,TX,Rating Area 6,495.75,5,22
2025,TX,Rating Area 7,542.49,4,22
2025,TX,Rating Area 8,476.92,11,54
2025,TX,Rating Area 9,467.04,10,49
2025,UT,Rating Area 1,641.19,5,13
2025,UT,Rating Area 2,515.03,6,20
2025,UT,Rating Area 3,490.51,7,25
2025,UT,Rating Area 4,505.22,7,23
2025,UT,Rating Area 5,694.39,3,8
2025,UT,Rating Area 6,703.43,4,8
2025,WI,Rating Area 1,457.33,7,33
2025,WI,Rating Area 10,517.19,5,18
2025,WI,Rating Area 11,435.27,11,54
2025,WI,Rating Area 12,442.84,8,36
2025,WI,Rating Area 13,507.4,6,26
2025,WI,Rating Area 14,459.52,9,43
2025,WI,Rating Area 15,498.02,8,34
2025,WI,Rating Area 16,475.64,10,44
2025,WI,Rating Area 2,428.94,4,21
2025,WI,Rating Area 3,542.29,3,12
2025,WI,Rating Area 4,612.65,4,16
2025,WI,Rating Area 5,539.07,4,16
2025,WI,Rating Area 6,579.23,4,22
2025,WI,Rating Area 7,561.92,5,24
2025,WI,Rating Area 8,561.21,4,19
2025,WI,Rating Area 9,458.35,7,33
2025,WV,Rating Area 1,926.41,2,13
2025,WV,Rating Area 10,980.05,2,13
2025,WV,Rating Area 11,877.65,2,13
2025,WV,Rating Area 2,926.41,2,13
2025,WV,Rating Area 3,926.41,2,13
2025,WV,Rating Area 4,926.41,2,13
2025,WV,Rating Area 5,994.67,2,13
2025,WV,Rating Area 6,799.64,2,13
2025,WV,Rating Area 7,799.64,2,13
2025,WV,Rating Area 8,902.03,2,13
2025,WV,Rating Area 9,902.03,2,13
2025,WY,Rating Area 1,844.83,3,11
2025,WY,Rating Area 2,808.65,3,11
2025,WY,Rating Area 3,869.04,3,11
2026,AK,Rating Area 1,1010.0,2,4
2026,AK,Rating Area 2,1035.5,2,4
2026,AK,Rating Area 3,984.24,2,4
2026,AL,Rating Area 1,595.37,2,10
2026,AL,Rating Area 10,632.79,3,16
2026,AL,Rating Area 11,619.54,2,11
2026,AL,Rating Area 12,583.09,2,10
2026,AL,Rating Area 13,633.72,3,16
2026,AL,Rating Area 2,669.23,3,16
2026,AL,Rating Area 3,625.08,4,21
2026,AL,Rating Area 4,669.23,3,16
2026,AL,Rating Area 5,639.41,3,16
2026,AL,Rating Area 6,612.91,3,16
2026,AL,Rating Area 7,639.41,3,16
2026,AL,Rating Area 8,609.6,3,16
2026,AL,Rating Area 9,665.92,4,19
2026,AR,Rating Area 1,752.74,6,17
2026,AR,Rating Area 2,752.74,6,17
2026,AR,Rating Area 3,752.74,6,17
2026,AR,Rating Area 4,752.74,6,17
2026,AR,Rating Area 5,752.74,6,17
2026,AR,Rating Area 6,752.74,6,17
2026,AR,Rating Area 7,752.74,6,17
2026,AZ,Rating Area 1,651.86,4,22
2026,AZ,Rating Area 2,852.94,3,8
2026,AZ,Rating Area 3,900.57,3,13
2026,AZ,Rating Area 4,471.85,7,30
2026,AZ,Rating Area 5,498.84,6,31
2026,AZ,Rating Area 6,437.75,7,34
2026,AZ,Rating Area 7,654.41,3,9
2026,DE,Rating Area 1,685.23,3,10
2026,FL,Rating Area 1,693.99,5,38
2026,FL,Rating Area 10,704.26,7,51
2026,FL,Rating Area 11,729.27,7,45
2026,FL,Rating Area 12,746.95,4,36
2026,FL,Rating Area 13,667.81,6,34
2026,FL,Rating Area 14,759.01,3,26
2026,FL,Rating Area 15,638.97,7,50
2026,FL,Rating Area 16,640.54,5,45
2026,FL,Rating Area 17,693.46,6,39
2026,FL,Rating Area 18,612.66,4,26
2026,FL,Rating Area 19,636.85,5,33
2026,FL,Rating Area 2,659.87,5,41
2026,FL,Rating Area 20,744.69,3,26
2026,FL,Rating Area 21,813.34,3,17
2026,FL,Rating Area 22,641.09,3,28
2026,FL,Rating Area 23,1184.76,2,15
2026,FL,Rating Area 24,830.88,6,44
2026,FL,Rating Area 25,771.32,5,27
2026,FL,Rating Area 26,650.2,4,38
2026,FL,Rating Area 27,629.72,4,35
2026,FL,Rating Area 28,645.22,9,62
2026,FL,Rating Area 29,617.46,3,23
2026,FL,Rating Area 3,639.86,4,38
2026,FL,Rating Area 30,554.22,7,43
2026,FL,Rating Area 31,724.41,3,23
2026,FL,Rating Area 32,585.12,5,33
2026,FL,Rating Area 33,929.27,3,23
2026,FL,Rating Area 34,627.32,11,69
2026,FL,Rating Area 35,712.73,6,47
2026,FL,Rating Area 36,599.37,6,40
2026,FL,Rating Area 37,725.85,3,26
2026,FL,Rating Area 38,625.4,5,33
2026,FL,Rating Area 39,611.91,5,33
2026,FL,Rating Area 4,653.84,5,36
2026,FL,Rating Area 40,661.17,6,49
2026,FL,Rating Area 41,655.55,8,60
2026,FL,Rating Area 42,704.94,7,48
2026,FL,Rating Area 43,681.98,12,72
2026,FL,Rating Area 44,1272.01,1,8
2026,FL,Rating Area 45,780.59,4,31
2026,FL,Rating Area 46,669.18,4,38
2026,FL,Rating Area 47,727.35,3,26
2026,FL,Rating Area 48,675.76,12,73
2026,FL,Rating Area 49,654.73,11,68
2026,FL,Rating Area 5,560.18,8,50
2026,FL,Rating Area 50,674.23,12,70
2026,FL,Rating Area 51,659.34,9,62
2026,FL,Rating Area 52,640.75,7,52
2026,FL,Rating Area 53,646.99,7,55
2026,FL,Rating Area 54,720.3,3,23
2026,FL,Rating Area 55,737.49,5,45
2026,FL,Rating Area 56,673.16,5,42
2026,FL,Rating Area 57,692.85,12,76
2026,FL,Rating Area 58,654.04,6,51
2026,FL,Rating Area 59,783.03,7,43
2026,FL,Rating Area 6,677.06,13,75
2026,FL,Rating Area 60,603.27,3,31
2026,FL,Rating Area 61,743.25,4,31
2026,FL,Rating Area 62,819.85,4,26
2026,FL,Rating Area 63,890.42,4,28
2026,FL,Rating Area 64,680.95,8,50
2026,FL,Rating Area 65,591.49,5,33
2026,FL,Rating Area 66,665.55,4,38
2026,FL,Rating Area 67,842.66,3,23
2026,FL,Rating Area 7,598.41,5,33
2026,FL,Rating Area 8,658.63,4,39
2026,FL,Rating Area 9,658.36,4,38
2026,HI,Rating Area 1,532.95,2,4
2026,IA,Rating Area 1,459.22,4,24
2026,IA,Rating Area 2,457.83,4,21
2026,IA,Rating Area 3,451.56,5,28
2026,IA,Rating Area 4,500.96,5,33
2026,IA,Rating Area 5,490.46,4,24
2026,IA,Rating Area 6,476.17,4,24
2026,IA,Rating Area 7,483.56,5,28
2026,IN,Rating Area 1,492.32,3,18
2026,IN,Rating Area 10,469.04,5,27
2026,IN,Rating Area 11,457.31,5,27
2026,IN,Rating Area 12,474.02,3,18
2026,IN,Rating Area 13,474.36,5,27
2026,IN,Rating Area 14,464.8,3,18
2026,IN,Rating Area 15,440.02,4,21
2026,IN,Rating Area 16,481.94,2,13
2026,IN,Rating Area 17,463.2,4,21
2026,IN,Rating Area 2,452.37,3,18
2026,IN,Rating Area 3,508.66,3,18
2026,IN,Rating Area 4,506.05,3,18
2026,IN,Rating Area 5,459.77,3,18
2026,IN,Rating Area 6,493.49,4,21
2026,IN,Rating Area 7,454.27,3,18
2026,IN,Rating Area 8,457.2,3,18
2026,IN,Rating Area 9,497.26,3,18
2026,KS,Rating Area 1,570.61,6,19
2026,KS,Rating Area 2,565.02,4,13
2026,KS,Rating Area 3,609.77,4,13
2026,KS,Rating Area 4,746.38,2,7
2026,KS,Rating Area 5,739.4,2,7
2026,KS,Rating Area 6,696.43,2,7
2026,KS,Rating Area 7,587.53,3,8
2026,LA,Rating Area 1,582.17,4,18
2026,LA,Rating Area 2,711.13,3,10
2026,LA,Rating Area 3,706.64,3,12
2026,LA,Rating Area 4,653.56,4,12
2026,LA,Rating Area 5,611.59,5,23
2026,LA,Rating Area 6,705.54,4,13
2026,LA,Rating Area 7,706.15,3,12
2026,LA,Rating Area 8,542.04,5,21
2026,MI,Rating Area 1,507.63,5,25
2026,MI,Rating Area 10,446.37,6,27
2026,MI,Rating Area 11,470.55,5,22
2026,MI,Rating Area 12,471.29,7,30
2026,MI,Rating Area 13,681.29,4,13
2026,MI,Rating Area 14,546.01,4,16
2026,MI,Rating Area 15,445.42,5,16
2026,MI,Rating Area 16,769.09,2,4
2026,MI,Rating Area 2,502.68,5,24
2026,MI,Rating Area 3,429.35,5,19
2026,MI,Rating Area 4,485.12,5,22
2026,MI,Rating Area 5,384.98,6,24
2026,MI,Rating Area 6,437.86,5,16
2026,MI,Rating Area 7,444.69,6,27
2026,MI,Rating Area 8,583.59,4,16
2026,MI,Rating Area 9,505.01,6,27
2026,MO,Rating Area 1,639.89,5,21
2026,MO,Rating Area 10,747.39,3,13
2026,MO,Rating Area 2,779.74,3,13
2026,MO,Rating Area 3,571.78,5,22
2026,MO,Rating Area 4,651.42,5,24
2026,MO,Rating Area 5,715.04,4,16
2026,MO,Rating Area 6,523.28,6,24
2026,MO,Rating Area 7,644.61,4,16
2026,MO,Rating Area 8,627.23,5,19
2026,MO,Rating Area 9,669.98,4,16
2026,MS,Rating Area 1,598.14,5,16
2026,MS,Rating Area 2,640.11,5,16
2026,MS,Rating Area 3,633.98,5,16
2026,MS,Rating Area 4,660.69,4,13
2026,MS,Rating Area 5,654.98,4,13
2026,MS,Rating Area 6,629.93,5,16
2026,MT,Rating Area 1,550.61,3,13
2026,MT,Rating Area 2,739.35,3,12
2026,MT,Rating Area 3,655.91,3,12
2026,MT,Rating Area 4,708.14,3,9
2026,NC,Rating Area 1,702.19,6,27
2026,NC,Rating Area 10,640.59,4,17
2026,NC,Rating Area 11,602.9,6,23
2026,NC,Rating Area 12,825.51,2,10
2026,NC,Rating Area 13,584.3,4,16
2026,NC,Rating Area 14,674.59,2,13
2026,NC,Rating Area 15,685.6,4,23
2026,NC,Rating Area 16,833.68,2,10
2026,NC,Rating Area 2,595.59,4,22
2026,NC,Rating Area 3,674.43,4,24
2026,NC,Rating Area 4,575.12,5,30
2026,NC,Rating Area 5,620.8,4,27
2026,NC,Rating Area 6,540.11,6,36
2026,NC,Rating Area 7,542.49,6,30
2026,NC,Rating Area 8,757.83,3,15
2026,NC,Rating Area 9,648.86,4,20
2026,ND,Rating Area 1,438.56,3,12
2026,ND,Rating Area 2,447.17,3,13
2026,ND,Rating Area 3,594.57,3,10
2026,ND,Rating Area 4,511.89,3,20
2026,NE,Rating Area 1,640.1,5,34
2026,NE,Rating Area 2,681.38,5,38
2026,NE,Rating Area 3,755.28,5,40
2026,NE,Rating Area 4,826.11,5,20
2026,NH,Rating Area 1,388.0,4,16
2026,OH,Rating Area 1,515.22,8,41
2026,OH,Rating Area 10,536.44,7,40
2026,OH,Rating Area 11,489.29,9,45
2026,OH,Rating Area 12,492.37,8,46
2026,OH,Rating Area 13,506.09,7,39
2026,OH,Rating Area 14,539.63,7,40
2026,OH,Rating Area 15,504.02,8,46
2026,OH,Rating Area 16,519.24,8,47
2026,OH,Rating Area 17,536.55,7,40
2026,OH,Rating Area 2,538.07,7,39
2026,OH,Rating Area 3,525.61,8,46
2026,OH,Rating Area 4,481.93,8,46
2026,OH,Rating Area 5,495.15,8,46
2026,OH,Rating Area 6,497.43,7,39
2026,OH,Rating Area 7,591.95,4,24
2026,OH,Rating Area 8,546.73,6,35
2026,OH,Rating Area 9,527.69,8,46
2026,OK,Rating Area 1,675.54,2,12
2026,OK,Rating Area 2,656.06,4,17
2026,OK,Rating Area 3,561.23,7,41
2026,OK,Rating Area 4,562.75,7,38
2026,OK,Rating Area 5,568.33,7,39
2026,OR,Rating Area 1,505.35,6,19
2026,OR,Rating Area 2,562.0,6,16
2026,OR,Rating Area 3,522.45,6,18
2026,OR,Rating Area 4,551.39,5,13
2026,OR,Rating Area 5,518.0,6,18
2026,OR,Rating Area 6,518.0,6,17
2026,OR,Rating Area 7,591.0,5,13
2026,SC,Rating Area 1,455.77,3,16
2026,SC,Rating Area 10,506.07,4,23
2026,SC,Rating Area 11,640.74,5,25
2026,SC,Rating Area 12,589.71,5,25
2026,SC,Rating Area 13,557.55,4,20
2026,SC,Rating Area 14,582.06,4,22
2026,SC,Rating Area 15,566.81,4,22
2026,SC,Rating Area 16,529.26,4,20
2026,SC,Rating Area 17,552.54,4,19
2026,SC,Rating Area 18,564.27,4,23
2026,SC,Rating Area 19,498.33,3,16
2026,SC,Rating Area 2,530.96,3,16
2026,SC,Rating Area 20,530.3,5,25
2026,SC,Rating Area 21,542.25,4,24
2026,SC,Rating Area 22,497.45,3,18
2026,SC,Rating Area 23,590.23,3,18
2026,SC,Rating Area 24,494.45,3,16
2026,SC,Rating Area 25,555.1,4,26
2026,SC,Rating Area 26,496.87,3,18
2026,SC,Rating Area 27,540.4,3,20
2026,SC,Rating Area 28,517.96,5,29
2026,SC,Rating Area 29,601.04,5,25
2026,SC,Rating Area 3,553.21,4,22
2026,SC,Rating Area 30,581.72,4,24
2026,SC,Rating Area 31,530.49,4,22
2026,SC,Rating Area 32,591.64,3,20
2026,SC,Rating Area 33,496.79,3,16
2026,SC,Rating Area 34,545.48,4,23
2026,SC,Rating Area 35,584.13,4,22
2026,SC,Rating Area 36,545.97,4,22
2026,SC,Rating Area 37,549.68,2,15
2026,SC,Rating Area 38,528.38,2,15
2026,SC,Rating Area 39,583.81,3,18
2026,SC,Rating Area 4,661.68,3,14
2026,SC,Rating Area 40,569.35,4,23
2026,SC,Rating Area 41,564.5,4,22
2026,SC,Rating Area 42,640.74,4,18
2026,SC,Rating Area 43,536.94,3,20
2026,SC,Rating Area 44,640.74,5,25
2026,SC,Rating Area 45,515.12,4,26
2026,SC,Rating Area 46,612.7,4,20
2026,SC,Rating Area 5,497.59,3,16
2026,SC,Rating Area 6,512.41,3,16
2026,SC,Rating Area 7,578.37,3,20
2026,SC,Rating Area 8,552.83,4,23
2026,SC,Rating Area 9,550.74,5,25
2026,SD,Rating Area 1,760.94,3,9
2026,SD,Rating Area 2,511.88,3,16
2026,SD,Rating Area 3,527.85,3,16
2026,SD,Rating Area 4,532.42,2,11
2026,TN,Rating Area 1,678.26,4,17
2026,TN,Rating Area 2,668.66,4,17
2026,TN,Rating Area 3,697.87,5,20
2026,TN,Rating Area 4,750.75,5,24
2026,TN,Rating Area 5,700.74,5,24
2026,TN,Rating Area 6,646.11,5,24
2026,TN,Rating Area 7,776.4,3,13
2026,TN,Rating Area 8,779.04,4,20
2026,TX,Rating Area 1,893.55,3,15
2026,TX,Rating Area 10,586.21,9,46
2026,TX,Rating Area 11,730.73,4,20
2026,TX,Rating Area 12,648.73,4,20
2026,TX,Rating Area 13,617.26,4,22
2026,TX,Rating Area 14,779.08,5,24
2026,TX,Rating Area 15,578.51,6,32
2026,TX,Rating Area 16,644.93,4,20
2026,TX,Rating Area 17,920.02,4,20
2026,TX,Rating Area 18,616.33,10,51
2026,TX,Rating Area 19,731.49,5,25
2026,TX,Rating Area 2,769.87,4,20
2026,TX,Rating Area 20,705.37,4,20
2026,TX,Rating Area 21,652.85,4,22
2026,TX,Rating Area 22,705.6,4,20
2026,TX,Rating Area 23,720.67,3,16
2026,TX,Rating Area 24,563.29,5,23
2026,TX,Rating Area 25,688.47,10,52
2026,TX,Rating Area 26,647.14,7,44
2026,TX,Rating Area 27,652.92,8,45
2026,TX,Rating Area 3,607.9,12,53
2026,TX,Rating Area 4,625.26,7,35
2026,TX,Rating Area 5,539.67,6,32
2026,TX,Rating Area 6,660.34,5,23
2026,TX,Rating Area 7,656.4,4,23
2026,TX,Rating Area 8,667.44,10,52
2026,TX,Rating Area 9,592.6,8,43
2026,UT,Rating Area 1,768.25,3,5
2026,UT,Rating Area 2,587.28,4,12
2026,UT,Rating Area 3,559.31,5,16
2026,UT,Rating Area 4,576.09,5,14
2026,UT,Rating Area 5,884.78,3,9
2026,UT,Rating Area 6,798.02,4,7
2026,WI,Rating Area 1,641.59,3,11
2026,WI,Rating Area 10,623.29,4,16
2026,WI,Rating Area 11,525.67,8,36
2026,WI,Rating Area 12,575.25,5,20
2026,WI,Rating Area 13,563.7,4,19
2026,WI,Rating Area 14,543.07,7,33
2026,WI,Rating Area 15,560.39,6,25
2026,WI,Rating Area 16,541.05,7,33
2026,WI,Rating Area 2,542.69,3,15
2026,WI,Rating Area 3,602.42,3,12
2026,WI,Rating Area 4,730.59,4,18
2026,WI,Rating Area 5,655.91,4,18
2026,WI,Rating Area 6,637.16,4,24
2026,WI,Rating Area 7,643.43,4,15
2026,WI,Rating Area 8,672.53,4,22
2026,WI,Rating Area 9,630.51,3,11
2026,WV,Rating Area 1,1055.63,2,13
2026,WV,Rating Area 10,1116.74,2,13
2026,WV,Rating Area 11,1000.06,2,13
2026,WV,Rating Area 2,1055.63,2,13
2026,WV,Rating Area 3,1055.63,2,13
2026,WV,Rating Area 4,1055.63,2,13
2026,WV,Rating Area 5,1133.41,2,13
2026,WV,Rating Area 6,911.18,2,13
2026,WV,Rating Area 7,911.18,2,13
2026,WV,Rating Area 8,1027.84,2,13
2026,WV,Rating Area 9,1027.84,2,13
2026,WY,Rating Area 1,1072.19,2,9
2026,WY,Rating Area 2,1026.28,2,9
2026,WY,Rating Area 3,1102.93,2,9
